question_id,sample_id,participant_id,video_id,video_paths,video_file_paths,has_uploaded_sample_video,annotation_task_type,task_type,cognitive_level,question,option_a,option_b,option_c,option_d,correct_option,evidence_temporal,evidence_spatial,reasoning_chain,annotator_id,created_at,qc_status,annotation_source
egomonth_qa_000001,001,001,001_0001,001/001_0001.mp4,videos/001/001_0001.mp4,false,event_counting,Event Counting,Level 3: Cascading Reasoning,<001_0001.mp4>How many buses did the user board in total,A.1,B.2,C.3,D.4,B,"ev_03,ev_05",,The user boarded two buses in total,worker_05,2025-12-6,accepted,global_json_list
egomonth_qa_000002,001,001,001_0001,001/001_0001.mp4,videos/001/001_0001.mp4,false,detail_retrieval,Detail Retrieval,Level 2: Episodic Indexing,<001_0001.mp4>How many floors does the user live on in total,A.7,B.8,C.10,D.11,D,ev_02,,There are a total of 11 floors where the user resides,worker_05,2025-12-6,accepted,global_json_list
egomonth_qa_000003,001,001,001_0002,001/001_0002.mp4,videos/001/001_0002.mp4,false,object_location,Object Location,Level 2: Episodic Indexing,<001_0002.mp4>Where is the TV located in the TV cabinet,A.Above,B.below,C.left,D.right,A,ev_08,,The TV is on top of the TV cabinet,worker_05,2025-12-6,accepted,global_json_list
egomonth_qa_000004,001,001,001_0002,001/001_0002.mp4,videos/001/001_0002.mp4,false,object_location,Object Location,Level 2: Episodic Indexing,<001_0002.mp4>Where is the coffee table on the TV,A.Above,B.below,C.left,D.front,D,ev_08,,The coffee table is in front of the TV,worker_05,2025-12-6,accepted,global_json_list
egomonth_qa_000005,001,001,001_0002,001/001_0002.mp4,videos/001/001_0002.mp4,false,object_location,Object Location,Level 2: Episodic Indexing,<001_0002.mp4>Where is the coffee table on the sofa,A.Above,B.below,C.left,D.front,D,ev_08,,The coffee table is in front of the sofa,worker_05,2025-12-6,accepted,global_json_list
egomonth_qa_000006,001,001,001_0002,001/001_0002.mp4,videos/001/001_0002.mp4,false,object_location,Object Location,Level 2: Episodic Indexing,<001_0002.mp4>Where is the wine cabinet located on the coffee table,A.Above,B.below,C.left,D.right side,D,ev_08,,The wine cabinet is on the right side of the coffee table,worker_05,2025-12-6,accepted,global_json_list
egomonth_qa_000007,001,001,001_0002,001/001_0002.mp4,videos/001/001_0002.mp4,false,detail_retrieval,Detail Retrieval,Level 2: Episodic Indexing,<001_0002.mp4>What fruits did the user eat,A.Bananas,B.apples,C.oranges,D.watermelons,A,ev_11,,,worker_05,2025-12-6,accepted,global_json_list
egomonth_qa_000008,001,001,001_0002,001/001_0002.mp4,videos/001/001_0002.mp4,false,self_localization,Self-Localization,Level 2: Episodic Indexing,<001_0002.mp4>Where is the user at 13:14 in the video,A.living room,B.bedroom,C.bathroom,D.dining room,A,ev_12,,The user is in the living room at 13:14 in the video,worker_05,2025-12-6,accepted,global_json_list
egomonth_qa_000009,001,001,001_0003,001/001_0003.mp4,videos/001/001_0003.mp4,false,cross_view_spatial_reasoning,Cross-View Spatial Reasoning,Level 3: Cascading Reasoning,<001_0003.mp4>Which room does the user need to pass through from the bedroom to the living room,A.living room,B.bedroom,C.bathroom,D.dining room,C,ev_16,,Users need to pass through the bathroom from the bedroom to the living room,worker_05,2025-12-6,accepted,global_json_list
egomonth_qa_000010,001,001,001_0004,001/001_0004.mp4,videos/001/001_0004.mp4,false,detail_retrieval,Detail Retrieval,Level 2: Episodic Indexing,<001_0004.mp4> What color are the words on the light sign,A.black,B.pink,C.green,D.yellow,C,ev_04,,04:18The words on the light sign are green,worker_05,2025-12-6,accepted,global_json_list
egomonth_qa_000011,001,001,001_0006,001/001_0006.mp4,videos/001/001_0006.mp4,false,event_time,Event Time,Level 2: Episodic Indexing,<001_0006.mp4> Which segment of the video does the user work in the company,A.02:52-08:10,B.09:10-10:55,C.12:25-15:50,D.none,D,"ev_25,ev_26,ev_27,ev_28,ev_29,ev_30,ev_31,",,The user in the video is not working at the company,worker_05,2025-12-6,accepted,global_json_list
egomonth_qa_000012,001,001,001_0007,001/001_0007.mp4,videos/001/001_0007.mp4,false,procedure_planning,Procedure Planning,Level 3: Cascading Reasoning,<001_0007.mp4>What is the order in which users go to the three supermarkets ,A.supermarket_01->supermarket_02->supermarket_03,B.supermarket_02->supermarket_01->supermarket_03,C.supermarket_03->supermarket_02->supermarket_01,D.None,A,"ev_34,ev_37,ev_39,",,"The user first went to Supermarket 1, then to Supermarket 2, and finally to Supermarket 3",worker_05,2025-12-6,accepted,global_json_list
egomonth_qa_000013,001,001,001_0008,001/001_0008.mp4,videos/001/001_0008.mp4,false,detail_retrieval,Detail Retrieval,Level 2: Episodic Indexing,<001_0008.mp4>What are users doing with their laptops,A.watch short videos,B.Create PPT,C.play games,D.listen to music,B,ev_41,,Users make PPT on laptops,worker_05,2025-12-6,accepted,global_json_list
egomonth_qa_000014,001,001,001_0009,001/001_0009.mp4,videos/001/001_0009.mp4,false,direction_judgement,Direction Judgment,Level 3: Cascading Reasoning,<001_0009.mp4>Do users need to turn left or right at the school entrance when they arrive at the takeaway cabinet,A.turn left,B.turn right,C.None,D.None,B,ev_44,,Turn right at the school gate to reach the takeaway cabinet,worker_05,2025-12-6,accepted,global_json_list
egomonth_qa_000015,001,001,001_0010,001/001_0010.mp4,videos/001/001_0010.mp4,false,detail_retrieval,Detail Retrieval,Level 2: Episodic Indexing,<001_0010.mp4>Is the user leaving the library during the day or at night,A.Day,B.night,C.None,D.None,B,ev_48,,The user left the library at night,worker_05,2025-12-6,accepted,global_json_list
egomonth_qa_000016,001,001,001_0011,001/001_0011.mp4,videos/001/001_0011.mp4,false,object_location,Object Location,Level 2: Episodic Indexing,<001_0011.mp4>Where is the laptop placed when the user is learning,A.On the table,B.on the bed,C.on the ground,D.in the hands,B,ev_49,,Users are learning in bed,worker_05,2025-12-6,accepted,global_json_list
egomonth_qa_000017,001,001,001_0012,001/001_0012.mp4,videos/001/001_0012.mp4,false,object_counting_global,Object Counting,Level 3: Cascading Reasoning,<001_0012.mp4>How many rooms are the user active in total,A.6,B.5,C.4,D.3,D,ev_53,,The user is active in a total of 3 rooms,worker_05,2025-12-6,accepted,global_json_list
egomonth_qa_000018,001,001,001_0013,001/001_0013.mp4,videos/001/001_0013.mp4,false,detail_retrieval,Detail Retrieval,Level 2: Episodic Indexing,<001_0013.mp4>Which talk show is the user watching,A.Xiaoguo comedy,B.Laughing comedy,C.Xifan Comedy,D.Mars comedy,C,ev_58,,"The user is watching a comedy show called Xifan, and while waiting for the show, there is a Xifan comedy label on stage",worker_05,2025-12-6,accepted,global_json_list
egomonth_qa_000019,001,001,"001_0015,001_0017,001_0018,001_0026,001_0029",001/001_0015.mp4|001/001_0017.mp4|001/001_0018.mp4|001/001_0026.mp4|001/001_0029.mp4,videos/001/001_0015.mp4|videos/001/001_0017.mp4|videos/001/001_0018.mp4|videos/001/001_0026.mp4|videos/001/001_0029.mp4,false,habit_inference,Habit Inference,Level 1: Schema Consolidation,<001_0015.mp4><001_0017.mp4><001_0018.mp4><001_0026.mp4><001_0029.mp4>What are the habits of users when studying in the library,A.Using electronic devices,B.drink water,C.speak,D.Get up and walk back and forth,A,"ev_64,ev_72,ev_73,ev_86,ev_91",,Users use electronic devices every time they study in the library,worker_05,2025-12-6,accepted,global_json_list
egomonth_qa_000020,001,001,"001_0021,001_0024,001_0028,001_0030,001_0037",001/001_0021.mp4|001/001_0024.mp4|001/001_0028.mp4|001/001_0030.mp4|001/001_0037.mp4,videos/001/001_0021.mp4|videos/001/001_0024.mp4|videos/001/001_0028.mp4|videos/001/001_0030.mp4|videos/001/001_0037.mp4,false,habit_inference,Habit Inference,Level 1: Schema Consolidation,<001_0021.mp4><001_0024.mp4><001_0028.mp4><001_0030.mp4><001_0037.mp4>How do users go to the teaching building every day,A.Bicycle,B.electric bike,C.car,D.walk,D,"ev_78,ev_83,ev_88,ev_92,ev_108",,Users walk to the teaching building every day,worker_05,2025-12-6,accepted,global_json_list
egomonth_qa_000021,001,001,001_0020,001/001_0020.mp4,videos/001/001_0020.mp4,false,procedure_planning,Procedure Planning,Level 3: Cascading Reasoning,<001_0020.mp4>What is the order in which users make purchases,A.Enter the snack shop->buy snacks->checkout-> exit the snack shop,B.buy snacks->Enter the snack shop->checkout-> exit the snack shop,C.checkout->Enter the snack shop->buy snacks-> exit the snack shop,D.exit the snack shop->Enter the snack shop->buy snacks->checkout,A,"ev_76,ev_77",,"Enter the snack shop, buy snacks, checkout, and exit the snack shop",worker_05,2025-12-6,accepted,global_json_list
egomonth_qa_000022,001,001,001_0021,001/001_0021.mp4,videos/001/001_0021.mp4,false,event_counting,Event Counting,Level 3: Cascading Reasoning,<001_0021.mp4>How many times do users have to climb the stairs on their way to the teaching building,A.1,B.2,C.3,D.4,C,"ev_78,ev_79",,The user has to climb the stairs three times on their way to the teaching building,worker_05,2025-12-6,accepted,global_json_list
egomonth_qa_000023,001,001,001_0024,001/001_0024.mp4,videos/001/001_0024.mp4,false,direction_judgement,Direction Judgment,Level 3: Cascading Reasoning,<001_0024.mp4>Do users turn left or right after getting off the pedestrian bridge on their way to the teaching building,A.turn left,B.turn right,C.None,D.None,A,ev_83,,"After getting off the pedestrian bridge on the way to the teaching building, the user turns left",worker_05,2025-12-6,accepted,global_json_list
egomonth_qa_000024,001,001,"001_0021,001_0024,001_0028,001_0030,001_0037",001/001_0021.mp4|001/001_0024.mp4|001/001_0028.mp4|001/001_0030.mp4|001/001_0037.mp4,videos/001/001_0021.mp4|videos/001/001_0024.mp4|videos/001/001_0028.mp4|videos/001/001_0030.mp4|videos/001/001_0037.mp4,false,habit_inference,Habit Inference,Level 1: Schema Consolidation,<001_0021.mp4><001_0024.mp4><001_0028.mp4><001_0030.mp4><001_0037.mp4>Do users have the habit of buying breakfast,A.have,B.have not,C.None,D.None,B,"ev_78,ev_83,ev_88,ev_92,ev_108",,,worker_05,2025-12-6,accepted,global_json_list
egomonth_qa_000025,001,001,001_0025,001/001_0025.mp4,videos/001/001_0025.mp4,false,detail_retrieval,Detail Retrieval,Level 2: Episodic Indexing,<001_0025.mp4>How many intersections did the user pass through on their way back to school,A.1,B.2,C.3,D.4,A,ev_85,,The user passed through one intersection on their way back to school,worker_05,2025-12-6,accepted,global_json_list
egomonth_qa_000026,001,001,001_0027,001/001_0027.mp4,videos/001/001_0027.mp4,false,detail_retrieval,Detail Retrieval,Level 2: Episodic Indexing,<001_0027.mp4>A snack shop visited by a user and a few people,A.1,B.2,C.3,D.4,A,ev_87,,Snack shop visited by user and one person,worker_05,2025-12-6,accepted,global_json_list
egomonth_qa_000027,001,001,"001_0010,001_0015,001_0017,001_0018,001_0026",001/001_0010.mp4|001/001_0015.mp4|001/001_0017.mp4|001/001_0018.mp4|001/001_0026.mp4,videos/001/001_0010.mp4|videos/001/001_0015.mp4|videos/001/001_0017.mp4|videos/001/001_0018.mp4|videos/001/001_0026.mp4,false,habit_inference,Habit Inference,Level 1: Schema Consolidation,<001_0010.mp4><001_0015.mp4><001_0017.mp4><001_0018.mp4><001_0026.mp4>During which time period do users usually study in the library,A.Morning,B.noon,C.afternoon,D.evening,D,"ev_46,ev_64,ev_72,ev_73,ev_86",,Users usually study in the library at night,worker_05,2025-12-6,accepted,global_json_list
egomonth_qa_000028,001,001,001_0030,001/001_0030.mp4,videos/001/001_0030.mp4,false,detail_retrieval,Detail Retrieval,Level 2: Episodic Indexing,<001_0030.mp4>The user went to the park with a few people,A.1,B.2,C.3,D.4,A,"ev_96,ev_95",,The user went to the park and one person,worker_05,2025-12-6,accepted,global_json_list
egomonth_qa_000029,001,001,001_0035,001/001_0035.mp4,videos/001/001_0035.mp4,false,detail_retrieval,Detail Retrieval,Level 2: Episodic Indexing,<001_0035.mp4>What else did the user do while eating,A.Watching variety shows,B.playing games,C.singing,D.studying,A,ev_104,,The user also watched a variety show while eating,worker_05,2025-12-6,accepted,global_json_list
egomonth_qa_000030,001,001,001_0043,001/001_0043.mp4,videos/001/001_0043.mp4,false,detail_retrieval,Detail Retrieval,Level 2: Episodic Indexing,<001_0043.mp4>What drinks did the user buy in the cafeteria,A.Coke,B.Sprite,C.soybean milk,D.sour plum soup,C,ev_123,,The user bought soybean milk,worker_05,2025-12-6,accepted,global_json_list
egomonth_qa_000031,001,001,001_0047,001/001_0047.mp4,videos/001/001_0047.mp4,false,cross_view_spatial_reasoning,Cross-View Spatial Reasoning,Level 3: Cascading Reasoning,<001_0047.mp4>What is the location relationship between coffee shops and canteens,A.The coffee shop is outside the cafeteria,B.The coffee shop is inside the cafeteria,C.The coffee shop is next to the cafeteria,D.The coffee shop is upstairs from the cafeteria,B,ev_129,,The coffee shop is inside the cafeteria,worker_05,2025-12-6,accepted,global_json_list
egomonth_qa_000032,001,001,001_0048,001/001_0048.mp4,videos/001/001_0048.mp4,false,detail_retrieval,Detail Retrieval,Level 2: Episodic Indexing,<001_0048.mp4>What are users doing on the roadside,A.Waiting for people,B.waiting for cars,C.buying things,D.selling things,B,ev_142,,Users waiting for taxis by the roadside,worker_05,2025-12-6,accepted,global_json_list
egomonth_qa_000033,001,001,001_0050,001/001_0050.mp4,videos/001/001_0050.mp4,false,detail_retrieval,Detail Retrieval,Level 2: Episodic Indexing,<001_0050.mp4>The user went to the restaurant with a few people,A.1,B.2,C.3,D.4,D,ev_147,,The user went to therestaurant and four person ,worker_05,2025-12-6,accepted,global_json_list
egomonth_qa_000034,001,001,001_0052,001/001_0052.mp4,videos/001/001_0052.mp4,false,detail_retrieval,Detail Retrieval,Level 2: Episodic Indexing,<001_0052.mp4>What store is the user in,A.boutique,B.Mobile phone store,C.shoe store,D.cosmetics store,A,ev_149,,,worker_05,2025-12-6,accepted,global_json_list
egomonth_qa_000035,001,001,"001_0053,001_0054,001_0056,001_0058",001/001_0053.mp4|001/001_0054.mp4|001/001_0056.mp4|001/001_0058.mp4,videos/001/001_0053.mp4|videos/001/001_0054.mp4|videos/001/001_0056.mp4|videos/001/001_0058.mp4,false,habit_inference,Habit Inference,Level 1: Schema Consolidation,<001_0053.mp4><001_0054.mp4><001_0056.mp4><001_0058.mp4>Speculation on the user's occupation,A.Teacher,B.Principal,C.Security Guard,D.Students,D,"ev_151,ev_154,ev_157,ev_160,ev_161",,The user is a student,worker_05,2025-12-6,accepted,global_json_list
egomonth_qa_000036,001,001,001_61,001/001_0061.mp4,videos/001/001_0061.mp4,false,procedure_planning,Procedure Planning,Level 3: Cascading Reasoning,<001_0061.mp4>,A.Select style->measure circumference->polish->hammer,B.measure circumference->Select style->polish->hammer,C.polish->measure circumference->Select style->hammer,D.hammer->measure circumference->polish->Select style,A,ev_164,,"The order of making a ring is to choose the style, measure the circumference, polish, and beat",worker_05,2025-12-6,accepted,global_json_list
egomonth_qa_000037,001,001,001_0062,001/001_0062.mp4,videos/001/001_0062.mp4,false,detail_retrieval,Detail Retrieval,Level 2: Episodic Indexing,<001_0062.mp4>What cartoon character is the plaster doll painted by the user,A.Crayon Shin chan,B.kitty,C.Pleasant Goat,D.Grey Wolf,A,ev_165,,,worker_05,2025-12-6,accepted,global_json_list
egomonth_qa_000038,001,001,"001_0010,001_0015,001_0017,001_0018,001_0026",001/001_0010.mp4|001/001_0015.mp4|001/001_0017.mp4|001/001_0018.mp4|001/001_0026.mp4,videos/001/001_0010.mp4|videos/001/001_0015.mp4|videos/001/001_0017.mp4|videos/001/001_0018.mp4|videos/001/001_0026.mp4,false,personality_inference,Personality Inference,Level 1: Schema Consolidation,<001_0010.mp4><001_0015.mp4><001_0017.mp4><001_0018.mp4><001_0026.mp4>During which time period do users usually study in the library,A.Morning,B.noon,C.afternoon,D.evening,D,"ev_46,ev_64,ev_72,ev_73,ev_86",,Users usually study in the library at night,worker_05,2025-12-6,accepted,global_json_list
egomonth_qa_000039,001,001,001_0066,001/001_0066.mp4,videos/001/001_0066.mp4,false,object_counting_global,Object Counting,Level 3: Cascading Reasoning,<001_0066.mp4>How many rooms did the user clean in total,A.1,B.2,C.3,D.4,D,ev_170,,The user cleaned a total of 4 rooms,worker_05,2025-12-6,accepted,global_json_list
egomonth_qa_000040,001,001,001_0066,001/001_0066.mp4,videos/001/001_0066.mp4,false,spatial_relation,Spatial Relation,Level 2: Episodic Indexing,<001_0066.mp4>What is the positional relationship between the living room and the kitchen,A.The living room is across from the kitchen,B.The living room is behind the kitchen,C.The living room is in front of the kitchen,D.The living room is on the left side of the kitchen,A,ev_170,,The living room is across from the kitchen,worker_05,2025-12-6,accepted,global_json_list
egomonth_qa_000041,001,001,001_0066,001/001_0066.mp4,videos/001/001_0066.mp4,false,object_counting_global,Object Counting,Level 3: Cascading Reasoning,<001_0066.mp4How many bedrooms does the user have in their home,A.1,B.2,C.3,D.4,B,ev_170,,,worker_05,2025-12-6,accepted,global_json_list
egomonth_qa_000042,001,001,001_0066,001/001_0066.mp4,videos/001/001_0066.mp4,false,object_counting_global,Object Counting,Level 3: Cascading Reasoning,<001_0066.mp4How many kitchens does the user have in their home,A.1,B.2,C.3,D.4,A,ev_170,,,worker_05,2025-12-6,accepted,global_json_list
egomonth_qa_000043,001,001,001_0066,001/001_0066.mp4,videos/001/001_0066.mp4,false,object_counting_global,Object Counting,Level 3: Cascading Reasoning,<001_0066.mp4How many living rooms does the user have in their home,A.1,B.2,C.3,D.4,A,ev_170,,,worker_05,2025-12-6,accepted,global_json_list
egomonth_qa_000044,001,001,001_0066,001/001_0066.mp4,videos/001/001_0066.mp4,false,detail_retrieval,Detail Retrieval,Level 2: Episodic Indexing,<001_0066.mp4Should users sweep the floor first or mop the floor first when cleaning,A.sweep the floor,B.mop the floor,C.None,D.None,A,ev_170,,,worker_05,2025-12-6,accepted,global_json_list
egomonth_qa_000045,001,001,001_0069,001/001_0069.mp4,videos/001/001_0069.mp4,false,self_localization,Self-Localization,Level 2: Episodic Indexing,<001_0069.mp4>Where are the users at 06:30,A.Supermarket,B.restaurant,C.hair salon,D.office,C,ev_173,,06:30 User at hair salon,worker_05,2025-12-6,accepted,global_json_list
egomonth_qa_000046,001,001,001_0071,001/001_0071.mp4,videos/001/001_0071.mp4,false,detail_retrieval,Detail Retrieval,Level 2: Episodic Indexing,<001_0071.mp4>What floor is the user's home on,A.5,B.6,C.7,D.8,C,ev_176,,The user's home is on the 7th floor,worker_05,2025-12-6,accepted,global_json_list
egomonth_qa_000047,001,001,001_0072,001/001_0072.mp4,videos/001/001_0072.mp4,false,detail_retrieval,Detail Retrieval,Level 2: Episodic Indexing,<001_0072.mp4>What ball is the user playing,A.Badminton,B.basketball,C.volleyball,D.keyboard badminton,A,ev_177,,Users are playing play badminton,worker_05,2025-12-6,accepted,global_json_list
egomonth_qa_000048,001,001,001_78,001/001_0078.mp4,videos/001/001_0078.mp4,false,procedure_planning,Procedure Planning,Level 3: Cascading Reasoning,<001_0078.mp4>What are the steps to make dumplings,A.put the filling->fold it in half->  wrap it up->Pick up the dumpling wrapper,B.Pick up the dumpling wrapper-> fold it in half->  put the filling->wrap it up,C.Pick up the dumpling wrapper-> put the filling->fold it in half->  wrap it up,D.Pick up the dumpling wrapper-> put the filling-> wrap it up->fold it in half,D,ev_185,,,worker_05,2025-12-6,accepted,global_json_list
egomonth_qa_000049,001,001,001_0071,001/001_0071.mp4,videos/001/001_0071.mp4,false,detail_retrieval,Detail Retrieval,Level 2: Episodic Indexing,<001_0071.mp4>What floor is the user's home on,A.5,B.6,C.7,D.8,C,ev_176,,The user's home is on the 7th floor,worker_05,2025-12-6,accepted,global_json_list
egomonth_qa_000050,002,002,002_0001,002/002_0001.mp4,videos/002/002_0001.mp4,false,object_location,Object Location,Level 2: Episodic Indexing,<002_0001.mp4>where is the bike,A.bathroom,B.dormitory,C.corridor,D.outside,C,,0001_obj_bike_01,Bike in the corridor,worker_02,2025-12-09,accepted,global_json_list
egomonth_qa_000051,002,002,002_0001,002/002_0001.mp4,videos/002/002_0001.mp4,false,event_counting,Event Counting,Level 3: Cascading Reasoning,<002_0001.mp4>how many times have walked down the corridor,A.2,B.3,C.4,D.5,A,,,walked down the corridor for 2 times,worker_02,2025-12-09,accepted,global_json_list
egomonth_qa_000052,002,002,002_0001,002/002_0001.mp4,videos/002/002_0001.mp4,false,detail_retrieval,Detail Retrieval,Level 2: Episodic Indexing,<002_0001.mp4>What did I do before washing face?,A.Turned off the TV,B.Picked up the keys,C.Brushing teeth,D.Washing clothes,C,,0001_obj_brush_01,"Before washing face, I brushed my teeth.",worker_02,2025-12-09,accepted,global_json_list
egomonth_qa_000053,002,002,002_0002,002/002_0002.mp4,videos/002/002_0002.mp4,false,detail_retrieval,Detail Retrieval,Level 2: Episodic Indexing,<002_0002.mp4>What is the color of the liquid?,A.Blue,B.Green,C.Pink,D.Red,C,,0002_obj_liquid_01,The color of the liquid is pink.,worker_02,2025-12-10,accepted,global_json_list
egomonth_qa_000054,002,002,002_0002,002/002_0002.mp4,videos/002/002_0002.mp4,false,object_counting_global,Object Counting,Level 3: Cascading Reasoning,<002_0002.mp4>How many floors did I went down and reached the outdoor area?,A.1,B.5,C.2,D.3,C,,,I went down 2 floors and reached the outdoor area.,worker_02,2025-12-10,accepted,global_json_list
egomonth_qa_000055,002,002,002_0002,002/002_0002.mp4,videos/002/002_0002.mp4,false,detail_retrieval,Detail Retrieval,Level 2: Episodic Indexing,<002_0002.mp4>Which food did I finally discard?,A.sausage,B.omelette,C.soymilk,D.bread,C,,,I throw the soymilk into the bin.,worker_02,2025-12-10,accepted,global_json_list
egomonth_qa_000056,002,002,002_0002,002/002_0002.mp4,videos/002/002_0002.mp4,false,event_time,Event Time,Level 2: Episodic Indexing,<002_0002.mp4>When do I open my computer?,A.7:47,B.8:47,C.9:47,D.10:47,B,,,I open my computer at 8:47.,worker_02,2025-12-10,accepted,global_json_list
egomonth_qa_000057,002,002,002_0003,002/002_0003.mp4,videos/002/002_0003.mp4,false,detail_retrieval,Detail Retrieval,Level 2: Episodic Indexing,<002_0003.mp4>What is the color of the curtain?,A.Blue,B.Green,C.Pink,D.Red,B,,,The color of the curtain is green.,worker_02,2025-12-10,accepted,global_json_list
egomonth_qa_000058,002,002,002_0003,002/002_0003.mp4,videos/002/002_0003.mp4,false,detail_retrieval,Detail Retrieval,Level 2: Episodic Indexing,<002_0003.mp4>When do I turn on the tablet computer?,A.12:03,B.12:13,C.12:23,D.12:33,B,,,The time I opened the tablet computer is 12:13.,worker_02,2025-12-10,accepted,global_json_list
egomonth_qa_000059,002,002,002_0003,002/002_0001.mp4|002/002_0003.mp4,videos/002/002_0001.mp4|videos/002/002_0003.mp4,false,event_counting,Event Counting,Level 3: Cascading Reasoning,<002_0001.mp4><002_0003.mp4>How many times have I been to the water room?,A.1,B.2,C.3,D.4,B,,,I have been to the water room twice.,worker_02,2025-12-10,accepted,global_json_list
egomonth_qa_000060,002,002,002_0003,002/002_0003.mp4,videos/002/002_0003.mp4,false,detail_retrieval,Detail Retrieval,Level 2: Episodic Indexing,<002_0003.mp4>What software did I finally open?,A.Rednote,B.Drawing,C.QQ,D.Office,B,,,I finally opened the Drawing software.,worker_02,2025-12-10,accepted,global_json_list
egomonth_qa_000061,002,002,002_0004,002/002_0004.mp4,videos/002/002_0004.mp4,false,detail_retrieval,Detail Retrieval,Level 2: Episodic Indexing,<002_0004.mp4>What is my lunch?,A.Noodles,B.Pasta,C.Rice,D.Potato,A,,,I ate noodles for lunch.,worker_02,2025-12-10,accepted,global_json_list
egomonth_qa_000062,002,002,002_0004,002/002_0004.mp4,videos/002/002_0004.mp4,false,detail_retrieval,Detail Retrieval,Level 2: Episodic Indexing,<002_0004.mp4>What do I use to press the instant noodles?,A.Tablet PC,B.Book,C.Phone,D.Board,A,,,I use a tablet PC to press the instant noodles.,worker_02,2025-12-10,accepted,global_json_list
egomonth_qa_000063,002,002,002_0004,002/002_0004.mp4,videos/002/002_0004.mp4,false,detail_retrieval,Detail Retrieval,Level 2: Episodic Indexing,<002_0004.mp4>What did I have for lunch?,A.Folks,B.Chopsticks,C.Spoon,D.Fork,A,,,I use chopsticks to eat the instant noodles.,worker_02,2025-12-10,accepted,global_json_list
egomonth_qa_000064,002,002,002_0004,002/002_0004.mp4,videos/002/002_0004.mp4,false,detail_retrieval,Detail Retrieval,Level 2: Episodic Indexing,"<002_0004.mp4>Finally, what color were the pants I wore?",A.Navy blue,B.Black,C.White,D.Red,C,,,I wore white pants finally.,worker_02,2025-12-10,accepted,global_json_list
egomonth_qa_000065,002,002,002_0005,002/002_0005.mp4,videos/002/002_0005.mp4,false,spatial_relation,Spatial Relation,Level 2: Episodic Indexing,<002_0005.mp4>Is the light on when I was brushing my teeth?,A.Yes,B.No,C.Not given,D.Confused,B,,,I brushed my teeth and washed the face with no lights on.,worker_02,2025-12-10,accepted,global_json_list
egomonth_qa_000066,002,002,002_0005,002/002_0005.mp4|002/002_0004.mp4|002/002_0003.mp4|002/002_0002.mp4|002/002_0001.mp4,videos/002/002_0005.mp4|videos/002/002_0004.mp4|videos/002/002_0003.mp4|videos/002/002_0002.mp4|videos/002/002_0001.mp4,false,habit_inference,Habit Inference,Level 1: Schema Consolidation,<002_0005.mp4><002_0004.mp4><002_0003.mp4><002_0002.mp4><002_0001.mp4>What do I usually do in the morning?,A.Have breakfast,B.Getting water,C.Play games,D.Sleep,B,,,I usually get water in the morning.,worker_02,2025-12-10,accepted,global_json_list
egomonth_qa_000067,002,002,002_0005,002/002_0005.mp4,videos/002/002_0005.mp4,false,detail_retrieval,Detail Retrieval,Level 2: Episodic Indexing,<002_0005.mp4>How many floors did I go up to get the water?,A.2,B.1,C.0,D.3,B,,,I went up 1 floor to get the water.,worker_02,2025-12-10,accepted,global_json_list
egomonth_qa_000068,002,002,002_0006,002/002_0006.mp4,videos/002/002_0006.mp4,false,detail_retrieval,Detail Retrieval,Level 2: Episodic Indexing,<002_0006.mp4>How many floors did I go up to get the water?,A.2,B.1,C.0,D.3,B,,,I went up 1 floor to get the water.,worker_02,2025-12-10,accepted,global_json_list
egomonth_qa_000069,002,002,002_0006,002/002_0006.mp4,videos/002/002_0006.mp4,false,object_counting_global,Object Counting,Level 3: Cascading Reasoning,<002_0006.mp4>How many floors did I went down and reached the outdoor area?,A.1,B.5,C.2,D.4,C,,,I went down 2 floors and reached the outdoor area.,worker_02,2025-12-10,accepted,global_json_list
egomonth_qa_000070,002,002,002_0007,002/002_0007.mp4,videos/002/002_0007.mp4,false,object_location,Object Location,Level 2: Episodic Indexing,<002_0007.mp4>where are the clothes,A.balcony,B.bathroom,C.classroom,D.corridor,A,,0007_obj_clothes_01,Clothes are on the balcony,worker_02,2025-12-11,accepted,global_json_list
egomonth_qa_000071,002,002,002_0007,002/002_0007.mp4,videos/002/002_0007.mp4,false,detail_retrieval,Detail Retrieval,Level 2: Episodic Indexing,<002_0007.mp4>what color is the water dispenser,A.grey,B.red,C.blue,D.white,A,,,The water dispenser is grey,worker_02,2025-12-11,accepted,global_json_list
egomonth_qa_000072,002,002,002_0007,002/002_0007.mp4,videos/002/002_0007.mp4,false,direction_judgement,Direction Judgment,Level 3: Cascading Reasoning,"<002_0007.mp4>After going upstairs, do I turn left or right?",A.downstair,B.upstair,C.right,D.left,C,,,I turn right after going upstairs,worker_02,2025-12-11,accepted,global_json_list
egomonth_qa_000073,002,002,002_0007,002/002_0007.mp4,videos/002/002_0007.mp4,false,detail_retrieval,Detail Retrieval,Level 2: Episodic Indexing,<002_0007.mp4>what color is the broom,A.grey,B.red,C.blue,D.white,A,,,The broom is grey,worker_02,2025-12-11,accepted,global_json_list
egomonth_qa_000074,002,002,002_0007,002/002_0007.mp4,videos/002/002_0007.mp4,false,detail_retrieval,Detail Retrieval,Level 2: Episodic Indexing,<002_0007.mp4>where is the broom,A.balcony,B.bathroom,C.classroom,D.corridor,A,,,The broom is on the balcony,worker_02,2025-12-11,accepted,global_json_list
egomonth_qa_000076,002,002,002_0007,002/002_0007.mp4,videos/002/002_0007.mp4,false,detail_retrieval,Detail Retrieval,Level 2: Episodic Indexing,<002_0007.mp4><002_0003.mp4What kind of staple food did I have for lunch?,A.Rice,B.Noodles,C.Dumpling,D.Steak,A,,,I have rice for lunch.,worker_02,2025-12-11,accepted,global_json_list
egomonth_qa_000077,002,002,002_0008,002/002_0008.mp4,videos/002/002_0008.mp4,false,detail_retrieval,Detail Retrieval,Level 2: Episodic Indexing,<002_0008.mp4>What was I doing at the beginning?,A.Doing nothing,B.Jumping,C.Studying,D.Playing games,A,,,I did nothing in the beginning,worker_02,2025-12-11,accepted,global_json_list
egomonth_qa_000078,002,002,002_0008,002/002_0008.mp4,videos/002/002_0008.mp4,false,detail_retrieval,Detail Retrieval,Level 2: Episodic Indexing,<002_0008.mp4>What do I use to mend the clothes?,A.Marker,B.Needle,C.scissor,D.knife,A,,,I use a marker to mend the clothes,worker_02,2025-12-11,accepted,global_json_list
egomonth_qa_000079,002,002,002_0009,002/002_0009.mp4|002/002_0008.mp4|002/002_0007.mp4,videos/002/002_0009.mp4|videos/002/002_0008.mp4|videos/002/002_0007.mp4,false,event_counting,Event Counting,Level 3: Cascading Reasoning,<002_0009.mp4><002_0008.mp4><002_0007.mp4>How many times has the green-pink bicycle in the video been moved?,A.0,B.2,C.4,D.6,A,,,The bike has not been moved till now,worker_02,2025-12-12,accepted,global_json_list
egomonth_qa_000080,002,002,002_0009,002/002_0009.mp4,videos/002/002_0009.mp4,false,detail_retrieval,Detail Retrieval,Level 2: Episodic Indexing,<002_0009.mp4>What did I have for breakfast?,A.Sausage,B.Omelette,C.Soymilk,D.All above,D,,,"For breakfast, I had sausages, fried eggs and soy milk.",worker_02,2025-12-12,accepted,global_json_list
egomonth_qa_000081,002,002,002_0009,002/002_0009.mp4,videos/002/002_0009.mp4,false,detail_retrieval,Detail Retrieval,Level 2: Episodic Indexing,<002_0009.mp4>What is the color of my towel?,A.Red,B.Grey,C.Black,D.Green,D,,,My towel is green.,worker_02,2025-12-12,accepted,global_json_list
egomonth_qa_000082,002,002,002_0010,002/002_0010.mp4,videos/002/002_0010.mp4,false,detail_retrieval,Detail Retrieval,Level 2: Episodic Indexing,<002_0010.mp4>What is the color of my broom?,A.Red,B.Grey,C.Black,D.Green,B,,,My broom is grey.,worker_02,2025-12-12,accepted,global_json_list
egomonth_qa_000083,002,002,002_0010,002/002_0010.mp4,videos/002/002_0010.mp4,false,detail_retrieval,Detail Retrieval,Level 2: Episodic Indexing,<002_0010.mp4>How do I take the medicine?,A.Swallow directly,B.Swallow it with water.,C.Mash into powder,D.I don't take medicine.,B,,,I swallow my medicine with water.,worker_02,2025-12-12,accepted,global_json_list
egomonth_qa_000084,002,002,002_0010,002/002_0010.mp4|002/002_0009.mp4|002/002_0008.mp4,videos/002/002_0010.mp4|videos/002/002_0009.mp4|videos/002/002_0008.mp4,false,habit_inference,Habit Inference,Level 1: Schema Consolidation,<002_0010.mp4><002_0009.mp4><002_0008.mp4>Which of the following places has never appeared in my videos?,A.Dormitory,B.Classroom,C.Balcony,D.Dining hall,B,,,I have never gone to classrooms in my video.,worker_02,2025-12-12,accepted,global_json_list
egomonth_qa_000085,002,002,002_0010,002/002_0010.mp4,videos/002/002_0010.mp4,false,habit_inference,Habit Inference,Level 1: Schema Consolidation,<002_0010.mp4>How many times have I folded the quilt in this video?,A.1,B.2,C.3,D.4,A,,,This is my only time folding my quilt in my video.,worker_02,2025-12-12,accepted,global_json_list
egomonth_qa_000086,002,002,002_0011,002/002_0011.mp4,videos/002/002_0011.mp4,false,detail_retrieval,Detail Retrieval,Level 2: Episodic Indexing,<002_0011.mp4>What is the color of my phonecase?,A.Red,B.Grey,C.Black,D.Blue,D,,,My phonecase is blue.,worker_02,2025-12-13,accepted,global_json_list
egomonth_qa_000088,002,002,002_0012,002/002_0012.mp4,videos/002/002_0012.mp4,false,detail_retrieval,Detail Retrieval,Level 2: Episodic Indexing,<002_0012.mp4>What color is my trunk?,A.Green,B.Blue,C.Red,D.Black,D,,,My trunk is black.,worker_02,2025-12-13,accepted,global_json_list
egomonth_qa_000089,003,003,003_0001,003/003_0001.mp4,videos/003/003_0001.mp4,false,object_location,Object Location,Level 2: Episodic Indexing,<003_0001.mp4>where is the fire extinguisher,A.living_room,B.bathroom,C.None,D.None,A,,vid_obj_0001_01,Fire extinguisher in the living room,worker_09,2025-11-15T12:00:00,accepted,global_json_list
egomonth_qa_000090,003,003,003_0001,003/003_0001.mp4,videos/003/003_0001.mp4,false,temporal_ordering,Temporal Ordering,Level 2: Episodic Indexing,<003_0001.mp4> When to stop brushing your teeth,A.2:34,B.00:47,C.3:00,D.None,C,ev_01,,Stop brushing your teeth and washing your face at 3:00.,worker_09,2025-11-15T12:00:00,accepted,global_json_list
egomonth_qa_000091,003,003,003_0001,003/003_0001.mp4,videos/003/003_0001.mp4,false,detail_retrieval,Detail Retrieval,Level 2: Episodic Indexing,<003_0001.mp4>What color is the mineral water bottle on the bedside table?,A.Green,B.Red,C.Blue,D.None,A,,,4:10 the mineral water bottle on the bedside table is green.,worker_09,2025-11-15T12:00:00,accepted,global_json_list
egomonth_qa_000092,003,003,003_0001,003/003_0001.mp4,videos/003/003_0001.mp4,false,detail_retrieval,Detail Retrieval,Level 2: Episodic Indexing,<003_0001.mp4>What did I do before leaving home?,A.Turned off the TV,B.Picked up the keys,C.do the laundry,D.None,C,ev_02,vid_obj_0001_06,"Before leaving home, I did the laundry.",worker_09,2025-11-15T12:00:00,accepted,global_json_list
egomonth_qa_000093,003,003,003_0001,003/003_0001.mp4,videos/003/003_0001.mp4,false,object_counting_global,Object Counting,Level 3: Cascading Reasoning,<003_0001.mp4>How many rooms are there in total?,A.2,B.3,C.4,D.None,A,,bathroom_1|living_room_1,There are two rooms in total: bathroom and living room.,worker_09,2025-11-15T12:00:00,accepted,global_json_list
egomonth_qa_000094,003,003,003_0001,003/003_0001.mp4,videos/003/003_0001.mp4,false,temporal_ordering,Temporal Ordering,Level 2: Episodic Indexing,<003_0001.mp4>What did I do after throwing away the trash?,A.Organizing shoes,B.do the laundry,C.Brushing teeth and washing face,D.None,A,ev_03|ev_04,,"After throwing away the trash, I organized shoes.",worker_09,2025-11-15T12:00:00,accepted,global_json_list
egomonth_qa_000095,003,003,003_0001,003/003_0001.mp4,videos/003/003_0001.mp4,false,object_location,Object Location,Level 2: Episodic Indexing,<003_0001.mp4>where is the fan,A.living_room,B.bathroom,C.None,D.None,A,,vid_obj_0001_11,Fan in the living room,worker_09,2025-11-15T12:00:00,accepted,global_json_list
egomonth_qa_000096,003,003,003_0001,003/003_0001.mp4,videos/003/003_0001.mp4,false,route_reasoning,Route Reasoning,Level 3: Cascading Reasoning,<003_0001.mp4>What is the order of the following actions performed by the user,A.organizing shoes -> organizing sofa -> slicing bread -> toasting bread -> blowing fan,B.slicing bread -> toasting bread -> blowing fan -> organizing shoes -> organizing sofa,C.blowing fan -> toasting bread -> slicing bread -> organizing sofa -> organizing shoes,D.None,A,ev_04|ev_05|ev_06|ev_07|ev_08,,"The user first organized shoes, then organized the sofa, sliced bread, toasted bread, and finally blew the fan.",worker_09,2025-11-15T12:00:00,accepted,global_json_list
egomonth_qa_000097,003,003,003_0002,003/003_0002.mp4,videos/003/003_0002.mp4,false,event_time,Event Time,Level 2: Episodic Indexing,When did the person turn off the fan in <003_0002.mp4>?,A.02:13-02:16,B.00:50-01:50,C.03:23-03:55,D.01:00-02:00,A,ev_11,,The person turned off the fan at 02:13-02:16.,worker_10,2025-12-08T10:00:00,accepted,global_json_list
egomonth_qa_000098,003,003,003_0002,003/003_0002.mp4,videos/003/003_0002.mp4,false,object_location,Object Location,Level 2: Episodic Indexing,Where is the mirror located in <003_0002.mp4>?,A.Above the table in the living room,B.Next to the entrance door in the living room,C.Next the bed,D.In the bathroom,A,,0001_obj_mirror_01,The mirror is located above the table in the living room.,worker_10,2025-12-08T10:00:00,accepted,global_json_list
egomonth_qa_000099,003,003,003_0002,003/003_0002.mp4,videos/003/003_0002.mp4,false,event_counting,Event Counting,Level 3: Cascading Reasoning,How many events occurred in total in <003_0002.mp4>?,A.3,B.2,C.4,D.1,A,ev_10|ev_11|ev_12,,"There are three events in total: Using the mirror, Turning off the fan, and Waiting for the elevator.",worker_10,2025-12-08T10:00:00,accepted,global_json_list
egomonth_qa_000100,003,003,003_0003,003/003_0003.mp4,videos/003/003_0003.mp4,false,event_time,Event Time,Level 2: Episodic Indexing,<003_0003.mp4>When did the person watch the projector?,A.1:30-2:55,B.0:54-1:07,C.2:45-3:00,D.1:20-1:30,A,ev_13,,The person watched the projector from 1:30 to 2:55.,worker_11,2025-12-08T11:00:00,accepted,global_json_list
egomonth_qa_000101,003,003,003_0003,003/003_0003.mp4,videos/003/003_0003.mp4,false,object_location,Object Location,Level 2: Episodic Indexing,<003_0003.mp4>Where is the projector located?,A.On the sofa in the living room,B.Next to the sofa in the living room,C.Next to the wardrobe in the living room,D.Behind the TV in the living room,A,,0003_obj_projector_01,The projector is located on the sofa in the living room.,worker_11,2025-12-08T11:00:00,accepted,global_json_list
egomonth_qa_000102,003,003,003_0003,003/003_0003.mp4,videos/003/003_0003.mp4,false,object_location,Object Location,Level 2: Episodic Indexing,<003_0003.mp4>Where is the router located?,A.Behind the TV in the living room,B.On the table next to the TV in the living room,C.Next to the bed in the living room,D.On the sofa in the living room,A,,0003_obj_router_01,The router is located behind the TV in the living room.,worker_11,2025-12-08T11:00:00,accepted,global_json_list
egomonth_qa_000103,003,003,003_0003,003/003_0003.mp4,videos/003/003_0003.mp4,false,event_counting,Event Counting,Level 3: Cascading Reasoning,<003_0003.mp4>How many events occurred in total?,A.1,B.2,C.3,D.0,A,ev_13,,There is one event: Watching the projector.,worker_10,2025-12-08T11:00:00,accepted,global_json_list
egomonth_qa_000104,003,003,003_0003,003/003_0003.mp4,videos/003/003_0003.mp4,false,object_counting_global,Object Counting,Level 3: Cascading Reasoning,<003_0003.mp4>How many objects are mentioned in total?,A.7,B.6,C.8,D.5,A,,0003_obj_projector_01|0003_obj_handbag_01|0003_obj_floorlamp_01|0003_obj_wardrobe_01|0003_obj_tv_01|0003_obj_router_01|0003_obj_microwave_01,"There are seven objects: projector, handbag, floor lamp, wardrobe, TV, router, and microwave oven.",worker_10,2025-12-08T11:00:00,accepted,global_json_list
egomonth_qa_000105,003,003,003_0004,003/003_0004.mp4,videos/003/003_0004.mp4,true,event_time,Event Time,Level 2: Episodic Indexing,<003_0004.mp4>When did the person start peeling the pomegranate?,A.5:39-7:24,B.4:22-5:21,C.3:58-4:06,D.17:33-18:16,A,ev_18,,The person started peeling the pomegranate from 5:39 to 7:24.,worker_10,2025-12-08T12:00:00,accepted,global_json_list
egomonth_qa_000106,003,003,003_0004,003/003_0004.mp4,videos/003/003_0004.mp4,true,object_location,Object Location,Level 2: Episodic Indexing,<003_0004.mp4>Where is the pomegranate located?,A.On the table in the living room,B.Next to the entrance door in the living room,C.Next to the bed in the living room,D.Behind the TV in the living room,A,,0004_obj_pomegranate_01,The pomegranate is located on the table in the living room.,worker_10,2025-12-08T12:00:00,accepted,global_json_list
egomonth_qa_000107,003,003,003_0004,003/003_0004.mp4,videos/003/003_0004.mp4,true,temporal_ordering,Temporal Ordering,Level 2: Episodic Indexing,<003_0004.mp4>What happened after taking fruit from the refrigerator?,A.Peeling fruit by the sink,B.Wearing socks while sitting on the sofa,C.Watching the projector while using the phone,D.Washing hands at the sink,A,ev_16|ev_17,,"After taking fruit from the refrigerator, the person peeled fruit by the sink.",worker_10,2025-12-08T12:00:00,accepted,global_json_list
egomonth_qa_000108,003,003,003_0004,003/003_0004.mp4,videos/003/003_0004.mp4,true,event_counting,Event Counting,Level 3: Cascading Reasoning,<003_0004.mp4>How many events occurred in total?,A.10,B.9,C.11,D.8,A,ev_14|ev_15|ev_16|ev_17|ev_18|ev_19|ev_20|ev_21|ev_22|ev_23,,"There are ten events in total: Watching the projector while using the phone, Wearing socks, Taking fruit, Peeling fruit, Peeling pomegranate, Washing hands, Cleaning up, Continuing to watch projector, Turning right, Waiting for elevator.",worker_10,2025-12-08T12:00:00,accepted,global_json_list
egomonth_qa_000109,003,003,003_0004,003/003_0004.mp4,videos/003/003_0004.mp4,true,object_counting_global,Object Counting,Level 3: Cascading Reasoning,<003_0004.mp4>How many objects are mentioned in total?,A.7,B.6,C.8,D.5,A,,0004_obj_mirror_01|0004_obj_refrigerator_01|0004_obj_wardrobe_01|0004_obj_tv_01|0004_obj_router_01|0004_obj_sink_01|0004_obj_pomegranate_01,"There are seven objects: mirror, refrigerator, wardrobe, TV, router, sink, pomegranate.",worker_10,2025-12-08T12:00:00,accepted,global_json_list
egomonth_qa_000110,003,003,003_0004,003/003_0004.mp4,videos/003/003_0004.mp4,true,procedure_planning,Procedure Planning,Level 3: Cascading Reasoning,<003_0004.mp4>What are the steps for preparing fruit?,A.Taking fruit from refrigerator -> Peeling fruit by the sink -> Peeling pomegranate -> Washing hands -> Cleaning up,B.Peeling pomegranate -> Taking fruit from refrigerator -> Washing hands -> Cleaning up,C.Washing hands -> Taking fruit from refrigerator -> Peeling fruit -> Cleaning up,D.Cleaning up -> Peeling fruit -> Taking fruit from refrigerator -> Washing hands,A,ev_16|ev_17|ev_18|ev_19|ev_20,,"The steps are: Taking fruit from refrigerator, Peeling fruit by the sink, Peeling pomegranate, Washing hands, Cleaning up.",worker_10,2025-12-08T12:00:00,accepted,global_json_list
egomonth_qa_000111,003,003,003_0004,003/003_0004.mp4,videos/003/003_0004.mp4,true,detail_retrieval,Detail Retrieval,Level 2: Episodic Indexing,<003_0004.mp4>What is the location of the sink?,A.Next to the stove in the living room,B.On the table in the living room,C.Next to the entrance door in the living room,D.Behind the TV in the living room,A,,0004_obj_sink_01,The sink is located next to the stove in the living room.,worker_10,2025-12-08T12:00:00,accepted,global_json_list
egomonth_qa_000112,003,003,003_0004,003/003_0001.mp4|003/003_0002.mp4|003/003_0003.mp4|003/003_0004.mp4,videos/003/003_0001.mp4|videos/003/003_0002.mp4|videos/003/003_0003.mp4|videos/003/003_0004.mp4,true,habit_inference,Habit Inference,Level 1: Schema Consolidation,<003_0001.mp4><003_0002.mp4><003_0003.mp4><003_0004.mp4>What is the typical sequence of activities in the living room?,A.Watching projector -> Doing laundry -> Organizing -> Preparing food -> Watching projector again,B.Preparing food -> Watching projector -> Organizing -> Doing laundry -> Watching projector,C.Organizing -> Doing laundry -> Preparing food -> Watching projector -> Watching projector again,D.Watching projector -> Preparing food -> Organizing -> Doing laundry -> Watching projector again,C,ev_02|ev_04|ev_05|ev_07|ev_08|ev_13|ev_14|ev_16|ev_17|ev_18|ev_21,,"Across videos, the typical sequence is organizing, doing laundry, preparing food, watching projector, watching projector again.",worker_10,2025-12-08T12:00:00,accepted,global_json_list
egomonth_qa_000113,003,003,003_0005,003/003_0005.mp4,videos/003/003_0005.mp4,false,event_time,Event Time,Level 2: Episodic Indexing,<003_0005.mp4>When did the person pick up takeout from the delivery cabinet?,A.6:31-6:43,B.4:42-5:36,C.8:32-9:05,D.12:54-29:49,A,ev_28,,The person picked up takeout from 6:31 to 6:43.,worker_10,2025-12-08T13:00:00,accepted,global_json_list
egomonth_qa_000114,003,003,003_0005,003/003_0005.mp4,videos/003/003_0005.mp4,false,object_location,Object Location,Level 2: Episodic Indexing,<003_0005.mp4>Where is the takeout locker located?,A.In the lobby on the first floor,B.Next to the entrance door in the living room,C.In the garbage room,D.On the table in the living room,A,,0005_obj_takeoutlocker_01,The takeout locker is located in the lobby on the first floor.,worker_10,2025-12-08T13:00:00,accepted,global_json_list
egomonth_qa_000115,003,003,003_0005,003/003_0005.mp4,videos/003/003_0005.mp4,false,temporal_ordering,Temporal Ordering,Level 2: Episodic Indexing,<003_0005.mp4>What happened after waiting for the elevator in the lobby?,A.Exit the elevator and go to the garbage room,B.Picking up takeout from the delivery cabinet,C.Turning right after going out,D.Eating takeout,A,ev_25|ev_26,,"After waiting for the elevator in the lobby, the person exited the elevator and went to the garbage room.",worker_10,2025-12-08T13:00:00,accepted,global_json_list
egomonth_qa_000116,003,003,003_0005,003/003_0005.mp4,videos/003/003_0005.mp4,false,event_counting,Event Counting,Level 3: Cascading Reasoning,<003_0005.mp4>How many events occurred in total?,A.7,B.6,C.8,D.5,A,ev_24|ev_25|ev_26|ev_27|ev_28|ev_29|ev_30,,"There are seven events in total: Turning right after going out, Waiting for the elevator in the lobby, Going to the garbage room, Waiting for the elevator again, Picking up takeout, Returning home, Eating takeout.",worker_10,2025-12-08T13:00:00,accepted,global_json_list
egomonth_qa_000117,003,003,003_0005,003/003_0005.mp4,videos/003/003_0005.mp4,false,object_counting_global,Object Counting,Level 3: Cascading Reasoning,<003_0005.mp4>How many objects are mentioned in total?,A.6,B.5,C.7,D.4,A,,0005_obj_mirror_01|0005_obj_refrigerator_01|0005_obj_floorlamp_01|0005_obj_sofa_01|0005_obj_largetrashcan_01|0005_obj_takeoutlocker_01,"There are six objects: mirror, refrigerator, floor lamp, sofa, large trash can, takeout locker.",worker_10,2025-12-08T13:00:00,accepted,global_json_list
egomonth_qa_000118,003,003,003_0005,003/003_0005.mp4,videos/003/003_0005.mp4,false,procedure_planning,Procedure Planning,Level 3: Cascading Reasoning,<003_0005.mp4>What are the steps for going out to throw trash?,"A.Turn right after going out -> Wait for elevator in lobby -> Exit elevator, turn right twice, go up stairs, turn left to garbage room",B.Wait for elevator -> Turn right -> Go to garbage room,C.Exit elevator -> Turn left three times to home,D.Pick up takeout -> Eat takeout,A,ev_24|ev_25|ev_26,,"The steps are: Turn right after going out, wait for elevator in lobby, exit elevator, turn right twice, go up stairs, turn left to garbage room.",worker_10,2025-12-08T13:00:00,accepted,global_json_list
egomonth_qa_000119,003,003,003_0005,003/003_0005.mp4,videos/003/003_0005.mp4,false,detail_retrieval,Detail Retrieval,Level 2: Episodic Indexing,<003_0005.mp4>What is the location of the large trash can?,A.In the garbage room,B.In the lobby on the first floor,C.Next to the sofa in the living room,D.On the table in the living room,A,,0005_obj_largetrashcan_01,The large trash can is located in the garbage room.,worker_10,2025-12-08T13:00:00,accepted,global_json_list
egomonth_qa_000120,003,003,003_0005,003/003_0001.mp4|003/003_0002.mp4|003/003_0003.mp4|003/003_0004.mp4|003/003_0005.mp4,videos/003/003_0001.mp4|videos/003/003_0002.mp4|videos/003/003_0003.mp4|videos/003/003_0004.mp4|videos/003/003_0005.mp4,true,route_reasoning,Route Reasoning,Level 3: Cascading Reasoning,<003_0001.mp4><003_0002.mp4><003_0003.mp4><003_0004.mp4><003_0005.mp4>What is the typical route for going out and returning home?,"A.Go out, turn right, wait for elevator, go to lobby, pick up items, return home by turning left three times","B.Go out, turn left, wait for elevator, go to garbage room, pick up takeout, return home","C.Go out, turn right, wait for elevator, go to garbage room, pick up takeout, return home by turning left three times","D.Go out, turn right, wait for elevator, go to lobby, throw trash, pick up takeout, return home by turning left three times",D,ev_24|ev_25|ev_26|ev_27|ev_28|ev_29|ev_30,,"Across videos, the typical route is: Go out, turn right, wait for elevator, go to lobby, throw trash, wait for elevator again, pick up takeout, return home by turning left three times.",worker_10,2025-12-08T13:00:00,accepted,global_json_list
egomonth_qa_000121,003,003,003_0006,003/003_0006.mp4,videos/003/003_0006.mp4,false,event_time,Event Time,Level 2: Episodic Indexing,<003_0006.mp4>When did the person start exercising while watching the projector?,A.0:11-28:13,B.0:04-0:10,C.0:10-0:11,D.28:13-30:00,A,ev_31,,The person exercised while watching the projector from 0:11 to 28:13.,worker_10,2025-12-09T10:00:00,accepted,global_json_list
egomonth_qa_000122,003,003,003_0006,003/003_0006.mp4,videos/003/003_0006.mp4,false,object_location,Object Location,Level 2: Episodic Indexing,<003_0006.mp4>Where is the refrigerator located?,A.Next to the entrance door in the living room,B.Next to the TV in the living room,C.Next to the wardrobe in the living room,D.In the lobby on the first floor,A,,0006_obj_refrigerator_01,The refrigerator is located next to the entrance door in the living room.,worker_10,2025-12-09T10:00:00,accepted,global_json_list
egomonth_qa_000123,003,003,003_0006,003/003_0006.mp4,videos/003/003_0006.mp4,false,event_counting,Event Counting,Level 3: Cascading Reasoning,<003_0006.mp4>How many events occurred in total?,A.1,B.2,C.3,D.0,A,ev_31,,There is one event: Exercising while watching the projector.,worker_10,2025-12-09T10:00:00,accepted,global_json_list
egomonth_qa_000124,003,003,003_0006,003/003_0006.mp4,videos/003/003_0006.mp4,false,object_counting_global,Object Counting,Level 3: Cascading Reasoning,<003_0006.mp4>How many objects are mentioned in total?,A.3,B.2,C.4,D.1,A,,0006_obj_wardrobe_01|0006_obj_tv_01|0006_obj_refrigerator_01,"There are three objects: wardrobe, TV, refrigerator.",worker_10,2025-12-09T10:00:00,accepted,global_json_list
egomonth_qa_000125,003,003,003_0007,003/003_0007.mp4,videos/003/003_0007.mp4,false,event_time,Event Time,Level 2: Episodic Indexing,<003_0007.mp4>When did the person start picking up takeout from the delivery cabinet?,A.08:33,B.09:20,C.11:42,D.12:00,A,ev_34,lobby_2,The event of picking up takeout starts at 08:33.,worker_10,2025-12-09T11:00:00,accepted,global_json_list
egomonth_qa_000126,003,003,003_0007,003/003_0007.mp4,videos/003/003_0007.mp4,false,object_location,Object Location,Level 2: Episodic Indexing,<003_0007.mp4>Where was the sofa located in the living room?,A.Next to the floor lamp,B.Next to the bed,C.In the center,D.Next to the entrance door,A,,0007_obj_sofa_01|living_room_1,The sofa is next to the floor lamp in the living room.,worker_10,2025-12-09T11:00:00,accepted,global_json_list
egomonth_qa_000127,003,003,003_0007,003/003_0007.mp4,videos/003/003_0007.mp4,false,self_localization,Self-Localization,Level 2: Episodic Indexing,"<003_0007.mp4>At 00:46, where was the person?",A.Living room,B.Lobby,C.Garbage room,D.Corridor,A,,living_room_1,"At 00:46, objects like bed and table are in the living room.",worker_10,2025-12-09T11:00:00,accepted,global_json_list
egomonth_qa_000128,003,003,003_0007,003/003_0007.mp4,videos/003/003_0007.mp4,false,event_counting,Event Counting,Level 3: Cascading Reasoning,<003_0007.mp4>How many turns did the person make while going to the garbage room?,A.3,B.2,C.4,D.1,A,ev_33,garbage_room_1,"The person turned right, then right again, then left, totaling 3 turns.",worker_10,2025-12-09T11:00:00,accepted,global_json_list
egomonth_qa_000129,003,003,003_0007,003/003_0007.mp4,videos/003/003_0007.mp4,false,cross_view_spatial_reasoning,Cross-View Spatial Reasoning,Level 3: Cascading Reasoning,<003_0007.mp4>On which floor is the lobby where the takeout locker is located?,A.1st floor,B.38th floor,C.Ground floor,D.2nd floor,A,,lobby_2|0007_obj_takeoutlocker_01,The lobby with the takeout locker is on the 1st floor.,worker_10,2025-12-09T11:00:00,accepted,global_json_list
egomonth_qa_000130,003,003,003_0007,003/003_0007.mp4,videos/003/003_0007.mp4,false,procedure_planning,Procedure Planning,Level 3: Cascading Reasoning,<003_0007.mp4>What were the steps the person took to pick up the takeout?,A.Go to the lobby -> Open the locker -> Take the takeout,B.Go to the garbage room -> Open the locker -> Take the takeout,C.Go to the living room -> Open the locker -> Take the takeout,D.Go to the corridor -> Open the locker -> Take the takeout,A,ev_34,lobby_2|0007_obj_takeoutlocker_01,The person went to the lobby on the first floor to pick up takeout from the locker.,worker_10,2025-12-09T11:00:00,accepted,global_json_list
egomonth_qa_000131,003,003,003_0007,003/003_0007.mp4,videos/003/003_0007.mp4,false,habit_inference,Habit Inference,Level 1: Schema Consolidation,<003_0007.mp4>What is the person's habit regarding the direction they turn after going out?,A.Always turns left,B.Always turns right,C.Depends on the destination,D.No consistent habit,C,ev_32|ev_22|ev_24,,"In different videos, the person turns left or right depending on the path to the destination.",worker_10,2025-12-09T11:00:00,accepted,global_json_list
egomonth_qa_000132,003,003,003_0008,003/003_0008.mp4,videos/003/003_0008.mp4,false,event_time,Event Time,Level 2: Episodic Indexing,<003_0008.mp4>When did the person start filling water at the sink?,A.06:33,B.07:30,C.08:25,D.10:29,A,ev_38,living_room_1|0008_obj_sink_01,The event of filling water at the sink starts at 06:33.,worker_10,2025-12-14T10:00:00,accepted,global_json_list
egomonth_qa_000133,003,003,003_0008,003/003_0008.mp4,videos/003/003_0008.mp4,false,object_location,Object Location,Level 2: Episodic Indexing,<003_0008.mp4>Where was the refrigerator located in the living room?,A.Next to the entrance door,B.Next to the bed,C.In the center,D.Next to the stove,A,,0008_obj_refrigerator_01|living_room_1,The refrigerator is next to the entrance door in the living room.,worker_10,2025-12-14T10:00:00,accepted,global_json_list
egomonth_qa_000134,003,003,003_0008,003/003_0008.mp4,videos/003/003_0008.mp4,false,self_localization,Self-Localization,Level 2: Episodic Indexing,"<003_0008.mp4>At 11:42, where was the person?",A.Living room,B.Lobby,C.Garbage room,D.Corridor,A,,living_room_1|0008_obj_sofa_01,"At 11:42, the sofa object appears in the living room.",worker_10,2025-12-14T10:00:00,accepted,global_json_list
egomonth_qa_000135,003,003,003_0008,003/003_0008.mp4,videos/003/003_0008.mp4,false,event_counting,Event Counting,Level 3: Cascading Reasoning,<003_0008.mp4>How many cooking-related events occurred in this video?,A.4,B.5,C.6,D.3,C,ev_38|ev_39|ev_40|ev_42|ev_43|ev_45,living_room_1,"Cooking-related events include: filling water, boiling water, unpacking noodles, washing vegetables, cooking noodles, and adding ingredients.",worker_10,2025-12-14T10:00:00,accepted,global_json_list
egomonth_qa_000136,003,003,003_0008,003/003_0008.mp4,videos/003/003_0008.mp4,false,procedure_planning,Procedure Planning,Level 3: Cascading Reasoning,<003_0008.mp4>What were the main steps for making instant noodles?,A.Boil water -> Unpack noodles -> Wash vegetables -> Cook noodles -> Add ingredients,B.Unpack noodles -> Boil water -> Cook noodles -> Wash vegetables -> Add ingredients,C.Wash vegetables -> Boil water -> Unpack noodles -> Cook noodles -> Add ingredients,D.Fill water -> Unpack noodles -> Wash vegetables -> Cook noodles -> Boil water,A,ev_38|ev_39|ev_40|ev_42|ev_43|ev_45,living_room_1,"The person first boiled water (07:30-08:18), then unpacked noodles (08:25-10:00), washed vegetables (11:17-12:00), cooked noodles (12:29-14:30), and finally added ingredients (17:30-23:00).",worker_10,2025-12-14T10:00:00,accepted,global_json_list
egomonth_qa_000137,003,003,003_0008,003/003_0008.mp4,videos/003/003_0008.mp4,false,detail_retrieval,Detail Retrieval,Level 2: Episodic Indexing,<003_0008.mp4>At what time did the person put vegetables in the refrigerator?,A.10:29,B.11:17,C.08:25,D.12:29,A,ev_41,0008_obj_refrigerator_01|0008_obj_vegetables_01,The person put vegetables in the refrigerator at 10:29-10:40.,worker_10,2025-12-14T10:00:00,accepted,global_json_list
egomonth_qa_000138,003,003,003_0008,003/003_0008.mp4,videos/003/003_0008.mp4,false,temporal_ordering,Temporal Ordering,Level 2: Episodic Indexing,<003_0008.mp4>Which event happened first: unpacking instant noodles or washing vegetables?,A.Unpacking instant noodles,B.Washing vegetables,C.They happened at the same time,D.Neither occurred,A,ev_40|ev_42,living_room_1,"Unpacking instant noodles occurred at 08:25-10:00, while washing vegetables occurred at 11:17-12:00.",worker_10,2025-12-14T10:00:00,accepted,global_json_list
egomonth_qa_000139,003,003,003_0008,003/003_0008.mp4,videos/003/003_0008.mp4,false,habit_inference,Habit Inference,Level 1: Schema Consolidation,"<003_0008.mp4>Based on multiple videos, what is the person's habit when cooking?",A.Always orders takeout instead of cooking,B.Prepares all ingredients before starting to cook,C.Alternates between eating out and cooking at home,D.Only cooks simple instant meals,C,ev_28|ev_34|ev_38|ev_39|ev_40|ev_43,,"Across videos 003_0005, 003_0007, and 003_0008, the person sometimes picks up takeout and sometimes cooks at home, showing a habit of alternating between the two.",worker_10,2025-12-14T10:00:00,accepted,global_json_list
egomonth_qa_000140,003,003,003_0010,003/003_0010.mp4,videos/003/003_0010.mp4,false,event_time,Event Time,Level 2: Episodic Indexing,<003_0010.mp4>When did the person start washing fruit?,A.01:10,B.01:25,C.02:10,D.03:25,A,ev_53,living_room_1|0010_obj_sink_01,The event of washing fruit starts at 01:10.,worker_10,2025-12-14T11:00:00,accepted,global_json_list
egomonth_qa_000141,003,003,003_0010,003/003_0010.mp4,videos/003/003_0010.mp4,false,object_location,Object Location,Level 2: Episodic Indexing,<003_0010.mp4>Where was the mobile phone located in the living room?,A.On the table,B.Next to the bed,C.In the center,D.Next to the entrance door,A,,0010_obj_mobilephone_01|living_room_1,The mobile phone is on the table in the living room.,worker_10,2025-12-14T11:00:00,accepted,global_json_list
egomonth_qa_000142,003,003,003_0010,003/003_0010.mp4,videos/003/003_0010.mp4,false,procedure_planning,Procedure Planning,Level 3: Cascading Reasoning,<003_0010.mp4>What were the main steps for preparing fruit?,A.Wash fruit -> Cut fruit,B.Cut fruit -> Wash fruit,C.Wash fruit -> Use phone,D.Cut fruit -> Use phone,A,ev_53|ev_54,living_room_1,"The person first washed the fruit at the sink (01:10-01:25), then cut the fruit (01:25-02:10).",worker_10,2025-12-14T11:00:00,accepted,global_json_list
egomonth_qa_000143,003,003,003_0010,003/003_0010.mp4,videos/003/003_0010.mp4,false,temporal_ordering,Temporal Ordering,Level 2: Episodic Indexing,<003_0010.mp4>Which event happened first: washing fruit or cutting fruit?,A.Washing fruit,B.Cutting fruit,C.They happened at the same time,D.Neither occurred,A,ev_53|ev_54,living_room_1,"Washing fruit occurred from 01:10-01:25, while cutting fruit occurred from 01:25-02:10.",worker_10,2025-12-14T11:00:00,accepted,global_json_list
egomonth_qa_000144,003,003,003_0010,003/003_0010.mp4|003/003_0009.mp4|003/003_0007.mp4,videos/003/003_0010.mp4|videos/003/003_0009.mp4|videos/003/003_0007.mp4,false,habit_inference,Habit Inference,Level 1: Schema Consolidation,"<003_0010.mp4><003_0009.mp4><003_0007.mp4>Based on multiple videos, what is the person's habit regarding using the phone?",A.Uses it briefly for calls,B.Uses it for long periods while relaxing,C.Never uses it at home,D.Only uses it outside,B,ev_55|ev_52|ev_36,,"Across videos like 003_0010 (03:25-30:19), 003_0009 (15:20-25:19), and 003_0007 (12:00-26:00), the person often uses the phone or watches projector for extended periods while eating or relaxing.",worker_10,2025-12-14T11:00:00,accepted,global_json_list
egomonth_qa_000145,003,003,003_0011,003/003_0011.mp4,videos/003/003_0011.mp4,false,event_time,Event Time,Level 2: Episodic Indexing,<003_0011.mp4>When did the person start peeling the pomelo?,A.03:58,B.07:20,C.08:40,D.10:20,A,ev_58,living_room_1|0011_obj_pomelo_01,The event of peeling the pomelo starts at 03:58.,worker_10,2025-12-14T12:00:00,accepted,global_json_list
egomonth_qa_000146,003,003,003_0011,003/003_0011.mp4,videos/003/003_0011.mp4,false,object_location,Object Location,Level 2: Episodic Indexing,<003_0011.mp4>Where was the pomelo located in the living room?,A.On the table,B.Next to the bed,C.In the center,D.Next to the entrance door,A,,0011_obj_pomelo_01|living_room_1,The pomelo is on the table in the living room.,worker_10,2025-12-14T12:00:00,accepted,global_json_list
egomonth_qa_000147,003,003,003_0011,003/003_0011.mp4,videos/003/003_0011.mp4,false,self_localization,Self-Localization,Level 2: Episodic Indexing,"<003_0011.mp4>At 01:10, where was the person?",A.Living room,B.Lobby,C.Garbage room,D.Corridor,A,,living_room_1|0011_obj_bed_01,"At 01:10, objects like bed and table are in the living room.",worker_10,2025-12-14T12:00:00,accepted,global_json_list
egomonth_qa_000148,003,003,003_0011,003/003_0011.mp4,videos/003/003_0011.mp4,false,event_counting,Event Counting,Level 3: Cascading Reasoning,<003_0011.mp4>How many times did the person use the phone in this video?,A.2,B.1,C.3,D.0,A,ev_60|ev_61,living_room_1,"The person used the phone from 10:20-13:50 and 18:00-20:00, totaling 2 times.",worker_10,2025-12-14T12:00:00,accepted,global_json_list
egomonth_qa_000149,003,003,003_0011,003/003_0011.mp4,videos/003/003_0011.mp4,false,procedure_planning,Procedure Planning,Level 3: Cascading Reasoning,<003_0011.mp4>What were the main steps for peeling the pomelo?,A.Take pomelo -> Peel -> Eat,B.Take pomelo -> Wash -> Peel,C.Take pomelo -> Cut -> Peel,D.Take pomelo -> Boil -> Peel,A,ev_58,living_room_1|0011_obj_pomelo_01,The person took the pomelo from the table and peeled it over time from 03:58-07:20.,worker_10,2025-12-14T12:00:00,accepted,global_json_list
egomonth_qa_000150,003,003,003_0011,003/003_0011.mp4,videos/003/003_0011.mp4,false,temporal_ordering,Temporal Ordering,Level 2: Episodic Indexing,<003_0011.mp4>Which event happened first: closing the window or peeling the pomelo?,A.Closing the window,B.Peeling the pomelo,C.They happened at the same time,D.Neither occurred,A,ev_57|ev_58,living_room_1,"Closing the window occurred from 03:07-03:20, while peeling the pomelo started at 03:58.",worker_10,2025-12-14T12:00:00,accepted,global_json_list
egomonth_qa_000151,003,003,003_0011,003/003_0011.mp4,videos/003/003_0011.mp4,false,detail_retrieval,Detail Retrieval,Level 2: Episodic Indexing,<003_0011.mp4>At what time did the person start tidying up the bed sheets?,A.08:40,B.09:20,C.10:20,D.18:00,A,ev_59,0011_obj_bed_01|living_room_1,The person started tidying up the bed sheets at 08:40-09:20.,worker_10,2025-12-14T12:00:00,accepted,global_json_list
egomonth_qa_000152,003,003,003_0012,003/003_0012.mp4,videos/003/003_0012.mp4,false,event_time,Event Time,Level 2: Episodic Indexing,<003_0012.mp4>When did the person start using the phone for the first time?,A.00:30,B.03:00,C.05:00,D.06:39,A,,,The event ev_63 indicates the person started using the phone at 00:30.,worker_10,2025-12-14T12:00:00,accepted,global_json_list
egomonth_qa_000153,003,003,003_0012,003/003_0012.mp4,videos/003/003_0012.mp4,false,object_location,Object Location,Level 2: Episodic Indexing,<003_0012.mp4>Where was the fan located?,A.On the table,B.Next to the bed,C.Next to the entrance door,D.In the center of the room,A,,living_room_1,The object 0012_obj_fan_01 is described as being on the table in the living room.,worker_10,2025-12-14T12:00:00,accepted,global_json_list
egomonth_qa_000154,003,003,003_0012,003/003_0012.mp4,videos/003/003_0012.mp4,false,event_time,Event Time,Level 2: Episodic Indexing,<003_0012.mp4>What activity occurred between 03:00 and 04:00?,A.Using the phone,B.Tidying up miscellaneous items,C.Watching the projector,D.Peeling a pomelo,B,,,The event ev_64 describes tidying up miscellaneous items from 03:00 to 04:00.,worker_10,2025-12-14T12:00:00,accepted,global_json_list
egomonth_qa_000155,003,003,003_0013,003/003_0013.mp4,videos/003/003_0013.mp4,false,event_time,Event Time,Level 2: Episodic Indexing,<003_0013.mp4>When did the person start putting on socks?,A.01:10,B.02:00,C.03:00,D.25:52,A,,,The event ev_66 indicates the person started putting on socks at 01:10.,worker_10,2025-12-14T12:00:00,accepted,global_json_list
egomonth_qa_000156,003,003,003_0013,003/003_0013.mp4,videos/003/003_0013.mp4,false,object_location,Object Location,Level 2: Episodic Indexing,<003_0013.mp4>Where was the wardrobe located?,A.Next to the bed,B.Next to the entrance door,C.On the table,D.In the center of the room,A,,living_room_1,The object 0013_obj_wardrobe_01 is described as being next to the bed in the living room.,worker_10,2025-12-14T12:00:00,accepted,global_json_list
egomonth_qa_000157,003,003,003_0013,003/003_0013.mp4,videos/003/003_0013.mp4,false,temporal_ordering,Temporal Ordering,Level 2: Episodic Indexing,<003_0013.mp4>What was the order of activities after 01:50?,A.Putting on socks then using the phone,B.Using the phone then putting on socks,C.Tidying up then using the phone,D.Using the phone then tidying up,A,,,"The event ev_66 (putting on socks) ends at 01:50, followed by ev_67 (using the phone) starting at 02:00.",worker_10,2025-12-14T12:00:00,accepted,global_json_list
egomonth_qa_000158,003,003,003_0014,003/003_0014.mp4,videos/003/003_0014.mp4,false,object_location,Object Location,Level 2: Episodic Indexing,<003_0014.mp4>Where was the chair located?,A.Next to the table,B.Next to the bed,C.Next to the entrance door,D.In the center of the room,A,,living_room_1,The object 0014_obj_chair_01 is described as being next to the table in the living room.,worker_10,2025-12-14T12:00:00,accepted,global_json_list
egomonth_qa_000159,003,003,003_0014,003/003_0014.mp4,videos/003/003_0014.mp4,false,event_time,Event Time,Level 2: Episodic Indexing,<003_0014.mp4>When did the person start sitting on the chair using the phone?,A.04:03,B.05:20,C.06:10,D.02:40,C,,,The event ev_71 indicates the person started sitting on the chair using the phone at 06:10.,worker_10,2025-12-14T12:00:00,accepted,global_json_list
egomonth_qa_000160,003,003,003_0014,003/003_0014.mp4,videos/003/003_0014.mp4,false,temporal_ordering,Temporal Ordering,Level 2: Episodic Indexing,<003_0014.mp4>What was the order of activities involving using the phone?,A.Sitting on the bed then sitting on the chair,B.Sitting on the chair then sitting on the bed,C.Drinking water then sitting on the bed,D.Putting on socks then sitting on the chair,A,,,"The event ev_69 (sitting on the bed using the phone) occurs from 04:03-05:10, followed by ev_71 (sitting on the chair using the phone) from 06:10-25:15.",worker_10,2025-12-14T12:00:00,accepted,global_json_list
egomonth_qa_000161,003,003,003_0014,003/003_0014.mp4,videos/003/003_0014.mp4,false,object_location,Object Location,Level 2: Episodic Indexing,<003_0014.mp4>Where was the fan located?,A.On the table,B.Next to the bed,C.Next to the entrance door,D.In the center of the room,A,,living_room_1,The object 0014_obj_fan_01 is described as being on the table in the living room.,worker_10,2025-12-14T12:00:00,accepted,global_json_list
egomonth_qa_000162,003,003,003_0014,003/003_0014.mp4,videos/003/003_0014.mp4,false,spatial_relation,Spatial Relation,Level 2: Episodic Indexing,<003_0014.mp4>What is the spatial relation between the bed and the wardrobe?,A.Next to each other,B.Opposite sides of the room,C.One on top of the other,D.Far apart,A,,living_room_1,"Both the bed and wardrobe are described as being next to the bed in the living room, indicating they are next to each other.",worker_10,2025-12-14T12:00:00,accepted,global_json_list
egomonth_qa_000163,003,003,003_0014,003/003_0014.mp4,videos/003/003_0014.mp4,false,event_counting,Event Counting,Level 3: Cascading Reasoning,<003_0014.mp4>How many times did the person use the phone in this video?,A.1,B.2,C.3,D.4,B,,,"The events ev_69 and ev_71 both involve using the phone, occurring twice in the video.",worker_10,2025-12-14T12:00:00,accepted,global_json_list
egomonth_qa_000164,003,003,003_0014,003/003_0010.mp4|003/003_0011.mp4|003/003_0012.mp4|003/003_0013.mp4|003/003_0014.mp4,videos/003/003_0010.mp4|videos/003/003_0011.mp4|videos/003/003_0012.mp4|videos/003/003_0013.mp4|videos/003/003_0014.mp4,false,habit_inference,Habit Inference,Level 1: Schema Consolidation,<003_0010.mp4><003_0011.mp4><003_0012.mp4><003_0013.mp4><003_0014.mp4>What is the person's habit regarding using the phone?,A.Uses it briefly for calls,B.Uses it for extended periods while relaxing or sitting,C.Uses it only when moving,D.Rarely uses it,B,,,"Across videos 003_0010 (03:25-30:19), 003_0011 (10:20-13:50, 18:00-20:00, 20:22-29:33), 003_0012 (00:30-01:12, 05:00-06:39), 003_0013 (02:00-25:52), and 003_0014 (04:03-05:10, 06:10-25:15), the person often uses the phone for extended periods while relaxing or sitting.",worker_10,2025-12-14T12:00:00,accepted,global_json_list
egomonth_qa_000165,003,003,003_0015,003/003_0015.mp4,videos/003/003_0015.mp4,false,object_location,Object Location,Level 2: Episodic Indexing,<003_0015.mp4>Where was the sink located?,A.Next to the stove,B.Next to the bed,C.Next to the entrance door,D.In the center of the room,A,,living_room_1,The object 0015_obj_sink_01 is described as being next to the stove in the living room.,worker_10,2025-12-14T12:00:00,accepted,global_json_list
egomonth_qa_000166,003,003,003_0015,003/003_0015.mp4,videos/003/003_0015.mp4,false,event_time,Event Time,Level 2: Episodic Indexing,<003_0015.mp4>When did the person start cooking instant noodles?,A.10:00,B.15:00,C.18:00,D.26:59,A,,,The event ev_75 indicates the person started cooking instant noodles at 10:00.,worker_10,2025-12-14T12:00:00,accepted,global_json_list
egomonth_qa_000167,003,003,003_0015,003/003_0015.mp4,videos/003/003_0015.mp4,false,temporal_ordering,Temporal Ordering,Level 2: Episodic Indexing,<003_0015.mp4>What was the order of activities involving the sink?,A.Filling water then washing vegetables,B.Washing vegetables then filling water,C.Cooking instant noodles then filling water,D.Sitting on the chair then washing vegetables,A,,,"The event ev_72 (filling water) occurs from 00:30-01:20, followed by ev_74 (washing vegetables) from 01:40-03:00.",worker_10,2025-12-14T12:00:00,accepted,global_json_list
egomonth_qa_000168,003,003,003_0015,003/003_0015.mp4,videos/003/003_0015.mp4,false,object_location,Object Location,Level 2: Episodic Indexing,<003_0015.mp4>Where was the fan located?,A.Next to the bed,B.On the table,C.Next to the entrance door,D.In the center of the room,B,,living_room_1,The object 0015_obj_fan_01 is described as being on the table in the living room.,worker_10,2025-12-14T12:00:00,accepted,global_json_list
egomonth_qa_000169,003,003,003_0015,003/003_0015.mp4,videos/003/003_0015.mp4,false,spatial_relation,Spatial Relation,Level 2: Episodic Indexing,<003_0015.mp4>What is the spatial relation between the bed and the wardrobe?,A.Next to each other,B.Opposite sides of the room,C.One on top of the other,D.Far apart,A,,living_room_1,"Both the bed and wardrobe are described as being next to the bed in the living room, indicating they are next to each other.",worker_10,2025-12-14T12:00:00,accepted,global_json_list
egomonth_qa_000170,003,003,003_0015,003/003_0015.mp4,videos/003/003_0015.mp4,false,event_counting,Event Counting,Level 3: Cascading Reasoning,<003_0015.mp4>How many times did the person interact with the refrigerator?,A.1,B.2,C.3,D.4,A,,,"The event ev_73 involves taking vegetables and fruits from the refrigerator, occurring once in the video.",worker_10,2025-12-14T12:00:00,accepted,global_json_list
egomonth_qa_000171,003,003,003_0015,003/003_0008.mp4|003/003_0015.mp4,videos/003/003_0008.mp4|videos/003/003_0015.mp4,false,habit_inference,Habit Inference,Level 1: Schema Consolidation,<003_0008.mp4><003_0015.mp4>What is the person's habit regarding cooking instant noodles?,A.Uses it as a quick meal option,"B.Rarely cooks it, preferring other foods",C.Cooks it only when alone,D.Cooks it frequently with added seasonings,D,,,"In 003_0008 (17:30-23:00), the person cooks instant noodles with added seasonings, and in 003_0015 (10:00-15:00), the person cooks instant noodles again, indicating a habit of cooking it frequently with seasonings.",worker_10,2025-12-14T12:00:00,accepted,global_json_list
egomonth_qa_000172,003,003,003_0016,003/003_0016.mp4,videos/003/003_0016.mp4,false,event_time,Event Time,Level 2: Episodic Indexing,<003_0016.mp4>At what time did the person wash their hands?,A.05:20,B.07:30,C.08:00,D.10:00,A,,,ev_77 shows hand washing at 05:20.,worker_10,2025-12-14T12:00:00,accepted,global_json_list
egomonth_qa_000173,003,003,003_0016,003/003_0016.mp4,videos/003/003_0016.mp4,false,object_location,Object Location,Level 2: Episodic Indexing,<003_0016.mp4>Where is the sofa placed in the living room?,A.Next to the bed and table,B.In the center of the room,C.Next to the stove,D.By the entrance door,A,,living_room_1,0016_obj_sofa_01 is described as next to the bed and table.,worker_10,2025-12-14T12:00:00,accepted,global_json_list
egomonth_qa_000174,003,003,003_0016,003/003_0016.mp4,videos/003/003_0016.mp4,false,event_time,Event Time,Level 2: Episodic Indexing,<003_0016.mp4>What did the person do between 08:00 and 09:30?,A.Making the bed,B.Drinking water,C.Washing hands,D.Using the phone,A,,,ev_79 covers making the bed from 08:00 to 09:30.,worker_10,2025-12-14T12:00:00,accepted,global_json_list
egomonth_qa_000175,003,003,003_0016,003/003_0016.mp4,videos/003/003_0016.mp4,false,event_counting,Event Counting,Level 3: Cascading Reasoning,<003_0016.mp4>How many times did the person use the phone in this video?,A.1,B.2,C.3,D.4,B,,,"ev_80 and ev_81 both involve phone use, so twice.",worker_10,2025-12-14T12:00:00,accepted,global_json_list
egomonth_qa_000176,003,003,003_0016,003/003_0016.mp4,videos/003/003_0016.mp4,false,spatial_relation,Spatial Relation,Level 2: Episodic Indexing,<003_0016.mp4>What is the spatial relation between the wardrobe and the bed?,A.Wardrobe is next to the bed,B.Wardrobe is by the entrance,C.Wardrobe is on the table,D.Wardrobe is in the center,A,,living_room_1,Both objects are described as next to the bed.,worker_10,2025-12-14T12:00:00,accepted,global_json_list
egomonth_qa_000177,003,003,003_0016,003/003_0016.mp4,videos/003/003_0016.mp4,false,detail_retrieval,Detail Retrieval,Level 2: Episodic Indexing,<003_0016.mp4>Which object did the person interact with to wash hands?,A.Sink,B.Bed,C.Sofa,D.Chair,A,,living_room_1,Hand washing event involves the sink.,worker_10,2025-12-14T12:00:00,accepted,global_json_list
egomonth_qa_000178,003,003,003_0016,003/003_0016.mp4,videos/003/003_0016.mp4,false,temporal_ordering,Temporal Ordering,Level 2: Episodic Indexing,<003_0016.mp4>What was the sequence of activities after 07:40?,"A.Making the bed, then using the phone on the bed, then on the sofa","B.Using the phone on the sofa, then making the bed","C.Washing hands, then making the bed","D.Drinking water, then using the phone on the bed",A,,,"After 07:40: making the bed (08:00-09:30), using phone on bed (10:00-30:00), then on sofa (31:48-41:00).",worker_10,2025-12-14T12:00:00,accepted,global_json_list
egomonth_qa_000179,003,003,003_0011,003/003_0011.mp4|003/003_0016.mp4,videos/003/003_0011.mp4|videos/003/003_0016.mp4,false,habit_inference,Habit Inference,Level 1: Schema Consolidation,<003_0011.mp4><003_0016.mp4>What can be inferred about the person's preference for using the phone?,A.Prefers to use the phone while sitting or lying down,B.Uses the phone only while standing,C.Rarely uses the phone,D.Uses the phone only outdoors,A,,,"In both 003_0011 and 003_0016, the person uses the phone for long periods while sitting or lying down.",worker_10,2025-12-14T12:00:00,accepted,global_json_list
egomonth_qa_000180,003,003,003_0017,003/003_0017.mp4,videos/003/003_0017.mp4,false,event_time,Event Time,Level 2: Episodic Indexing,<003_0017.mp4>At what time did the person start filling water at the sink?,A.17:10,B.01:00,C.10:00,D.01:10,D,,living_room_1|0017_obj_sink_01,ev_82 shows filling water at the sink at 00:10.,worker_10,2025-12-14T12:00:00,accepted,global_json_list
egomonth_qa_000181,003,003,003_0017,003/003_0017.mp4,videos/003/003_0017.mp4,false,object_location,Object Location,Level 2: Episodic Indexing,<003_0017.mp4>Where is the refrigerator located in the living room?,A.Next to the entrance door,B.Next to the stove,C.In the center of the room,D.Next to the bed,A,,living_room_1,0017_obj_refrigerator_01 is next to the entrance door in the living room.,worker_10,2025-12-14T12:00:00,accepted,global_json_list
egomonth_qa_000182,003,003,003_0017,003/003_0017.mp4,videos/003/003_0017.mp4,false,event_time,Event Time,Level 2: Episodic Indexing,"<003_0017.mp4>At 17:10, what was the person doing?",A.Washing dishes,B.Cooking instant noodles,C.Sweeping the floor,D.Stirring instant noodles,A,,living_room_1|0017_obj_sink_01,ev_88 covers washing dishes at 17:10.,worker_10,2025-12-14T12:00:00,accepted,global_json_list
egomonth_qa_000183,003,003,003_0017,003/003_0017.mp4,videos/003/003_0017.mp4,false,event_counting,Event Counting,Level 3: Cascading Reasoning,<003_0017.mp4>How many events involved the sink in this video?,A.2,B.3,C.4,D.5,B,,0017_obj_sink_01,"ev_82 (filling water), ev_84 (washing/cutting vegetables), ev_88 (washing dishes) all involve the sink.",worker_10,2025-12-14T12:00:00,accepted,global_json_list
egomonth_qa_000184,003,003,003_0017,003/003_0017.mp4,videos/003/003_0017.mp4,false,spatial_relation,Spatial Relation,Level 2: Episodic Indexing,<003_0017.mp4>What is the spatial relation between the sofa and the table?,A.Sofa is next to the table,B.Sofa is in the center of the room,C.Sofa is next to the stove,D.Sofa is by the entrance door,A,,living_room_1,0017_obj_sofa_01 and 0017_obj_table_01 are both described as next to each other in the living room.,worker_10,2025-12-14T12:00:00,accepted,global_json_list
egomonth_qa_000185,003,003,003_0017,003/003_0017.mp4,videos/003/003_0017.mp4,false,procedure_planning,Procedure Planning,Level 3: Cascading Reasoning,<003_0017.mp4>What were the main steps for cooking instant noodles?,A.Adding vegetables -> Cooking noodles -> Stirring noodles,B.Beating eggs -> Adding vegetables -> Cooking noodles -> Stirring noodles,C.Unpacking noodles -> Adding seasoning -> Cooking noodles -> Stirring noodles,D.Adding vegetables -> Beating eggs -> Unpacking noodles -> Adding seasoning -> Cooking noodles -> Stirring noodles,D,,,"ev_86 (adding vegetables, beating eggs, unpacking noodles), ev_87 (adding seasoning, cooking noodles), ev_89 (stirring noodles).",worker_10,2025-12-14T12:00:00,accepted,global_json_list
egomonth_qa_000186,003,003,003_0017,003/003_0017.mp4,videos/003/003_0017.mp4,false,temporal_ordering,Temporal Ordering,Level 2: Episodic Indexing,<003_0017.mp4>Which event happened first: taking vegetables and eggs from the refrigerator or washing and cutting vegetables?,A.Taking vegetables and eggs from the refrigerator,B.Washing and cutting vegetables,C.Adding seasoning packets,D.Stirring instant noodles,A,,,ev_83 (taking vegetables and eggs) occurs before ev_84 (washing and cutting vegetables).,worker_10,2025-12-14T12:00:00,accepted,global_json_list
egomonth_qa_000187,003,003,003_0017,003/003_0008.mp4|003/003_0015.mp4|003/003_0017.mp4,videos/003/003_0008.mp4|videos/003/003_0015.mp4|videos/003/003_0017.mp4,false,habit_inference,Habit Inference,Level 1: Schema Consolidation,<003_0008.mp4><003_0015.mp4><003_0017.mp4>What can be inferred about the person's cooking habits regarding instant noodles?,A.Prefers to add vegetables and eggs when cooking instant noodles,B.Only cooks instant noodles without any additions,C.Rarely cooks instant noodles,D.Prefers to eat out instead of cooking,A,,,"Across 003_0008, 003_0015, and 003_0017, the person consistently adds vegetables and eggs when cooking instant noodles.",worker_10,2025-12-14T12:00:00,accepted,global_json_list
egomonth_qa_000188,003,003,003_0018,003/003_0018.mp4,videos/003/003_0018.mp4,false,event_time,Event Time,Level 2: Episodic Indexing,<003_0018.mp4>At what time did the person wash hands at the sink?,A.01:00-02:30,B.06:53-11:10,C.11:55-35:15,D.00:10-00:30,A,,living_room_1|0018_obj_sink_01,ev_91 shows washing hands at the sink at 01:00-02:30.,worker_10,2025-12-14T12:00:00,accepted,global_json_list
egomonth_qa_000189,003,003,003_0018,003/003_0018.mp4,videos/003/003_0018.mp4,false,event_counting,Event Counting,Level 3: Cascading Reasoning,<003_0018.mp4>How many distinct locations are involved in the events of this video?,A.1,B.2,C.3,D.4,B,,living_room_1|lobby_2,Events occur in living_room_1 and lobby_2.,worker_10,2025-12-14T12:00:00,accepted,global_json_list
egomonth_qa_000190,003,003,003_0018,003/003_0018.mp4,videos/003/003_0018.mp4,false,temporal_ordering,Temporal Ordering,Level 2: Episodic Indexing,<003_0018.mp4>What is the correct sequence of main activities in this video?,A.Going out to throw away trash -> Washing hands -> Using the phone on the bed,B.Using the phone on the bed -> Washing hands -> Going out to throw away trash,C.Washing hands -> Going out to throw away trash -> Using the phone on the bed,D.Washing hands -> Using the phone on the bed -> Going out to throw away trash,C,,,"The order is: washing hands (1:00-2:30), going out to throw away trash (6:53-11:10), using the phone on the bed (11:55-35:15).",worker_10,2025-12-14T12:00:00,accepted,global_json_list
egomonth_qa_000191,003,003,003_0019,003/003_0019.mp4,videos/003/003_0019.mp4,false,event_time,Event Time,Level 2: Episodic Indexing,<003_0019.mp4> During which time period did the person tidy up clothes?,A.13:32-15:12,B.02:32-06:00,C.20:25-23:05,D.08:00-09:30,A,ev_95,,The event 'Tidying up clothes' occurs from 13:32 to 15:12.,worker_10,2025-12-29T10:00:00,accepted,global_json_list
egomonth_qa_000192,003,003,003_0019,003/003_0019.mp4,videos/003/003_0019.mp4,false,procedure_planning,Procedure Planning,Level 3: Cascading Reasoning,<003_0019.mp4> What is the correct chronological sequence of the following activities performed by the person?,A.Filling water at the sink -> Tidying up clothes -> Sitting on the bed using the phone,B.Tidying up clothes -> Filling water at the sink -> Sitting on the bed using the phone,C.Sitting on the bed using the phone -> Tidying up clothes -> Filling water at the sink,D.Filling water at the sink -> Sitting on the bed using the phone -> Tidying up clothes,A,ev_94|ev_95|ev_96,,"The person fills water at 02:32, tidies clothes at 13:32, and uses the phone on the bed at 20:25.",worker_10,2025-12-29T10:05:00,accepted,global_json_list
egomonth_qa_000193,003,003,003_0019,003/003_0019.mp4,videos/003/003_0019.mp4,false,event_counting,Event Counting,Level 3: Cascading Reasoning,<003_0019.mp4> How many times did the person use the sink in this video?,A.1,B.2,C.3,D.0,A,ev_94,0019_obj_sink_01,The person used the sink once to fill water (ev_94).,worker_10,2025-12-29T10:10:00,accepted,global_json_list
egomonth_qa_000194,003,003,003_0019,003/003_0011.mp4|003/003_0012.mp4|003/003_0013.mp4|003/003_0014.mp4|003/003_0015.mp4|003/003_0016.mp4|003/003_0018.mp4|003/003_0019.mp4,videos/003/003_0011.mp4|videos/003/003_0012.mp4|videos/003/003_0013.mp4|videos/003/003_0014.mp4|videos/003/003_0015.mp4|videos/003/003_0016.mp4|videos/003/003_0018.mp4|videos/003/003_0019.mp4,false,habit_inference,Habit Inference,Level 1: Schema Consolidation,"<003_0011.mp4><003_0012.mp4><003_0013.mp4><003_0014.mp4><003_0015.mp4><003_0016.mp4><003_0018.mp4><003_0019.mp4> Based on the activities observed across these videos, what is a prominent leisure habit of this person?","A.The person frequently uses the phone for extended periods in various locations such as the bed, chair, and sofa",B.The person spends most of their leisure time reading books in the study,C.The person primarily watches TV while eating meals at the table,D.The person exercises regularly in the living room every evening,A,ev_60|ev_61|ev_63|ev_65|ev_67|ev_69|ev_71|ev_76|ev_80|ev_81|ev_93|ev_96,,"The person is observed using the phone in multiple videos (0011, 0012, 0013, 0014, 0015, 0016, 0018, 0019) for long durations and in different locations.",worker_10,2025-12-29T10:15:00,accepted,global_json_list
egomonth_qa_000195,003,003,003_0021,003/003_0021.mp4,videos/003/003_0021.mp4,false,object_location,Object Location,Level 2: Episodic Indexing,<003_0021.mp4> Where is the sink located in the living room?,A.Next to the stove,B.Next to the entrance door,C.On the table,D.In the center of the room,A,,0021_obj_sink_01,The sink is located next to the stove in the living room.,worker_10,2025-12-29T11:00:00,accepted,global_json_list
egomonth_qa_000196,003,003,003_0021,003/003_0021.mp4,videos/003/003_0021.mp4,false,event_counting,Event Counting,Level 3: Cascading Reasoning,<003_0021.mp4> How many times did the person interact with the sink in this video?,A.1,B.2,C.0,D.3,A,ev_97,0021_obj_sink_01,The person interacted with the sink once to peel a pomelo (ev_97).,worker_10,2025-12-29T11:05:00,accepted,global_json_list
egomonth_qa_000197,003,003,003_0022,003/003_0022.mp4,videos/003/003_0022.mp4,false,object_location,Object Location,Level 2: Episodic Indexing,<003_0022.mp4> Where is the sofa located in the living room?,A.Next to the bed and table,B.Next to the entrance door,C.On the table,D.In the center of the room,A,,0022_obj_sofa_01,The sofa is located next to the bed and table in the living room.,worker_10,2025-12-29T12:00:00,accepted,global_json_list
egomonth_qa_000198,003,003,003_0022,003/003_0022.mp4,videos/003/003_0022.mp4,false,event_counting,Event Counting,Level 3: Cascading Reasoning,<003_0022.mp4> How many times did the person interact with the sink in this video?,A.1,B.2,C.0,D.3,A,ev_98,0022_obj_sink_01,The person interacted with the sink once to clean it (ev_98).,worker_10,2025-12-29T12:05:00,accepted,global_json_list
egomonth_qa_000199,003,003,003_0022,003/003_0022.mp4,videos/003/003_0022.mp4,false,temporal_ordering,Temporal Ordering,Level 2: Episodic Indexing,<003_0022.mp4> What is the correct chronological order of the following activities performed by the person?,A.Cleaning the sink -> Using the phone -> Sitting on the sofa playing games,B.Using the phone -> Cleaning the sink -> Sitting on the sofa playing games,C.Sitting on the sofa playing games -> Cleaning the sink -> Using the phone,D.Cleaning the sink -> Sitting on the sofa playing games -> Using the phone,A,ev_98|ev_99|ev_100,,"The person cleaned the sink from 00:10-03:35, used the phone from 05:15-09:15, and played games on the sofa from 09:15-17:11.",worker_10,2025-12-29T12:10:00,accepted,global_json_list
egomonth_qa_000200,003,003,003_0023,003/003_0023.mp4,videos/003/003_0023.mp4,false,object_location,Object Location,Level 2: Episodic Indexing,<003_0023.mp4>Where is the sink located?,A.Next to the stove in the living room,B.On the table in the living room,C.Next to the bed in the living room,D.In the center of the living room,A,,0023_obj_sink_01,The sink is located next to the stove in the living room.,worker_10,2025-12-29T12:15:00,accepted,global_json_list
egomonth_qa_000201,003,003,003_0023,003/003_0023.mp4,videos/003/003_0023.mp4,false,procedure_planning,Procedure Planning,Level 3: Cascading Reasoning,<003_0023.mp4>What are the steps involved in peeling the pomelo?,A.Wash the pomelo -> Peel the skin -> Separate segments -> Eat,B.Peel the skin -> Wash the pomelo -> Separate segments -> Eat,C.Wash the pomelo -> Separate segments -> Peel the skin -> Eat,D.Eat -> Wash the pomelo -> Peel the skin -> Separate segments,A,ev_102,0023_obj_sink_01,"The event involves peeling a pomelo at the sink from 08:44-17:49, following the logical steps of washing, peeling, separating, and eating.",worker_10,2025-12-29T12:20:00,accepted,global_json_list
egomonth_qa_000202,003,003,003_0023,003/003_0023.mp4,videos/003/003_0023.mp4,false,event_counting,Event Counting,Level 3: Cascading Reasoning,<003_0023.mp4>How many events occur in the living room?,A.1,B.2,C.3,D.0,B,ev_102|ev_103,,"Events ev_102 (peeling pomelo) and ev_103 (eating) occur in the living room, while ev_101 is in the lobby.",worker_10,2025-12-29T12:25:00,accepted,global_json_list
egomonth_qa_000203,003,003,003_0023,003/003_0017.mp4|003/003_0023.mp4,videos/003/003_0017.mp4|videos/003/003_0023.mp4,false,habit_inference,Habit Inference,Level 1: Schema Consolidation,<003_0017.mp4><003_0023.mp4>Where does the person typically eat meals?,A.Living room,B.Lobby,C.Bedroom,D.Kitchen,A,ev_90|ev_103,,"In 003_0017, the person eats at the table in the living room, and in 003_0023, eating occurs in the living room, indicating a habit of eating in the living room.",worker_10,2025-12-29T12:30:00,accepted,global_json_list
egomonth_qa_000204,003,003,003_0024,003/003_0024.mp4,videos/003/003_0024.mp4,false,object_location,Object Location,Level 2: Episodic Indexing,<003_0024.mp4>Where is the fan located?,A.On the table,B.Next to the bed,C.In the center of the living room,D.Next to the wardrobe,A,,0024_obj_fan_01,The fan is located on the table in the living room.,worker_10,2025-12-29T13:00:00,accepted,global_json_list
egomonth_qa_000205,003,003,003_0024,003/003_0024.mp4,videos/003/003_0024.mp4,false,temporal_ordering,Temporal Ordering,Level 2: Episodic Indexing,<003_0024.mp4>When did the person start tidying up clothes and miscellaneous items?,A.07:50,B.12:50,C.14:52,D.04:30,A,ev_106,,The event of tidying up clothes starts at 07:50.,worker_10,2025-12-29T13:05:00,accepted,global_json_list
egomonth_qa_000206,003,003,003_0024,003/003_0024.mp4,videos/003/003_0024.mp4,false,spatial_relation,Spatial Relation,Level 2: Episodic Indexing,<003_0024.mp4>Which objects are located next to the bed?,"A.Sofa, table, and wardrobe",B.Fan and sofa,C.Table and fan,D.Wardrobe only,A,,0024_obj_bed_01|0024_obj_sofa_01|0024_obj_table_01|0024_obj_wardrobe_01,"The sofa is next to the bed and table, the table is next to the bed, and the wardrobe is next to the bed.",worker_10,2025-12-29T13:10:00,accepted,global_json_list
egomonth_qa_000207,003,003,003_0025,003/003_0025.mp4,videos/003/003_0025.mp4,false,event_time,Event Time,Level 2: Episodic Indexing,<003_0025.mp4>When did the person use the phone?,A.0:00-11:44,B.12:00-13:00,C.5:00-6:00,D.10:00-12:00,A,ev_108,,The person used the phone from 0:00 to 11:44.,worker_10,2025-12-29T00:00:00,accepted,global_json_list
egomonth_qa_000208,003,003,003_0026,003/003_0026.mp4,videos/003/003_0026.mp4,false,event_time,Event Time,Level 2: Episodic Indexing,<003_0026.mp4>When did the person clean the toilet?,A.10:05-13:50,B.04:17-10:00,C.15:34-23:54,D.00:38-01:43,A,ev_111,,The person cleaned the toilet from 10:05 to 13:50.,worker_10,2025-12-30T00:00:00,accepted,global_json_list
egomonth_qa_000209,003,003,003_0026,003/003_0026.mp4,videos/003/003_0026.mp4,false,procedure_planning,Procedure Planning,Level 3: Cascading Reasoning,<003_0026.mp4>What was the sequence of activities the person performed while brushing teeth and making breakfast from 04:17 to 10:00?,A.Brushing teeth and making breakfast simultaneously,"B.Brushing teeth first, then making breakfast","C.Making breakfast first, then brushing teeth",D.Only brushing teeth,A,ev_110,,"The description indicates brushing teeth while making breakfast, meaning simultaneously.",worker_10,2025-12-30T00:00:00,accepted,global_json_list
egomonth_qa_000210,003,003,003_0026,003/003_0026.mp4,videos/003/003_0026.mp4,false,object_counting_global,Object Counting,Level 3: Cascading Reasoning,<003_0026.mp4>How many pieces of furniture are in the living room?,A.4,B.3,C.5,D.6,A,,0026_obj_wardrobe_01|0026_obj_bed_01|0026_obj_sofa_01|0026_obj_table_01,"Furniture items: wardrobe, bed, sofa, table.",worker_10,2025-12-30T00:00:00,accepted,global_json_list
egomonth_qa_000211,003,003,003_0026,003/003_0026.mp4,videos/003/003_0026.mp4,false,detail_retrieval,Detail Retrieval,Level 2: Episodic Indexing,<003_0026.mp4>What is the description of the toilet's location?,A.In the bathroom,B.In the living room,C.Next to the bed,D.On the table,A,,0026_obj_toilet_01,The toilet is located in the bathroom.,worker_10,2025-12-30T00:00:00,accepted,global_json_list
egomonth_qa_000212,003,003,003_0026,003/003_0026.mp4|003/003_0016.mp4,videos/003/003_0026.mp4|videos/003/003_0016.mp4,false,habit_inference,Habit Inference,Level 1: Schema Consolidation,<003_0026.mp4><003_0016.mp4>What is the person's habit regarding making the bed?,A.Makes the bed regularly,B.Never makes the bed,C.Makes the bed only when guests come,D.Makes the bed at night only,A,ev_79|ev_109,,"In both videos, the person is shown making the bed, indicating a regular habit.",worker_10,2025-12-30T00:00:00,accepted,global_json_list
egomonth_qa_000213,003,003,003_0027,003/003_0027.mp4,videos/003/003_0027.mp4,false,object_location,Object Location,Level 2: Episodic Indexing,<003_0027.mp4>Where is the bed located?,A.In the center of the living room,B.Next to the bed and table in the living room,C.On the table in the living room,D.Next to the stove in the living room,A,,0027_obj_bed_01,The bed is in the center of the living room at 12:19.,worker_10,2025-12-30T00:00:00,accepted,global_json_list
egomonth_qa_000214,003,003,003_0027,003/003_0027.mp4,videos/003/003_0027.mp4,false,event_counting,Event Counting,Level 3: Cascading Reasoning,<003_0027.mp4>How many activities does the person perform at the sink?,A.1,B.2,C.3,D.0,B,ev_115|ev_116,,The person unpacks packages and cleans utensils at the sink.,worker_10,2025-12-30T00:00:00,accepted,global_json_list
egomonth_qa_000215,003,003,003_0027,003/003_0027.mp4,videos/003/003_0027.mp4,false,spatial_relation,Spatial Relation,Level 2: Episodic Indexing,<003_0027.mp4>What objects are next to the bed?,A.Sofa and table,B.Fan,C.Sink,D.Elevator,A,,0027_obj_bed_01|0027_obj_sofa_01|0027_obj_table_01,The sofa and table are next to the bed in the living room.,worker_10,2025-12-30T00:00:00,accepted,global_json_list
egomonth_qa_000216,003,003,003_0027,003/003_0001.mp4|003/003_0005.mp4|003/003_0018.mp4|003/003_0027.mp4,videos/003/003_0001.mp4|videos/003/003_0005.mp4|videos/003/003_0018.mp4|videos/003/003_0027.mp4,false,habit_inference,Habit Inference,Level 1: Schema Consolidation,<003_0001.mp4><003_0005.mp4><003_0018.mp4><003_0027.mp4>When does the person usually use the elevator for errands?,A.Morning,B.Afternoon,C.Evening,D.Night,A,ev_03|ev_26|ev_33|ev_113,,"Across multiple videos, the person uses the elevator in the morning for errands like throwing trash.",worker_10,2025-12-30T00:00:00,accepted,global_json_list
egomonth_qa_000217,003,003,003_0028,003/003_0028.mp4,videos/003/003_0028.mp4,false,object_location,Object Location,Level 2: Episodic Indexing,<003_0028.mp4>Where is the sofa located?,A.Next to the bed and table in the living room,B.In the elevator,C.On the table in the living room,D.Next to the entrance door in the living room,A,,0028_obj_sofa_01,The sofa is located next to the bed and table in the living room.,worker_10,2025-12-30,accepted,global_json_list
egomonth_qa_000218,003,003,003_0028,003/003_0028.mp4,videos/003/003_0028.mp4,false,event_counting,Event Counting,Level 3: Cascading Reasoning,<003_0028.mp4>How many events occur in the video?,A.1,B.2,C.3,D.4,C,ev_117|ev_118|ev_119,,"The video contains three events: riding an electric bike home, taking the elevator upstairs, and sitting on the sofa using the phone.",worker_10,2025-12-30,accepted,global_json_list
egomonth_qa_000219,003,003,003_0029,003/003_0029.mp4,videos/003/003_0029.mp4,false,event_time,Event Time,Level 2: Episodic Indexing,<003_0029.mp4>When did the person start unpacking packages?,A.0:00,B.10:00,C.17:23,D.9:30,A,ev_120,,The unpacking packages event starts at 0:00.,worker_10,2025-12-30,accepted,global_json_list
egomonth_qa_000220,003,003,003_0029,003/003_0029.mp4,videos/003/003_0029.mp4,false,temporal_ordering,Temporal Ordering,Level 2: Episodic Indexing,<003_0029.mp4>Did the person organize shoes before or after unpacking packages?,A.Before,B.After,C.At the same time,D.Neither occurred,B,ev_120|ev_121,,"Unpacking packages from 0:00-9:30, organizing shoes from 10:00-14:20, so organizing shoes after unpacking packages.",worker_10,2025-12-30,accepted,global_json_list
egomonth_qa_000221,003,003,003_0030,003/003_0030.mp4,videos/003/003_0030.mp4,false,event_time,Event Time,Level 2: Episodic Indexing,<003_0030.mp4>When did the person make the bed?,A.13:20-15:30,B.16:00-23:00,C.24:16-26:30,D.28:26-30:56,A,ev_125,,The person made the bed from 13:20 to 15:30.,worker_10,2025-12-30,accepted,global_json_list
egomonth_qa_000222,003,003,003_0030,003/003_0030.mp4,videos/003/003_0030.mp4,false,event_counting,Event Counting,Level 3: Cascading Reasoning,<003_0030.mp4>How many times did the person pick up packages in this video?,A.1,B.2,C.3,D.0,A,ev_124,,The person picked up packages once from 5:40 to 9:31.,worker_10,2025-12-30,accepted,global_json_list
egomonth_qa_000223,003,003,003_0030,003/003_0030.mp4,videos/003/003_0030.mp4,false,self_localization,Self-Localization,Level 2: Episodic Indexing,"<003_0030.mp4>At 14:00, where was the person?",A.lobby,B.living_room,C.outdoor,D.bathroom,B,ev_125,,"At 14:00, the person was making the bed in the living room.",worker_10,2025-12-30,accepted,global_json_list
egomonth_qa_000224,003,003,003_0030,003/003_0024.mp4|003/003_0025.mp4|003/003_0028.mp4|003/003_0029.mp4|003/003_0030.mp4,videos/003/003_0024.mp4|videos/003/003_0025.mp4|videos/003/003_0028.mp4|videos/003/003_0029.mp4|videos/003/003_0030.mp4,false,habit_inference,Habit Inference,Level 1: Schema Consolidation,<003_0024.mp4><003_0025.mp4><003_0028.mp4><003_0029.mp4><003_0030.mp4>What is the person's habit regarding using the phone?,A.Uses phone while commuting,B.Uses phone in living room,C.Uses phone outdoors,D.Uses phone in bathroom,B,ev_107|ev_108|ev_119|ev_122|ev_127,,"Across multiple videos, the person frequently uses the phone in the living room.",worker_10,2025-12-30,accepted,global_json_list
egomonth_qa_000225,003,003,003_0031,003/003_0031.mp4,videos/003/003_0031.mp4,false,event_time,Event Time,Level 2: Episodic Indexing,<003_0031.mp4>When did the person start drinking water?,A.02:00,B.04:11,C.10:02,D.02:30,A,ev_129,,The event of drinking water starts at 02:00.,worker_10,2025-12-30,accepted,global_json_list
egomonth_qa_000226,003,003,003_0031,003/003_0031.mp4,videos/003/003_0031.mp4,false,event_counting,Event Counting,Level 3: Cascading Reasoning,<003_0031.mp4>How many times did the person sit on the sofa in this video?,A.1,B.2,C.0,D.3,A,ev_130,0031_obj_sofa_01,There is one event where the person sits on the sofa using the phone.,worker_10,2025-12-30,accepted,global_json_list
egomonth_qa_000227,003,003,003_0032,003/003_0032.mp4,videos/003/003_0032.mp4,false,object_location,Object Location,Level 2: Episodic Indexing,<003_0032.mp4>Where is the iPad located?,A.On the table in the living room,B.On the sofa,C.On the bed,D.On the floor,A,,0032_obj_ipad_01,The iPad is located on the table in the living room.,worker_10,2025-12-30,accepted,global_json_list
egomonth_qa_000228,003,003,003_0033,003/003_0033.mp4,videos/003/003_0033.mp4,false,object_location,Object Location,Level 2: Episodic Indexing,<003_0033.mp4>Where is the iPad located in the video?,A.On the table,B.Next to the bed,C.On the floor,D.In the bathroom,A,,0033_obj_ipad_01,The iPad is located on the table in the living room.,worker_10,2025-12-30T12:00:00,accepted,global_json_list
egomonth_qa_000229,003,003,003_0033,003/003_0033.mp4,videos/003/003_0033.mp4,false,event_counting,Event Counting,Level 3: Cascading Reasoning,<003_0033.mp4>How many times did the person play on the iPad in this video?,A.1,B.2,C.3,D.0,B,ev_132|ev_134,,"The person played on the iPad twice: first from 00:00-11:30 while tidying up, and second from 15:30-21:12 playing games.",worker_10,2025-12-30T13:00:00,accepted,global_json_list
egomonth_qa_000230,003,003,003_0033,003/003_0033.mp4,videos/003/003_0033.mp4,false,detail_retrieval,Detail Retrieval,Level 2: Episodic Indexing,<003_0033.mp4>What object was visible on the table at 02:42?,A.iPad,B.Phone,C.Book,D.Cup,A,,0033_obj_ipad_01,"At 02:42, the iPad was recorded on the table in the living room.",worker_10,2025-12-30T14:00:00,accepted,global_json_list
egomonth_qa_000231,003,003,003_0034,003/003_0034.mp4,videos/003/003_0034.mp4,false,object_location,Object Location,Level 2: Episodic Indexing,<003_0034.mp4>Where is the bed located?,A.In the living room,B.In the lobby,C.Outside,D.In the bathroom,A,,0034_obj_bed_01,The bed is located in the center of the living room.,worker_10,2026-01-05T10:00:00,accepted,global_json_list
egomonth_qa_000232,003,003,003_0034,003/003_0034.mp4,videos/003/003_0034.mp4,false,event_counting,Event Counting,Level 3: Cascading Reasoning,<003_0034.mp4>How many times did the person tidy the bed?,A.1,B.2,C.3,D.0,B,ev_137|ev_138,,The person tidied the bed twice: once from 11:24-14:00 and again from 18:00-21:04.,worker_10,2026-01-05T10:00:00,accepted,global_json_list
egomonth_qa_000233,003,003,003_0034,003/003_0034.mp4,videos/003/003_0034.mp4,false,spatial_relation,Spatial Relation,Level 2: Episodic Indexing,<003_0034.mp4>What is the position of the sofa relative to the bed?,A.Next to it,B.Opposite,C.Far away,D.On top,A,,0034_obj_sofa_01|0034_obj_bed_01,The sofa is next to the bed and table in the living room.,worker_10,2026-01-05T10:00:00,accepted,global_json_list
egomonth_qa_000234,003,003,003_0028,003/003_0028.mp4|003/003_0030.mp4|003/003_0034.mp4,videos/003/003_0028.mp4|videos/003/003_0030.mp4|videos/003/003_0034.mp4,false,habit_inference,Habit Inference,Level 1: Schema Consolidation,<003_0028.mp4><003_0030.mp4><003_0034.mp4>What is the person's typical mode of transportation when returning home?,A.Walking,B.Riding an electric bike,C.Driving a car,D.Taking public transport,B,ev_117|ev_123|ev_135,,"Across multiple videos, the person consistently rides an electric bike home.",worker_10,2026-01-05T10:00:00,accepted,global_json_list
egomonth_qa_000235,003,003,003_0035,003/003_0035.mp4,videos/003/003_0035.mp4,false,object_location,Object Location,Level 2: Episodic Indexing,<003_0035.mp4>Where is the refrigerator located?,A.Next to the entrance door in the living room,B.On the table in the living room,C.In the center of the living room,D.Next to the stove in the living room,A,,0035_obj_refrigerator_01,The refrigerator is located next to the entrance door in the living room.,worker_10,2026-01-05T11:00:00,accepted,global_json_list
egomonth_qa_000236,003,003,003_0035,003/003_0035.mp4,videos/003/003_0035.mp4,false,object_counting_global,Object Counting,Level 3: Cascading Reasoning,<003_0035.mp4>How many objects are in the living room at 00:17?,A.6,B.5,C.7,D.4,A,,0035_obj_bed_01|0035_obj_fan_01|0035_obj_table_01|0035_obj_sofa_01|0035_obj_wardrobe_01|0035_obj_refrigerator_01,"At 00:17, there are bed, fan, table, sofa, wardrobe, and refrigerator in the living room.",worker_10,2026-01-05T11:05:00,accepted,global_json_list
egomonth_qa_000237,003,003,003_0035,003/003_0035.mp4,videos/003/003_0035.mp4,false,procedure_planning,Procedure Planning,Level 3: Cascading Reasoning,<003_0035.mp4>What are the steps involved in organizing the refrigerator?,A.Open the refrigerator -> Arrange items inside -> Close the refrigerator,B.Close the refrigerator -> Arrange items inside -> Open the refrigerator,C.Arrange items inside -> Open the refrigerator -> Close the refrigerator,D.Open the refrigerator -> Close the refrigerator -> Arrange items inside,A,ev_140,,"The event of organizing the refrigerator involves opening it, arranging items, and closing it.",worker_10,2026-01-05T11:10:00,accepted,global_json_list
egomonth_qa_000238,003,003,003_0035,003/003_0032.mp4|003/003_0033.mp4|003/003_0035.mp4,videos/003/003_0032.mp4|videos/003/003_0033.mp4|videos/003/003_0035.mp4,false,habit_inference,Habit Inference,Level 1: Schema Consolidation,<003_0032.mp4><003_0033.mp4><003_0035.mp4>What is the person's typical activity with the iPad?,A.Working,B.Playing games,C.Watching videos,D.Reading,B,ev_131|ev_132|ev_134|ev_144,,"Across multiple videos, the person is consistently playing games on the iPad.",worker_10,2026-01-05T11:15:00,accepted,global_json_list
egomonth_qa_000239,003,003,003_0036,003/003_0036.mp4,videos/003/003_0036.mp4,false,object_location,Object Location,Level 2: Episodic Indexing,<003_0036.mp4> Where is the bed located?,A.In the center of the living room,B.On the table in the living room,C.Next to the bed in the living room,D.In the elevator,A,,0036_obj_bed_01,The bed is located in the center of the living room.,worker_10,2026-01-05T12:00:00,accepted,global_json_list
egomonth_qa_000240,003,003,003_0036,003/003_0036.mp4,videos/003/003_0036.mp4,false,object_counting_global,Object Counting,Level 3: Cascading Reasoning,<003_0036.mp4> How many objects are present in the living room?,A.3,B.4,C.5,D.2,B,,0036_obj_bed_01|0036_obj_fan_01|0036_obj_table_01|0036_obj_sofa_01,"The objects in the living room are bed, fan, table, and sofa, totaling 4.",worker_10,2026-01-05T12:05:00,accepted,global_json_list
egomonth_qa_000241,003,003,003_0037,003/003_0037.mp4,videos/003/003_0037.mp4,false,object_location,Object Location,Level 2: Episodic Indexing,<003_0037.mp4> Where is the sofa located?,A.Next to the bed and table in the living room,B.In the center of the living room,C.Next to the bed in the living room,D.On the table in the living room,A,,0037_obj_sofa_01,The sofa is located next to the bed and table in the living room.,worker_10,2026-01-05T12:10:00,accepted,global_json_list
egomonth_qa_000242,003,003,003_0037,003/003_0037.mp4,videos/003/003_0037.mp4,false,event_counting,Event Counting,Level 3: Cascading Reasoning,<003_0037.mp4> How many times does the person watch the projector?,A.3,B.2,C.1,D.4,A,ev_147|ev_148|ev_149,,"There are three events of watching the projector: 02:40-09:30, 10:00-16:29, and 17:30-26:06.",worker_10,2026-01-05T12:15:00,accepted,global_json_list
egomonth_qa_000243,003,003,003_0037,003/003_0037.mp4,videos/003/003_0037.mp4,false,object_counting_global,Object Counting,Level 3: Cascading Reasoning,<003_0037.mp4> How many objects are present in the living room?,A.3,B.4,C.2,D.1,A,,0037_obj_bed_01|0037_obj_sofa_01|0037_obj_table_01,"The objects in the living room are bed, sofa, and table, totaling 3.",worker_10,2026-01-05T12:20:00,accepted,global_json_list
egomonth_qa_000244,003,003,003_0038,003/003_0038.mp4,videos/003/003_0038.mp4,false,event_time,Event Time,Level 2: Episodic Indexing,<003_0038.mp4>When did making breakfast start?,A.02:10,B.11:10,C.11:40,D.29:28,A,ev_150,,Making breakfast started at 02:10.,worker_10,2026-01-05T12:30:00,accepted,global_json_list
egomonth_qa_000245,003,003,003_0038,003/003_0038.mp4,videos/003/003_0038.mp4,false,object_counting_global,Object Counting,Level 3: Cascading Reasoning,<003_0038.mp4>How many objects are annotated in the living room?,A.2,B.3,C.4,D.5,C,,0038_obj_refrigerator_01|0038_obj_sink_01|0038_obj_pot_01|0038_obj_table_01,"The objects are refrigerator, sink, pot, and table, totaling 4.",worker_10,2026-01-05T12:30:00,accepted,global_json_list
egomonth_qa_000246,003,003,003_0039,003/003_0039.mp4,videos/003/003_0039.mp4,false,object_location,Object Location,Level 2: Episodic Indexing,<003_0039.mp4>Where is the refrigerator located?,A.Next to the entrance door in the living room,B.On the stove in the living room,C.Next to the bed in the living room,D.In the elevator,A,,0039_obj_refrigerator_01,The refrigerator is located next to the entrance door in the living room.,worker_10,2026-01-05T13:00:00,accepted,global_json_list
egomonth_qa_000247,003,003,003_0040,003/003_0040.mp4,videos/003/003_0040.mp4,false,object_location,Object Location,Level 2: Episodic Indexing,<003_0040.mp4>Where is the sofa located?,A.living_room,B.bathroom,C.kitchen,D.balcony,A,,0040_obj_sofa_01,The sofa is in the living room.,worker_10,2026-01-06T12:00:00,accepted,global_json_list
egomonth_qa_000248,003,003,003_0040,003/003_0040.mp4,videos/003/003_0040.mp4,false,event_counting,Event Counting,Level 3: Cascading Reasoning,<003_0040.mp4>How many times does the person take the elevator in this video?,A.0,B.1,C.2,D.3,B,ev_154,,"The person takes the elevator once, from 04:06 to 05:51.",worker_10,2026-01-06T12:00:00,accepted,global_json_list
egomonth_qa_000249,003,003,003_0041,003/003_0041.mp4,videos/003/003_0041.mp4,false,object_location,Object Location,Level 2: Episodic Indexing,<003_0041.mp4>Where is the refrigerator located?,A.Next to the entrance door in the living room,B.In the bathroom,C.On the table,D.In the elevator,A,,0041_obj_refrigerator_01,The refrigerator is located next to the entrance door in the living room.,worker_10,2026-01-06T12:00:00,accepted,global_json_list
egomonth_qa_000250,003,003,003_0041,003/003_0041.mp4,videos/003/003_0041.mp4,false,procedure_planning,Procedure Planning,Level 3: Cascading Reasoning,<003_0041.mp4>What steps did the person take to unpack packages and organize the refrigerator?,A.Open packages -> take out items -> put in refrigerator -> organize,B.Put in refrigerator -> open packages -> organize -> take out items,C.Organize -> open packages -> take out items -> put in refrigerator,D.Take out items -> organize -> open packages -> put in refrigerator,A,ev_156,,"The person unpacked packages and organized the refrigerator by opening packages, taking out items, putting them in the refrigerator, and organizing.",worker_10,2026-01-06T12:00:00,accepted,global_json_list
egomonth_qa_000251,003,003,003_0042,003/003_0042.mp4,videos/003/003_0042.mp4,false,object_location,Object Location,Level 2: Episodic Indexing,<003_0042.mp4>Where is the curtain located?,A.Next to the window in the living room,B.In the elevator,C.In the bathroom,D.On the table,A,,0042_obj_curtain_01,The curtain is located next to the window in the living room at 00:15.,worker_10,2026-01-06T12:00:00,accepted,global_json_list
egomonth_qa_000252,003,003,003_0042,003/003_0042.mp4,videos/003/003_0042.mp4,false,procedure_planning,Procedure Planning,Level 3: Cascading Reasoning,<003_0042.mp4>What are the steps involved in taking the elevator downstairs?,A.Enter elevator -> Press button -> Exit elevator,B.Press button -> Enter elevator -> Exit elevator,C.Exit elevator -> Enter elevator -> Press button,D.Press button -> Exit elevator -> Enter elevator,A,ev_158,,"The event of taking the elevator downstairs involves entering the elevator, pressing the button, and exiting when it reaches the bottom.",worker_10,2026-01-06T12:00:00,accepted,global_json_list
egomonth_qa_000253,003,003,003_0043,003/003_0043.mp4,videos/003/003_0043.mp4,false,object_location,Object Location,Level 2: Episodic Indexing,<003_0043.mp4>Where is the bed located in the video?,A.In the center of the living room,B.Next to the window,C.By the entrance door,D.In the bathroom,A,,0043_obj_bed_01,The bed is located in the center of the living room.,worker_10,2026-01-06T12:00:00,accepted,global_json_list
egomonth_qa_000254,003,003,003_0043,003/003_0043.mp4,videos/003/003_0043.mp4,false,event_counting,Event Counting,Level 3: Cascading Reasoning,<003_0043.mp4>How many times does the person use the elevator in the video?,A.1,B.2,C.0,D.3,A,ev_161,,The person uses the elevator once during the event of waiting for and taking the elevator to the 38th floor.,worker_10,2026-01-06T12:00:00,accepted,global_json_list
egomonth_qa_000255,003,003,003_0043,003/003_0043.mp4,videos/003/003_0043.mp4,false,procedure_planning,Procedure Planning,Level 3: Cascading Reasoning,<003_0043.mp4>What are the steps involved in making the bed?,A.Straighten the sheets -> fluff the pillows -> arrange the blankets,B.Arrange the blankets -> straighten the sheets -> fluff the pillows,C.Fluff the pillows -> arrange the blankets -> straighten the sheets,D.Straighten the sheets -> arrange the blankets -> fluff the pillows,A,ev_162,0043_obj_bed_01,"Making the bed typically involves straightening the sheets first, then fluffing the pillows, and finally arranging the blankets.",worker_10,2026-01-06T12:00:00,accepted,global_json_list
egomonth_qa_000256,003,003,003_0044,003/003_0044.mp4,videos/003/003_0044.mp4,false,object_location,Object Location,Level 2: Episodic Indexing,<003_0044.mp4>Where is the sink located?,A.Next to the stove in the living room,B.In the bathroom,C.On the table in the living room,D.In the elevator,A,,0044_obj_sink_01,The sink is annotated as being next to the stove in the living room.,worker_10,2026-01-06T12:00:00,accepted,global_json_list
egomonth_qa_000257,003,003,003_0044,003/003_0044.mp4,videos/003/003_0044.mp4,false,procedure_planning,Procedure Planning,Level 3: Cascading Reasoning,<003_0044.mp4>What are the steps the person took to wash fruits?,A.Take fruits from refrigerator -> Wash fruits at sink -> Dry fruits,B.Wash fruits at sink -> Take fruits from refrigerator -> Dry fruits,C.Dry fruits -> Wash fruits at sink -> Take fruits from refrigerator,D.Take fruits from refrigerator -> Dry fruits -> Wash fruits at sink,A,ev_164,0044_obj_sink_01,"Washing fruits typically involves retrieving the fruits first, then washing them at the sink, and finally drying them.",worker_10,2026-01-06T12:00:00,accepted,global_json_list
egomonth_qa_000258,003,003,003_0045,003/003_0045.mp4,videos/003/003_0045.mp4,true,object_location,Object Location,Level 2: Episodic Indexing,<003_0045.mp4>Where is the table located in this video?,A.Next to the bed in the living room,B.In the lobby,C.In the bathroom,D.Outside,A,,0045_obj_table_01,The table is located next to the bed in the living room as per the object annotation.,worker_10,2026-01-06T12:00:00,accepted,global_json_list
egomonth_qa_000259,003,003,003_0045,003/003_0045.mp4,videos/003/003_0045.mp4,true,procedure_planning,Procedure Planning,Level 3: Cascading Reasoning,<003_0045.mp4>What are the typical steps involved in eating fruits while watching the projector?,A.Retrieve fruits -> Wash at sink -> Eat at table,B.Eat directly -> Wash later -> Watch projector,C.Wash fruits -> Watch projector -> Eat,D.Retrieve fruits -> Eat at table -> Wash sink,A,ev_168,0045_obj_sink_01|0045_obj_table_01,"The event involves eating fruits while watching the projector, with sink and table present, suggesting washing before eating.",worker_10,2026-01-06T12:00:00,accepted,global_json_list
egomonth_qa_000260,003,003,003_0045,003/003_0043.mp4|003/003_0044.mp4|003/003_0045.mp4,videos/003/003_0043.mp4|videos/003/003_0044.mp4|videos/003/003_0045.mp4,true,habit_inference,Habit Inference,Level 1: Schema Consolidation,<003_0043.mp4><003_0044.mp4><003_0045.mp4>What is the person's typical transportation routine when returning home?,A.Take taxi,B.Take elevator downstairs then ride bike,C.Walk home,D.Ride electric bike home then take elevator upstairs,D,ev_160|ev_135|ev_166,,"Across multiple videos, the person consistently rides an electric bike home and then takes the elevator to go upstairs.",worker_10,2026-01-06T12:00:00,accepted,global_json_list
egomonth_qa_000261,004,004,004_0001,004/004_0001.mp4,videos/004/004_0001.mp4,true,object_location,Object Location,Level 2: Episodic Indexing,"<004_0001.mp4> When standing at the door and facing inside, which of the following best describes the location of this person's desk?","A.On the left side, near the door.","B.On the right side, near the door.","C.On the left side, near the window.","D.On the right side, near the window.",D,ev_03,,"While walking toward the door, the person's own desk remains on her left side. Therefore, when standing at the door and facing inside, her desk would appear on the right side. And it is located farther from the door, so it is near the window.",worker_08,2025-12-06,accepted,global_json_list
egomonth_qa_000262,004,004,004_0001,004/004_0001.mp4,videos/004/004_0001.mp4,true,object_location,Object Location,Level 2: Episodic Indexing,<004_0001.mp4> Where is the water dispenser located in the dorm building?,"A.On the first floor, near the staircase.","B.On the second floor, next to the dorm room.",C.At the end of the hallway on the third floor.,"D.In the lobby, right beside the main entrance.",A,ev_04,0001_obj_water_dispenser_01,"The water dispenser is located on the first floor, near the staircase.",worker_08,2025-12-06,accepted,global_json_list
egomonth_qa_000263,004,004,004_0001,004/004_0001.mp4,videos/004/004_0001.mp4,true,cross_view_spatial_reasoning,Cross-View Spatial Reasoning,Level 3: Cascading Reasoning,<004_0001.mp4>On which floor is the user's dormitory room located?,A.1st Floor,B.2nd Floor,C.3rd Floor,D.4th Floor,B,,,"After leaving the dormitory room, the user walks down the stairs, descending exactly two flights of stairs (equivalent to one story) to reach the ground floor exit. This indicates the room is located on the 2nd floor.",worker_08,2025-12-06,accepted,global_json_list
egomonth_qa_000264,004,004,004_0001,004/004_0001.mp4,videos/004/004_0001.mp4,true,detail_retrieval,Detail Retrieval,Level 2: Episodic Indexing,<004_0001.mp4>What subject is the class that the user is attending from 17:16 to 32:06 in this video?,A.Linear Algebra,B.Advanced Mathematics,C.College Physics,D.English Literature,B,,0001_obj_textbook_01,"The textbook on the desk in the classroom is titled 'Advanced Mathematics' (高等数学), indicating the subject of the class.",worker_08,2025-12-08,accepted,global_json_list
egomonth_qa_000265,004,004,004_0001,004/004_0001.mp4,videos/004/004_0001.mp4,true,event_time,Event Time,Level 2: Episodic Indexing,<004_0001.mp4>At what timestamp in the video does the user start eating breakfast?,A.16:00,B.17:00,C.18:00,D.19:00,C,ev_06,,The user starts eating breakfast at the 18:00 timestamp in the video.,worker_08,2025-12-07T10:20:00,accepted,global_json_list
egomonth_qa_000266,004,004,004_0001,004/004_0001.mp4,videos/004/004_0001.mp4,true,temporal_ordering,Temporal Ordering,Level 2: Episodic Indexing,"<004_0001.mp4>From 18:00 to 27:46 in this video, what is the order in which the user consumes the breakfast items?",A.Bread -> Sausage -> Milk,B.Bread -> Soybean Milk,C.Bread -> Sausage,D.Bread -> Milk -> Sausage,A,ev_06,0001_obj_bread_01|0001_obj_sausage_01|0001_obj_milk_01,"Between 18:00 and 27:46, the video captures the user's breakfast routine. The user first finishes eating the bread, then proceeds to eat the ham sausage, and finally finishes the meal by drinking the milk.",worker_08,2025-12-06,accepted,global_json_list
egomonth_qa_000267,004,004,004_0001,004/004_0001.mp4,videos/004/004_0001.mp4,true,event_counting,Event Counting,Level 3: Cascading Reasoning,<004_0001.mp4>How many times did the user check her watch in this video?,A.Once,B.Twice,C.Three times,D.Four times,D,ev_09|ev_10|ev_11|ev_14,,"The user checked her watch on 01:10, 29:10, 30:34, and 49:26, totaling four times throughout the video.",worker_08,2025-12-06,accepted,global_json_list
egomonth_qa_000268,004,004,004_0001,004/004_0001.mp4,videos/004/004_0001.mp4,true,event_time,Event Time,Level 2: Episodic Indexing,<004_0001.mp4>At what timestamp does the first class finish in this video?,A.32:25,B.30:00,C.45:10,D.29:50,A,ev_12,,"At 32:25, the first class ends. ",worker_08,2025-12-06,accepted,global_json_list
egomonth_qa_000269,004,004,004_0001,004/004_0001.mp4,videos/004/004_0001.mp4,true,object_counting_global,Object Counting,Level 3: Cascading Reasoning,<004_0001.mp4>How many people are present in the second classroom when the user enters?,A.None,B.One,C.Five,D.Ten,B,ev_13,,"The user enters the second classroom at 35:08. A few seconds later, at 35:14, the camera pans across the room, revealing that there is only one other person currently inside.",worker_08,2025-12-06,accepted,global_json_list
egomonth_qa_000270,004,004,004_0001,004/004_0001.mp4,videos/004/004_0001.mp4,true,object_location,Object Location,Level 2: Episodic Indexing,<004_0001.mp4>Where are the air conditioners located in the two classrooms shown in the video respectively?,"A.Front left, Front left","B.Front right, Rear left","C.Front left, Rear right","D.Rear right, Rear right",A,,0001_obj_air_conditioner_01|0001_obj_air_conditioner_02,"In the first classroom, the air conditioner is in the front-left corner. Similarly, when the user enters the second classroom, the air conditioner is also located in the front-left corner.",worker_08,2025-12-06,accepted,global_json_list
egomonth_qa_000271,004,004,004_0002,004/004_0002.mp4,videos/004/004_0002.mp4,true,detail_retrieval,Detail Retrieval,Level 2: Episodic Indexing,<004_0002.mp4>What did the user most likely pick up at the courier station?,A.A box of books,B.A shelf frame,C.A computer monitor,D.A pair of shoes,B,ev_19,0002_obj_package_01,"From 9:44 to 9:53, the camera captures the shape of the package. It is not a standard box, but rather a U-shaped, thin tubular object wrapped in plastic, which strongly resembles the disassembled frame of a shelf or rack.",worker_08,2025-12-08,accepted,global_json_list
egomonth_qa_000272,004,004,004_0002,004/004_0001.mp4,videos/004/004_0001.mp4,true,procedure_planning,Procedure Planning,Level 3: Cascading Reasoning,<004_0001.mp4>What is the sequence in which the user adds condiments to the food between 21:44 and 22:39?,A.Pickles -> Sauce -> Chili,B.Sauce -> Chili -> Pickles,C.Chili -> Pickles -> Sauce,D.Sauce -> Pickles -> Chili,A,ev_23,,"Between 21:44 and 22:39, the user is seen seasoning her food. First, pickles (preserved vegetables) to the bowl. Next, pour in some sauce. Finally, add chili.",worker_08,2025-12-08,accepted,global_json_list
egomonth_qa_000273,004,004,004_0002,004/004_0002.mp4,videos/004/004_0002.mp4,true,habit_inference,Habit Inference,Level 1: Schema Consolidation,<004_0002.mp4>What dining habit of the user is observed in this video?,A.Ordering food delivery to the dormitory,B.Eating at a restaurant outside,C.Packing food from the dining hall to eat in the dormitory,D.Eating inside the dining hall,C,ev_24|ev_25|ev_26,,The video shows the user carrying food containers into the dormitory room for the each of the two meals. This consistent behavior indicates that the user prefers to pack food from the dining hall to eat in the dormitory rather than dining at the dining hall itself or ordering delivery.,worker_08,2025-12-08,accepted,global_json_list
egomonth_qa_000274,004,004,004_0002,004/004_0002.mp4,videos/004/004_0002.mp4,true,event_counting,Event Counting,Level 3: Cascading Reasoning,<004_0002.mp4>How many distinct locations does the user visit in total during this video?,A.4,B.5,C.6,D.3,B,ev_18|ev_21|ev_22|ev_25|ev_26|ev_27,,"Throughout the video, the user is seen in the following sequence of locations: Delivery Station, Dormitory 2, Dining hall 1, Dormitory 1, Dining hall 2, and then back to Dormitory 1. Counting the unique places (Delivery Station, Dormitory 2, Dining hall 1, Dormitory 1, Dining hall 2), there are a total of 5 distinct locations.",worker_08,2025-12-08,accepted,global_json_list
egomonth_qa_000275,004,004,004_0002,004/004_0002.mp4,videos/004/004_0002.mp4,true,event_time,Event Time,Level 2: Episodic Indexing,<004_0002.mp4>Did the user eat any of her meals inside the dining hall in this video?,A.Yes,B.No,C.None,D.None,B,ev_24|ev_26,,"No. The user visits the dining hall twice during the video. However, on both occasions, the user is observed packing the food into containers or bags to take away (takeout) instead of sitting down to eat at the dining hall tables.",worker_08,2025-12-07T11:25:00,accepted,global_json_list
egomonth_qa_000276,004,004,004_0002,004/004_0002.mp4,videos/004/004_0002.mp4,true,detail_retrieval,Detail Retrieval,Level 2: Episodic Indexing,<004_0002.mp4>What app did the user open at 13:22 in the video?,A.WeChat,B.Baidu Netdisk,C.Alipay,D.TikTok,B,ev_28,,"At 13:22, the user interacts with their phone. The screen clearly displays the interface of the app, and the text characters 'Baidu Netdisk' (百度网盘) are legible on the display.",worker_08,2025-12-08,accepted,global_json_list
egomonth_qa_000277,004,004,004_0002,004/004_0002.mp4,videos/004/004_0002.mp4,true,self_localization,Self-Localization,Level 2: Episodic Indexing,<004_0002.mp4>Where is the user located at 28:11 in the video?,A.In the dormitory,B.In the classroom,C.At the dining hall,D.At the delivery station,C,,0002_obj_meal_box_01,"At 28:11, the video shows the user holding a meal box, indicating that the user is in the dining hall.",worker_08,2025-12-08,accepted,global_json_list
egomonth_qa_000278,004,004,004_0002,004/004_0002.mp4,videos/004/004_0002.mp4,true,object_location,Object Location,Level 2: Episodic Indexing,<004_0002.mp4>Where is the suitcase stored in the user's dormitory room?,A.In the wardrobe,B.Under the desk,C.On the balcony,D.Beside the bed,B,,0002_obj_suitcase_01,"At 35:50, the camera angle reveals the area beneath the user's desk, where a suitcase is clearly stowed away.",worker_08,2025-12-08,accepted,global_json_list
egomonth_qa_000279,004,004,004_0003,004/004_0003.mp4,videos/004/004_0003.mp4,false,detail_retrieval,Detail Retrieval,Level 2: Episodic Indexing,<004_0003.mp4>What character is depicted on the user's tea cup?,A.Mickey Mouse,B.Stitch,C.Hello Kitty,D.SpongeBob,B,,0003_obj_teacup_01,"At 00:55, the video shows a clear view of the user's tea cup. The graphic printed on the cup is recognizable as Stitch, the blue alien character from Disney's Lilo & Stitch.",worker_08,2025-12-09,accepted,global_json_list
egomonth_qa_000280,004,004,004_0003,004/004_0003.mp4,videos/004/004_0003.mp4,false,detail_retrieval,Detail Retrieval,Level 2: Episodic Indexing,<004_0003.mp4>Where is the user's backpack placed in this video?,A.Hanging on the left side of the desk,B.Placed on the chair,C.Lying on the bed,D.Underneath the desk,A,,0001_obj_backpack_01,"At 11:29, as the user stands up from the seat, the camera captures the area beside the desk, showing the backpack hanging securely on the left side of the desk.",worker_03,2025-12-09,accepted,global_json_list
egomonth_qa_000281,004,004,004_0003,004/004_0003.mp4,videos/004/004_0003.mp4,false,detail_retrieval,Detail Retrieval,Level 2: Episodic Indexing,"<004_0003.mp4>At 11:38, what brand of yogurt drink is visible on the shelf?",A.Wahaha AD Calcium Milk,B.Yakult,C.Mengniu,D.Yili,A,,0003_obj_yogurt_01,"At 11:38, the camera shows the items on the shelf. A bottle with the iconic green and white packaging of Wahaha AD Calcium Milk (AD钙奶) is identifiable.",worker_03,2025-12-09,accepted,global_json_list
egomonth_qa_000282,004,004,004_0003,004/004_0003.mp4,videos/004/004_0003.mp4,false,object_location,Object Location,Level 2: Episodic Indexing,<004_0003.mp4>On which side of the door is the light switch located in the user's dormitory?,A.On the left side,B.On the right side,C.Above the door frame,D.Outside the room,B,,0003_obj_light_switch_01,"At 11:48, the camera view includes the doorway area. The light switch is clearly visible mounted on the wall to the right side of the door.",worker_08,2025-12-11,accepted,global_json_list
egomonth_qa_000283,004,004,004_0003,004/004_0003.mp4,videos/004/004_0003.mp4,false,self_localization,Self-Localization,Level 2: Episodic Indexing,<004_0003.mp4>Where is the user located at 12:52 in the video?,A.Inside the dormitory room,B.In the dining hall hallway,C.On the stairs,D.In the dormitory hallway,D,,,"At 12:52, the video shows the user walking through a long corridor lined with doors, which is the hallway (corridor) of the dormitory building.",worker_08,2025-12-09T10:55:00,accepted,global_json_list
egomonth_qa_000284,004,004,004_0003,004/004_0003.mp4,videos/004/004_0003.mp4,false,detail_retrieval,Detail Retrieval,Level 2: Episodic Indexing,<004_0003.mp4>What text is written on the road sign shown at 15:10?,"A.Construction Site, Keep Out","B.Fire Lane, Do Not Occupy",C.No Smoking Area,D.Speed Limit 20,B,,0003_obj_road_sign_01,"At 15:10, a road sign is clearly visible. The Chinese characters on it are '消防车道，禁止占用', which translates to 'Fire Lane, Do Not Occupy'.",worker_08,2025-12-11,accepted,global_json_list
egomonth_qa_000285,004,004,004_0003,004/004_0003.mp4,videos/004/004_0003.mp4,false,object_counting_global,Object Counting,Level 3: Cascading Reasoning,<004_0003.mp4>How many trash bins did the user encounter on the way from the dormitory to the dining hall?,A.One,B.Two,C.Three,D.Four,B,ev_31,0003_obj_trash_bin_01|0003_obj_trash_bin_02,"During the walk from the dormitory to the dining hall, two trash bins appear in the video. The first one is visible at 14:33, and the second one is seen later at 15:08.",worker_08,2025-12-11,accepted,global_json_list
egomonth_qa_000286,004,004,004_0003,004/004_0003.mp4,videos/004/004_0003.mp4,false,procedure_planning,Procedure Planning,Level 3: Cascading Reasoning,<004_0003.mp4>What is the correct order in which the user picks up the food ingredients?,A.Lettuce -> Kelp strips -> Black-bone chicken rolls,B.Kelp strips -> potatoes -> Lettuce,C.Enoki mushrooms -> Lettuce -> Black-bone chicken rolls,D.rice cake -> Enoki mushrooms -> potatoes,A,ev_32,,"The user picks up the ingredients in a specific sequence. First, she pick up the Enoki mushrooms. Next, she takes the Lettuce. Finally, she picks up the Black-bone chicken rolls.",worker_08,2025-12-11,accepted,global_json_list
egomonth_qa_000287,004,004,004_0003,004/004_0003.mp4,videos/004/004_0003.mp4,false,detail_retrieval,Detail Retrieval,Level 2: Episodic Indexing,<004_0003.mp4>What is the price of the user's meal?,A.11.32 yuan,B.11.60 yuan,C.41.00 yuan,D.27.60 yuan,A,ev_33,0003_obj_food_weighing_scale_01,"At 21:44, the electronic scale screen displays three numbers: 0.41, 27.60, and 11.32. On this type of cafeteria scale, the rightmost number typically indicates the total cost. Furthermore, before payment, the card machine audio announces '11', corroborating that the price is approximately 11 yuan, making 11.32 yuan the correct answer.",worker_08,2025-12-11,accepted,global_json_list
egomonth_qa_000288,004,004,004_0003,004/004_0003.mp4,videos/004/004_0003.mp4,false,event_time,Event Time,Level 2: Episodic Indexing,<004_0003.mp4>Approximately how long did the user spend scrolling on their phone while waiting for the meal?,A.About 2 minutes,B.About 4 minutes,C.Over 6 minutes,D.Less than 1 minute,B,ev_34,,"The user starts using her phone at 22:17 while waiting. she continue scrolling until 26:27, when she puts the phone away to pick up the meal. The total duration of this activity is approximately 4 minutes.",worker_08,2025-12-11,accepted,global_json_list
egomonth_qa_000289,004,004,004_0003,004/004_0003.mp4,videos/004/004_0003.mp4,false,direction_judgement,Direction Judgment,Level 3: Cascading Reasoning,"<004_0003.mp4>When heading to the dining hall, which direction does the user take immediately after exiting the dormitory building's main gate?",A.Turn left,B.Turn right,C.Go straight,D.None,B,ev_31,,"Upon walking out of the dormitory building's main entrance to head towards the dining hall, the user immediately turns right to continue their path.",worker_08,2025-12-11,accepted,global_json_list
egomonth_qa_000290,004,004,004_0003,004/004_0003.mp4,videos/004/004_0003.mp4,false,cross_view_spatial_reasoning,Cross-View Spatial Reasoning,Level 3: Cascading Reasoning,<004_0003.mp4>On which floor is the cafeteria located?,A.1st Floor,B.2nd Floor,C.3rd Floor,D.4th Floor,B,ev_35,,"From 28:56 to 29:16, the user is seen leaving the dining hall and walking down the stairs. The user descends exactly two flights of stairs (equivalent to one story) to reach the ground level exit. This indicates that the dining hall is located on the 2nd floor.",worker_08,2025-12-11,accepted,global_json_list
egomonth_qa_000291,004,004,004_0003,004/004_0003.mp4,videos/004/004_0003.mp4,false,detail_retrieval,Detail Retrieval,Level 2: Episodic Indexing,<004_0003.mp4>How many pairs of chopsticks did the user pack?,A.None,B.One pair,C.Two pairs,D.None,C,ev_36,,"From 32:47 to 33:07, as the user opens the food packaging, she is observed taking out exactly two pairs of disposable chopsticks.",worker_08,2025-12-11,accepted,global_json_list
egomonth_qa_000292,004,004,004_0004,004/004_0004.mp4,videos/004/004_0004.mp4,false,event_time,Event Time,Level 2: Episodic Indexing,"<004_0004.mp4>Did the user encounter a cat in this video? If so, approximately when did it appear?","A.No, no cat was seen","B.Yes, around 02:00 - 02:20","C.Yes, around 04:30 - 05:00","D.Yes, around 19:40 - 20:00",B,ev_38,0004_obj_cat_01,"Yes, a cat appears in the video. The encounter occurs approximately between the timestamps 02:00 and 02:20.",worker_08,2025-12-13T10:00:00,accepted,global_json_list
egomonth_qa_000293,004,004,004_0004,004/004_0004.mp4,videos/004/004_0004.mp4,false,detail_retrieval,Detail Retrieval,Level 2: Episodic Indexing,<004_0004.mp4>Which college building does the user visit in the first half of the video?,A.College of Computer Science,B.School of Foreign Languages,C.Innovation and Entrepreneurship College,D.School of Economics and Management,C,ev_39,,"Between 10:15 and 10:16, the camera captures the signage on the wall of the building. The text 'Innovation and Entrepreneurship College' (创新创业学院) is clearly visible.",worker_08,2025-12-13,accepted,global_json_list
egomonth_qa_000294,004,004,004_0004,004/004_0004.mp4,videos/004/004_0004.mp4,false,event_time,Event Time,Level 2: Episodic Indexing,<004_0004.mp4>Did the user stop and wait for a period of time on her way at night?,"A.No, she walked continuously without stopping","B.Yes, she stopped and waited at 21:30","C.Yes, she stopped and waited at 20:00",D.None,B,ev_41,,"Yes, on the way back to the dormitory at night, the user stops walking and waits, specifically from 21:30 to 22:55.",worker_08,2025-12-13,accepted,global_json_list
egomonth_qa_000295,004,004,004_0004,004/004_0004.mp4,videos/004/004_0004.mp4,false,detail_retrieval,Detail Retrieval,Level 2: Episodic Indexing,<004_0004.mp4>Where is the washing machine located in the user's dormitory?,A.At the foot of the stairs on the first floor,B.In the corridor on the second floor,C.Inside the shared bathroom,D.Near the dormitory entrance door,A,ev_42,0004_obj_washing_machine_01,"At 26:43, the video shows the area near the staircase on the ground floor. The washing machine is situated in the space underneath the stairs, specifically on the right side.",worker_08,2025-12-13T10:15:00,accepted,global_json_list
egomonth_qa_000296,004,004,004_0005,004/004_0005.mp4,videos/004/004_0005.mp4,false,object_location,Object Location,Level 2: Episodic Indexing,<004_0005.mp4>Where was the user's backpack placed before she picked it up?,A.On the desk in the classroom,B.On the playground ground,C.On a bench,D.In the locker,B,,0005_obj_backpacks_01,"At 03:35, the user is observed picking up her backpack directly from the ground at the playground.",worker_08,2025-12-14,accepted,global_json_list
egomonth_qa_000297,004,004,004_0006,004/004_0006.mp4,videos/004/004_0006.mp4,false,object_location,Object Location,Level 2: Episodic Indexing,<004_0006.mp4>Where is the water dispenser located in the user's dormitory room?,A.Next to the main entrance door,B.Beside the bathroom door,C.On the right side of the balcony entrance,D.On the left hand side upon entering the balcony,D,ev_46,0006_obj_water_dispenser_01,"At 00:51, the camera shows the water dispenser, which is located on the balcony. When viewing the balcony from the room (or entering the balcony area), it is positioned on the left-hand side.",worker_08,2025-12-15,accepted,global_json_list
egomonth_qa_000298,004,004,004_0006,004/004_0006.mp4,videos/004/004_0006.mp4,false,event_time,Event Time,Level 2: Episodic Indexing,<004_0006.mp4>Did the user turn off the light before leaving the dorm room?,"A.Yes, she turned it off","B.No, she left without turning it off",C.The light was already off,D.None,A,ev_47,,"At 01:51, just before exiting the dormitory room, the user is seen turning off the light switch.",worker_08,2025-12-15,accepted,global_json_list
egomonth_qa_000299,004,004,004_0006,004/004_0006.mp4,videos/004/004_0006.mp4,false,detail_retrieval,Detail Retrieval,Level 2: Episodic Indexing,<004_0006.mp4>What time does the delivery station close?,A.18:00,B.19:00,C.20:00,D.21:00,B,,0006_obj_notice_01,"At 15:46, the video shows the entrance of the delivery station. A notice posted on the left side of the entrance clearly indicates that the station closes at 19:00.",worker_08,2025-12-15,accepted,global_json_list
egomonth_qa_000300,004,004,004_0006,004/004_0006.mp4,videos/004/004_0006.mp4,false,route_reasoning,Route Reasoning,Level 3: Cascading Reasoning,<004_0006.mp4>How to get from the delivery station to the playground?,"A.Turn right after exiting, then walk straight","B.Turn left after exiting, walk straight, then turn right","C.Turn left after exiting, walk straight, then turn left again",D.Go straight immediately after exiting the station,B,ev_50,,"After exiting the delivery station, the user turns left. She proceeds straight ahead, passing a large entrance, and then turns right to enter the playground.",worker_08,2025-12-15,accepted,global_json_list
egomonth_qa_000301,004,004,004_0007,004/004_0007.mp4,videos/004/004_0007.mp4,false,direction_judgement,Direction Judgment,Level 3: Cascading Reasoning,<004_0007.mp4>How should one proceed from the main gate to reach the library's access control entrance?,A.Turn right after entering,B.Turn left after entering,C.Go straight ahead,D.Go up to the second floor,B,ev_59,,"To reach the library's access control gate from the main entrance, the correct direction to take after entering is to turn left.",worker_08,2025-12-17,accepted,global_json_list
egomonth_qa_000302,004,004,004_0007,004/004_0007.mp4,videos/004/004_0007.mp4,false,event_counting,Event Counting,Level 3: Cascading Reasoning,"<004_0007.mp4>How many books did the user remove from the shelf in total, and how many did she ultimately keep?","A.Removed 3, Kept 1","B.Removed 4, Kept 2","C.Removed 4, Kept 4","D.Removed 2, Kept 2",B,ev_60,0007_obj_book_01|0007_obj_book_02|0007_obj_book_03|0007_obj_book_04,"The user removes books from the shelf at four distinct times: 16:01, 16:20, 16:57, and 19:22, totaling 4 books removed. However, the books taken at 16:01 and 16:20 were later put down during the video. Only the books taken at 16:57 and 19:22 remained in the user's possession at the end of the video. Therefore, 4 books were removed, and 2 were ultimately kept.",worker_08,2025-12-17,accepted,global_json_list
egomonth_qa_000303,004,004,004_0008,004/004_0008.mp4,videos/004/004_0008.mp4,false,detail_retrieval,Detail Retrieval,Level 2: Episodic Indexing,<004_0008.mp4>What did the user buy at the snack shop?,A.Grilled cold noodles,B.Chinese hamburger,C.Fried chicken,D.Egg-filled pancake,D,ev_63,0008_obj_pancake_01,"At 11:52, the user walks towards a stall labeled 'Egg-filled pancake' (鸡蛋灌饼). Subsequently, at 13:30, she is seen holding and receiving the egg-filled pancake.",worker_08,2025-12-17,accepted,global_json_list
egomonth_qa_000304,004,004,004_0008,004/004_0008.mp4,videos/004/004_0008.mp4,false,event_time,Event Time,Level 2: Episodic Indexing,<004_0008.mp4>When did the user meet her friends in the video?,A.10:20,B.12:45,C.14:33,D.16:10,C,ev_64,,The user encounters her group of friends specifically at the timestamp 14:33.,worker_08,2025-12-17,accepted,global_json_list
egomonth_qa_000305,004,004,004_0009,004/004_0009.mp4,videos/004/004_0009.mp4,false,detail_retrieval,Detail Retrieval,Level 2: Episodic Indexing,<004_0009.mp4>How is the dormitory room door opened?,A.By using a key,B.By swiping an IC card,C.By entering a passcode,D.None,A,ev_70,,"Between 04:06 and 04:21, the user is observed inserting and turning a physical key to unlock and open the door to the dormitory.",worker_08,2025-12-19,accepted,global_json_list
egomonth_qa_000306,004,004,004_0009,004/004_0009.mp4,videos/004/004_0009.mp4,false,object_location,Object Location,Level 2: Episodic Indexing,<004_0009.mp4>Where is the user's towel hung?,A.On the balcony railing,B.In front of the wardrobe,C.Inside the shared bathroom,D.On the back of the chair,B,,0009_obj_towel_01,The video shows that the user's towel is hanging on a hanger in front of the wardrobe door.,worker_08,2025-12-19,accepted,global_json_list
egomonth_qa_000307,004,004,004_0009,004/004_0009.mp4,videos/004/004_0009.mp4,false,self_localization,Self-Localization,Level 2: Episodic Indexing,<004_0009.mp4>Where did the user arrive at 14:30?,A.The Library,B.College of Big Data and Artificial Intelligence,C.The School of Arts,D.The Administration Building,B,,,"At 14:30, the camera captures the user arriving at a building. The writing on the wall identifies it as the 'College of Big Data and Artificial Intelligence' (大数据与人工智能学院).",worker_08,2025-12-19,accepted,global_json_list
egomonth_qa_000308,004,004,004_0009,004/004_0009.mp4,videos/004/004_0009.mp4,false,cross_view_spatial_reasoning,Cross-View Spatial Reasoning,Level 3: Cascading Reasoning,<004_0009.mp4>On which floor is the computer lab located?,A.1st Floor,B.2nd Floor,C.3rd Floor,D.4th Floor,C,ev_72,,"From 14:35 to 16:04, the user is recorded walking up the stairs to reach the computer lab. They ascend a total of 6 flights (segments) of stairs, which leads them to the 3rd floor.",worker_08,2025-12-19,accepted,global_json_list
egomonth_qa_000309,004,004,004_0009,004/004_0001.mp4|004/004_0003.mp4|004/004_0010.mp4,videos/004/004_0001.mp4|videos/004/004_0003.mp4|videos/004/004_0010.mp4,true,habit_inference,Habit Inference,Level 1: Schema Consolidation,<004_0001.mp4><004_0003.mp4><004_0010.mp4>What kind of beverage does the user likely prefer?,A.Coffee,B.Juice,C.Milk,D.Tea,C,,0001_obj_milk_01|0003_obj_milk_01|0010_obj_milk_01,"The user's preference for milk is inferred from consistent visual evidence. Numerous cartons of milk are placed on her desk and shelves in the dormitory. Furthermore, she is observed putting milk on the desk in class on multiple occasions. ",worker_08,2025-12-20,accepted,global_json_list
egomonth_qa_000310,004,004,004_0011,004/004_0011.mp4,videos/004/004_0011.mp4,false,object_counting_global,Object Counting,Level 3: Cascading Reasoning,<004_0011.mp4>How many rows of drying racks did the user pass on the way back to the dormitory?,A.3,B.4,C.5,D.6,C,ev_79,0011_obj_drying_rack_01|0011_obj_drying_rack_02|0011_obj_drying_rack_03|0011_obj_drying_rack_04|0011_obj_drying_rack_05,"As the user walks back to the dormitory, she pass by clothes drying racks located on both sides of the road. A sequential count reveals there are exactly 5 rows of these racks.",worker_08,2025-12-28,accepted,global_json_list
egomonth_qa_000311,004,004,004_0012,004/004_0012.mp4,videos/004/004_0012.mp4,false,object_location,Object Location,Level 2: Episodic Indexing,"<004_0012.mp4>Was there any headphone on the desk during the English class, and if so, where were they located?","A.No, there was no headphones visible","B.Yes, it was placed on top of the books","C.Yes, it was hanging on the left side of the desk","D.Yes, it was hanging on the right side of the desk",D,,0012_obj_headphone_01,"During the English class scene, a headphone is visible hanging specifically on the right side of the user's desk.",worker_08,2025-12-28,accepted,global_json_list
egomonth_qa_000312,004,004,004_0014,004/004_0001.mp4|004/004_0012.mp4|004/004_0014.mp4,videos/004/004_0001.mp4|videos/004/004_0012.mp4|videos/004/004_0014.mp4,true,habit_inference,Habit Inference,Level 1: Schema Consolidation,<004_0001.mp4><004_0012.mp4><004_0014.mp4>What habit does the user exhibit while attending class?,A.Taking notes in a notebook,B.Viewing slides,C.Flipping through the textbook,D.Checking phone frequently,C,ev_15|ev_86|ev_93,,"Throughout the class session recorded in the videos, the user is frequently seen flipping through the pages of her textbook.",worker_08,2025-12-31,accepted,global_json_list
egomonth_qa_000313,004,004,004_0015,004/004_0015.mp4,videos/004/004_0015.mp4,false,object_location,Object Location,Level 2: Episodic Indexing,<004_0015.mp4>Where was the mobile phone placed at 13:11?,A.Inside the backpack,B.On the classroom desk,C.In the user's hand,D.Inside the desk drawer,B,,0015_obj_phone_01,"At the timestamp 13:11, the video clearly shows the mobile phone resting on top of the desk in the classroom.",worker_08,2026-01-06,accepted,global_json_list
egomonth_qa_000314,065,065,004_0015,004/004_0015.mp4,videos/004/004_0015.mp4,false,spatial_relation,Spatial Relation,Level 2: Episodic Indexing,<004_0015.mp4> Where is the strawberry milk located relative to the textbook?,A.On the upper-right corner of the textbook,B.On the right-front side of the textbook,C.On the upper-left corner of the textbook,D.On the lower-left corner of the textbook,A,ev_97,0015_obj_milk_01|0015_obj_textbook_01,"The strawberry milk appears near the textbook in the same frame (around 13:15), and the milk is visible at the textbook's upper-right corner.",worker_08,2026-01-06,accepted,global_json_list
egomonth_qa_000315,004,004,004_0016,004/004_0016.mp4,videos/004/004_0016.mp4,false,self_localization,Self-Localization,Level 2: Episodic Indexing,<004_0016.mp4>Where is the user located at 0:04?,A.On the road to the playground,B.Near the school main gate,C.At the entrance of the dormitory area,D.In the parking lot behind the library,B,,0016_obj_police_room_01|0016_obj_barrier_gate_01|0016_obj_fence_01,"At 0:04, the visual evidence shows a building labeled 'Police Room' on the left side. Directly ahead, there is a barrier gate and fences, which are characteristic features of the school's main entrance area.",worker_08,2026-01-07,accepted,global_json_list
egomonth_qa_000316,004,004,004_0017,004/004_0017.mp4,videos/004/004_0017.mp4,false,object_location,Object Location,Level 2: Episodic Indexing,"<004_0017.mp4>Are there bowls and chopsticks in the user's dormitory, and if so, where are they located?","A.No, there are no bowls or chopsticks visible","B.Yes, they are placed on the desk","C.Yes, they are stored on the desk shelf",D.None,B,,0017_obj_bowl_01|0017_obj_chopsticks_01,"The video footage of the dormitory interior reveals that a set of bowls and chopsticks is kept on the desk, specifically positioned on the left-hand side.",worker_08,2026-01-07,accepted,global_json_list
egomonth_qa_000317,058,058,004_0001,004/004_0001.mp4,videos/004/004_0001.mp4,true,temporal_ordering,Temporal Ordering,Level 2: Episodic Indexing,"<004_0001.mp4> In the video, what does the user do after 'putting on the watch' but before 'leaving the dorm room'?",A.Eats breakfast,B.Packs the backpack,C.Submits the phone,D.Puts on shoes,B,ev_01|ev_02|ev_03,,"The user puts on the watch at 0:22, then packs the backpack from 0:38 to 1:20, and finally leaves the room at 2:17.",worker_08,2026-01-07,accepted,global_json_list
egomonth_qa_000318,059,059,004_0003,004/004_0003.mp4,videos/004/004_0003.mp4,false,spatial_relation,Spatial Relation,Level 2: Episodic Indexing,"<004_0003.mp4> In the dormitory room, where is the mirror located relative to the door?",A.On the wall behind the door,B.On the cabinet next to the door,C.Directly on the door,D.On the wall opposite the door,C,,0003_obj_mirror_01,The mirror is described and seen as being mounted directly on the dormitory room door.,worker_08,2026-01-07,accepted,global_json_list
egomonth_qa_000319,061,061,004_0002,004/004_0002.mp4,videos/004/004_0002.mp4,true,procedure_planning,Procedure Planning,Level 3: Cascading Reasoning,"<004_0002.mp4> The user plans to pick up a package and then go for lunch. Based on the video, what is the sequence of her actions?",A.Picks up the package -> Scans it out -> Drops it at dormitory building -> Goes to the dining hall,B.Goes to the dining hall -> Picks up the package -> Returns to the dorm,C.Picks up the package -> Goes to the dining hall -> Takes the package to the dorm later,D.Scans the package -> Goes to the dining hall -> Picks up the package,A,ev_18|ev_19|ev_21|ev_22,,"The user first goes to the delivery station, scans the package, drops it off at a dormitory building, and then proceeds to the dining hall for food.",worker_08,2026-01-07,accepted,global_json_list
egomonth_qa_000320,062,062,004_0001,004/004_0001.mp4,videos/004/004_0001.mp4,true,direction_judgement,Direction Judgment,Level 3: Cascading Reasoning,"<004_0001.mp4> When the user walks to the end of the road and enters the academic building, what turn does she take to enter?",A.Turns right to enter,B.Turns left to enter,C.Continues straight to enter,D.Performs a U-turn to enter,A,ev_05,,"At 15:13, the user reaches the end of the road and makes a right turn to enter the academic building.",worker_08,2026-01-07,accepted,global_json_list
egomonth_qa_000321,063,063,004_0017,004/004_0017.mp4,videos/004/004_0017.mp4,false,personality_inference,Personality Inference,Level 1: Schema Consolidation,"Considering the user's reactions before leaving the dorm room or after entering the dorm room, which of the following best describes her personality?",A.Casual and careless,B.Forgetful,C.Organized and tidy,D.Extremely anxious,C,ev_02|ev_27|ev_108|ev_110,,"The user is repeatedly seen meticulously packing her backpack and tidying her workspace, which indicates an organized and tidy personality.",worker_08,2026-01-07,accepted,global_json_list
egomonth_qa_000322,005,005,005_0001,005/005_0001.mp4,videos/005/005_0001.mp4,false,object_location,Object Location,Level 2: Episodic Indexing,<005_0001.mp4>which floor is the glass,A.first floor,B.second floor,C.third floor,D.fourth floor,A,ev 02,0001 obj cup 04,The glass is in the first-floor room,worker_03,2025-12-08,accepted,global_json_list
egomonth_qa_000323,005,005,005_0001,005/005_0001.mp4,videos/005/005_0001.mp4,false,detail_retrieval,Detail Retrieval,Level 2: Episodic Indexing,<005_0001.mp4>what color is the cup,A.red,B.white,C.blue,D.pink,D,,0001 obj cup 02,The cup is pink,worker_03,2025-12-08,accepted,global_json_list
egomonth_qa_000324,005,005,005_0001,005/005_0001.mp4,videos/005/005_0001.mp4,false,object_location,Object Location,Level 2: Episodic Indexing,<005_0001.mp4>where is the chair,A.first floor living room,B.second floor living room,C.first floor room,D.stairs,D,,0001 obj chair 05,The chair is at the stair landing,worker_03,2025-12-08,accepted,global_json_list
egomonth_qa_000325,005,005,005_0001,005/005_0001.mp4,videos/005/005_0001.mp4,false,object_counting_global,Object Counting,Level 3: Cascading Reasoning,<005_0001.mp4>how many water cups are there on the first floor,A.two,B.one,C.three,D.four,A,ev 03,,"There are two cups on the table in the first-floor room, one pink water cup and the other a glass",worker_03,2025-12-08,accepted,global_json_list
egomonth_qa_000326,005,005,005_0001,005/005_0001.mp4,videos/005/005_0001.mp4,false,event_counting,Event Counting,Level 3: Cascading Reasoning,<005_0001.mp4>how many minutes did the creator ride the bike at first,A.10 minutes,B.20 minutes,C.40 minutes,D.16 minutes,D,ev 01,,The creator left the electric bike at 16:50,worker_03,2025-12-08,accepted,global_json_list
egomonth_qa_000327,005,005,005_0001,005/005_0001.mp4,videos/005/005_0001.mp4,false,event_time,Event Time,Level 2: Episodic Indexing,<005_0001.mp4>when did the author finish walking,A.16:23,B.11:30,C.15:20,D.43:53,D,ev02,,The author finished walking and rode a bike at 43:53,worker_03,2025-12-08,accepted,global_json_list
egomonth_qa_000328,005,005,005_0001,005/005_0001.mp4,videos/005/005_0001.mp4,false,detail_retrieval,Detail Retrieval,Level 2: Episodic Indexing,<005_0001.mp4>what was the creator doing at 24:17,A.riding a bike,B.swimming,C.riding a horse,D.visiting food stalls,D,,,"Started visiting at 18:20, and the author finished visiting the food stalls at 24:17",worker_03,2025-12-08,accepted,global_json_list
egomonth_qa_000329,005,005,005_0001,005/005_0001.mp4,videos/005/005_0001.mp4,false,event_time,Event Time,Level 2: Episodic Indexing,<005_0001.mp4>what time did the creator get home,A.18:20,B.10:15,C.11:15,D.54:34,D,ev 03|ev04,,The creator got home at 54:34,worker_03,2025-12-08,accepted,global_json_list
egomonth_qa_000330,005,005,005_0001,005/005_0001.mp4,videos/005/005_0001.mp4,false,temporal_ordering,Temporal Ordering,Level 2: Episodic Indexing,<005_0001.mp4>what is the sequence of actions after the creator gets home,"A.drink water first, then go upstairs, then open the door","B.go upstairs first, then drink water, then open the door","C.go upstairs first, then open the door, then drink water","D.open the door first, then drink water, then go upstairs",D,ev 01|ev 02|ev 04,,"The author first opened the door, then drank a sip of water, and finally went upstairs",worker_03,2025-12-08,accepted,global_json_list
egomonth_qa_000331,005,005,005_0001,005/005_0001.mp4,videos/005/005_0001.mp4,false,spatial_relation,Spatial Relation,Level 2: Episodic Indexing,<005_0001.mp4>what is the creator's location change,"A.first on the street, then home, finally in the park","B.first go to the street, then go to the park, finally go home","C.first go home, then go to the park, finally the street","D.first go home, then go to the street, finally go to the park",B,ev 01|ev02|ev03,,The creator's location changes from street to park and finally home,worker_03,2025-12-08,accepted,global_json_list
egomonth_qa_000332,005,005,005_0001,005/005_0001.mp4,videos/005/005_0001.mp4,false,habit_inference,Habit Inference,Level 1: Schema Consolidation,<005_0001.mp4>which place does the driver usually pass by,A.lake,B.park,C.residential area,D.teaching building,C,ev 01|ev 05,,The author passes by the residential area from home in multiple videos,worker_03,2025-12-08,accepted,global_json_list
egomonth_qa_000333,005,005,005_0001,005/005_0001.mp4,videos/005/005_0001.mp4,false,direction_judgement,Direction Judgment,Level 3: Cascading Reasoning,<005_0001.mp4>the route from home to the supermarket,A.go straight,B.turn right,C.turn left,D.None,B,ev 01,,The author turns right and sees the supermarket,worker_03,2025-12-08,accepted,global_json_list
egomonth_qa_000334,005,005,005_0002,005/005_0002.mp4,videos/005/005_0002.mp4,false,event_time,Event Time,Level 2: Episodic Indexing,<005_0002.mp4>what time did the creator arrive at the park,A.13:15,B.12:30,C.14:50,D.34:05,D,ev 05,,The creator got off the bike and arrived at the park at 34:05,worker_03,2025-12-09,accepted,global_json_list
egomonth_qa_000335,005,005,005_0002,005/005_0002.mp4,videos/005/005_0002.mp4,false,detail_retrieval,Detail Retrieval,Level 2: Episodic Indexing,<005_0002.mp4>why did the author stop at 06:04,A.traffic light,B.arrived at destination,C.traffic jam,D.None,A,ev 05,,The author stopped due to a red light,worker_03,2025-12-09,accepted,global_json_list
egomonth_qa_000336,005,005,005_0002,005/005_0002.mp4,videos/005/005_0002.mp4,false,spatial_relation,Spatial Relation,Level 2: Episodic Indexing,<005_0002.mp4>what is the author's route,"A.first street, then park","B.first park, then street",C.None,D.None,A,ev 05|ev 06,,"The creator first rode a bike on the street, then arrived at the park",worker_03,2025-12-09,accepted,global_json_list
egomonth_qa_000337,005,005,005_0002,005/005_0002.mp4,videos/005/005_0002.mp4,false,detail_retrieval,Detail Retrieval,Level 2: Episodic Indexing,<005_0002.mp4>why did the author suddenly brake at 12:30,A.red light,B.vehicle breakdown,C.blocked by other vehicles,D.None,C,ev 05,,There was a red car blocking the road during the ride,worker_03,2025-12-09,accepted,global_json_list
egomonth_qa_000338,005,005,005_0002,005/005_0002.mp4,videos/005/005_0002.mp4,false,detail_retrieval,Detail Retrieval,Level 2: Episodic Indexing,<005_0002.mp4>why did the author brake at 05:10,A.traffic jam,B.vehicle breakdown,C.red light,D.None,A,ev 05,,"There were many vehicles on the road, so the author braked",worker_03,2025-12-09,accepted,global_json_list
egomonth_qa_000339,005,005,005_0002,005/005_0002.mp4,videos/005/005_0002.mp4,false,object_location,Object Location,Level 2: Episodic Indexing,<005_0002.mp4>what shop is on street three,A.swimming shop,B.flower shop,C.gas station,D.None,C,ev 05,,There is a blue gas station around the road,worker_03,2025-12-09,accepted,global_json_list
egomonth_qa_000340,005,005,005_0003,005/005_0003.mp4,videos/005/005_0003.mp4,false,detail_retrieval,Detail Retrieval,Level 2: Episodic Indexing,<005_0003.mp4>what is the name of the square arrived at 14:26,A.Guangzhong Square,B.Yaozu Square,C.Cultural Square,D.None,C,ev 08,,The author rode a bike to Cultural Square,worker_03,2025-12-09,accepted,global_json_list
egomonth_qa_000341,005,005,005_0004,005/005_0004.mp4,videos/005/005_0004.mp4,false,detail_retrieval,Detail Retrieval,Level 2: Episodic Indexing,<005_0004.mp4>why did the author park the car,A.red light,B.get off to pick up something,C.traffic jam,D.None,B,ev 10,,The author parked the car to pick up the red bag from the front bike,worker_03,2025-12-09,accepted,global_json_list
egomonth_qa_000342,005,005,005_0004,005/005_0004.mp4,videos/005/005_0004.mp4,false,object_location,Object Location,Level 2: Episodic Indexing,<005_0004.mp4>which street is the yellow car on,A.1,B.2,C.3,D.4,B,ev 10,0004 obj car 01,There are yellow cars on both sides of street two,worker_03,2025-12-09,accepted,global_json_list
egomonth_qa_000343,005,005,005_0004,005/005_0004.mp4,videos/005/005_0004.mp4,false,direction_judgement,Direction Judgment,Level 3: Cascading Reasoning,<005_0004.mp4>which direction did the car turn at 00:15,A.turn left,B.turn right,C.None,D.None,B,ev 10,,The car turned right while riding,worker_03,2025-12-09,accepted,global_json_list
egomonth_qa_000344,005,005,005_0004,005/005_0004.mp4,videos/005/005_0004.mp4,false,detail_retrieval,Detail Retrieval,Level 2: Episodic Indexing,<005_0004.mp4>what color is the bag,A.blue,B.black,C.red,D.gray,C,ev 11,0004 obj bag 01,The bag is red,worker_03,2025-12-09,accepted,global_json_list
egomonth_qa_000345,005,005,005_0005,005/005_0005.mp4,videos/005/005_0005.mp4,false,detail_retrieval,Detail Retrieval,Level 2: Episodic Indexing,<005_0005.mp4>what color is the car at 31:39,A.red,B.pink,C.black,D.yellow,D,ev 12,0005 obj car 01,The car is yellow,worker_03,2025-12-09,accepted,global_json_list
egomonth_qa_000346,005,005,005_0005,005/005_0005.mp4,videos/005/005_0005.mp4,false,self_localization,Self-Localization,Level 2: Episodic Indexing,<005_0005.mp4>where was the author at 29:52,A.teaching building,B.playground,C.bridge,D.residential area,C,ev 12,,The author was walking on the bridge,worker_03,2025-12-09,accepted,global_json_list
egomonth_qa_000347,005,005,005_0005,005/005_0005.mp4,videos/005/005_0005.mp4,false,detail_retrieval,Detail Retrieval,Level 2: Episodic Indexing,<005_0005.mp4>what types of goods are there in the market,A.food,B.toys,C.food and toys,D.None,C,ev 12,,"The market stalls have snacks, oil and gypsum dolls",worker_03,2025-12-09,accepted,global_json_list
egomonth_qa_000348,005,005,005_0006,005/005_0006.mp4,videos/005/005_0006.mp4,false,self_localization,Self-Localization,Level 2: Episodic Indexing,<005_0006.mp4>where was the author at 01:49,A.playground,B.swimming pool,C.dormitory building,D.teaching building,D,ev 13,,The author was in the teaching building,worker_03,2025-12-09,accepted,global_json_list
egomonth_qa_000349,005,005,005_0006,005/005_0006.mp4,videos/005/005_0006.mp4,false,route_reasoning,Route Reasoning,Level 3: Cascading Reasoning,<005_0006.mp4>what is the author's route,"A.first teaching building, then park, finally dormitory building","B.first park, then teaching building, finally dormitory building","C.first park, then dormitory building, then teaching building","D.first dormitory building, then teaching building, then park",A,ev 13|ev 14|ev 15,,"The author first finished class, came out of the teaching building, passed the park, and finally returned to the dormitory building",worker_03,2025-12-09,accepted,global_json_list
egomonth_qa_000350,005,005,005_0006,005/005_0006.mp4,videos/005/005_0006.mp4,false,direction_judgement,Direction Judgment,Level 3: Cascading Reasoning,<005_0006.mp4>which direction to turn in the dormitory corridor to get to the stairs,A.turn left,B.turn right,C.go straight,D.None,A,ev 15,,Turn left in the corridor to go upstairs,worker_03,2025-12-09,accepted,global_json_list
egomonth_qa_000351,005,005,005_0007,005/005_0007.mp4,videos/005/005_0007.mp4,false,direction_judgement,Direction Judgment,Level 3: Cascading Reasoning,<005_0007.mp4>which direction did the author turn on the street at 03:10,A.turn left,B.turn right,C.None,D.None,A,ev 17,,The author turned left,worker_03,2025-12-09,accepted,global_json_list
egomonth_qa_000352,005,005,005_0008,005/005_0008.mp4,videos/005/005_0008.mp4,false,object_location,Object Location,Level 2: Episodic Indexing,<005_0008.mp4>where is the stagnation place,A.teaching building,B.dormitory building,C.swimming pool,D.park,D,ev 17,,The pavilion is in the park,worker_03,2025-12-09,accepted,global_json_list
egomonth_qa_000353,005,005,005_0009,005/005_0009.mp4,videos/005/005_0009.mp4,false,object_counting_global,Object Counting,Level 3: Cascading Reasoning,<005_0009.mp4>how many umbrellas are there at 01:08,A.1,B.2,C.3,D.6,D,,0009 obj umbrella 01,There are 6 umbrellas,worker_03,2025-12-09,accepted,global_json_list
egomonth_qa_000354,005,005,005_0009,005/005_0009.mp4,videos/005/005_0009.mp4,false,object_counting_global,Object Counting,Level 3: Cascading Reasoning,<005_0009.mp4>how many schoolbags are there at 01:08,A.3,B.4,C.5,D.2,D,ev 24,0009 obj schoolbag 01,"There are two schoolbags ahead, one black and one white",worker_03,2025-12-09,accepted,global_json_list
egomonth_qa_000355,005,005,005_0009,005/005_0009.mp4,videos/005/005_0009.mp4,false,detail_retrieval,Detail Retrieval,Level 2: Episodic Indexing,<005_0009.mp4>what is the name of the store where the author ordered food,A.Mixue Bingcheng,B.Bawang Chaji,C.Zhengxin Chicken Steak,D.None,C,ev 25,,The author ordered food at Zhengxin Chicken Steak,worker_03,2025-12-09,accepted,global_json_list
egomonth_qa_000356,005,005,005_0009,005/005_0009.mp4,videos/005/005_0009.mp4,false,event_time,Event Time,Level 2: Episodic Indexing,<005_0009.mp4>what time did the author return to the dormitory,A.12:01,B.13:02,C.13:48,D.21:10,C,ev 26,,The author returned to the dormitory at 13:48,worker_03,2025-12-09,accepted,global_json_list
egomonth_qa_000357,005,005,005_0009,005/005_0009.mp4,videos/005/005_0009.mp4,false,spatial_relation,Spatial Relation,Level 2: Episodic Indexing,<005_0009.mp4>which side is the dormitory building on the store,A.left,B.right,C.None,D.None,B,ev 26,,The author turns right at the store and goes straight to the dormitory,worker_03,2025-12-09,accepted,global_json_list
egomonth_qa_000358,005,005,005_0009,005/005_0009.mp4,videos/005/005_0009.mp4,false,route_reasoning,Route Reasoning,Level 3: Cascading Reasoning,<005_0009.mp4>what route should the author take to return to the dormitory at the store intersection,"A.first turn left, then turn right","B.first turn right, then turn left",C.None,D.None,A,ev 26,,"The store is ahead at the intersection, the author first turns left, then turns right, and goes straight to the dormitory",worker_03,2025-12-09,accepted,global_json_list
egomonth_qa_000359,005,005,005_0010,005/005_0010.mp4,videos/005/005_0010.mp4,false,detail_retrieval,Detail Retrieval,Level 2: Episodic Indexing,<005_0010.mp4>what color is the desk lamp,A.red,B.blue,C.black,D.pink,D,ev 28,0010 obj desk lamp 01,The desk lamp is pink,worker_03,2025-12-09,accepted,global_json_list
egomonth_qa_000360,005,005,005_0011,005/005_0011.mp4,videos/005/005_0011.mp4,false,habit_inference,Habit Inference,Level 1: Schema Consolidation,<005_0011.mp4>which floor does the author have class on,A.1st floor,B.2nd floor,C.3rd floor,D.5th floor,D,"ev 22,|ev 18|ev 36",,It can be seen from multiple videos that the author has classes on the 5th floor,worker_03,2025-12-09,accepted,global_json_list
egomonth_qa_000361,005,005,005_0011,005/005_0011.mp4,videos/005/005_0011.mp4,false,detail_retrieval,Detail Retrieval,Level 2: Episodic Indexing,<005_0011.mp4>which store is the author in front of at 11:43,A.McDonald's,B.Mixue Bingcheng,C.Bawang Chaji,D.KFC,D,ev 30,,The author is in front of KFC,worker_03,2025-12-09,accepted,global_json_list
egomonth_qa_000362,005,005,005_0011,005/005_0011.mp4,videos/005/005_0011.mp4,false,detail_retrieval,Detail Retrieval,Level 2: Episodic Indexing,<005_0011.mp4>what was the author doing at 04:23,A.swimming,B.eating,C.throwing garbage,D.sleeping,C,ev 30,,The author threw garbage after class,worker_03,2025-12-09,accepted,global_json_list
egomonth_qa_000363,005,005,005_0012,005/005_0012.mp4,videos/005/005_0012.mp4,false,object_location,Object Location,Level 2: Episodic Indexing,<005_0012.mp4>where is the landscape stone,A.classroom,B.dormitory building,C.swimming pool,D.park,D,ev 31,,"Landscape stone, located on the park square",worker_03,2025-12-15,accepted,global_json_list
egomonth_qa_000364,005,005,0012,005/005_0012.mp4,videos/005/005_0012.mp4,false,detail_retrieval,Detail Retrieval,Level 2: Episodic Indexing,<005_0012.mp4>what is the name of the square,A.Guangzhong Square,B.Yaozu Square,C.People's Square,D.Minghu Square,D,ev 31,,The stone is engraved with the words Minghu Square,worker_03,2025-12-15,accepted,global_json_list
egomonth_qa_000365,005,005,005_0012,005/005_0012.mp4,videos/005/005_0012.mp4,false,detail_retrieval,Detail Retrieval,Level 2: Episodic Indexing,<005_0012.mp4>what is the name of the drink appearing at 09:30,A.Nutri-Express,B.Oriental Leaf,C.Ice Black Tea,D.Coca-Cola,C,ev 32,,Ice Black Tea on the table,worker_03,2025-12-15,accepted,global_json_list
egomonth_qa_000366,005,005,005_0013,005/005_0013.mp4,videos/005/005_0013.mp4,false,object_location,Object Location,Level 2: Episodic Indexing,<005_0013.mp4>where is the projector,A.playground,B.swimming pool,C.classroom,D.dormitory building,C,ev 33,,Projector in the classroom,worker_03,2025-12-15,accepted,global_json_list
egomonth_qa_000367,005,005,005_0013,005/005_0013.mp4,videos/005/005_0013.mp4,false,object_location,Object Location,Level 2: Episodic Indexing,<005_0013.mp4>where is the blackboard,A.store,B.playground,C.swimming pool,D.classroom,D,ev 33,,The blackboard is in the classroom,worker_03,2025-12-15,accepted,global_json_list
egomonth_qa_000368,005,005,005_0014,005/005_0014.mp4,videos/005/005_0014.mp4,false,route_reasoning,Route Reasoning,Level 3: Cascading Reasoning,<005_0014.mp4>what is the author's movement route,A.from playground to dormitory,B.from dormitory to playground,C.None,D.None,A,ev 35,,The author returns to the dormitory from the playground,worker_03,2025-12-15,accepted,global_json_list
egomonth_qa_000369,005,005,005_0014,005/005_0014.mp4,videos/005/005_0014.mp4,false,event_time,Event Time,Level 2: Episodic Indexing,<005_0014.mp4>what time did the author arrive at the dormitory,A.12:12,B.13:15,C.19:18,D.11:11,D,ev 35,,The author arrived at the dormitory at 11:11,worker_03,2025-12-15,accepted,global_json_list
egomonth_qa_000370,005,005,005_0015,005/005_0015.mp4,videos/005/005_0015.mp4,false,detail_retrieval,Detail Retrieval,Level 2: Episodic Indexing,<005_0015.mp4>what is the name of the intersection sign at 04:14,A.Rose Garden,B.Tea Garden,C.Cherry Blossom Garden,D.Peony Garden,C,ev 36,,The text is Cherry Blossom Garden,worker_03,2025-12-15,accepted,global_json_list
egomonth_qa_000371,005,005,005_0015,005/005_0015.mp4,videos/005/005_0015.mp4,false,detail_retrieval,Detail Retrieval,Level 2: Episodic Indexing,<005_0015.mp4>how did the author go upstairs,A.climb stairs,B.take elevator,C.take helicopter,D.None,B,ev 37,,Take the elevator upstairs,worker_03,2025-12-15,accepted,global_json_list
egomonth_qa_000372,005,005,005_0015,005/005_0015.mp4,videos/005/005_0015.mp4,false,event_counting,Event Counting,Level 3: Cascading Reasoning,<005_0015.mp4>how many ways can the author go upstairs,A.1 way,B.2 ways,C.3 ways,D.4 ways,B,ev 37,,You can go upstairs by climbing stairs or taking the elevator,worker_03,2025-12-15,accepted,global_json_list
egomonth_qa_000373,005,005,005_0015,005/005_0015.mp4,videos/005/005_0015.mp4,false,event_counting,Event Counting,Level 3: Cascading Reasoning,<005_0015.mp4>how many roads are there to the teaching building,A.1 road,B.2 roads,C.3 roads,D.4 roads,B,ev 37|ev 36,cross_video,One can take the street and the other can take the park,worker_03,2025-12-15,accepted,global_json_list
egomonth_qa_000374,005,005,005_0015,005/005_0015.mp4,videos/005/005_0015.mp4,false,habit_inference,Habit Inference,Level 1: Schema Consolidation,<005_0015.mp4>what color bags do the author's friends like to carry,A.white and black,B.green and blue,C.red and blue,D.purple and green,A,ev 36|ev 40,cross_video,"In multiple videos, two classmates walked in front of the video carrying white and black bags",worker_03,2025-12-15,accepted,global_json_list
egomonth_qa_000375,005,005,005_0016,005/005_0016.mp4,videos/005/005_0016.mp4,false,route_reasoning,Route Reasoning,Level 3: Cascading Reasoning,<005_0016.mp4>how to walk along the street to reach the teaching building,"A.turn left first, then right","B.turn right first, then left",C.None,D.None,B,ev 38,,"Turn right first, then left to reach the teaching building",worker_03,2025-12-15,accepted,global_json_list
egomonth_qa_000376,005,005,005_0017,005/005_0017.mp4,videos/005/005_0017.mp4,false,object_counting_global,Object Counting,Level 3: Cascading Reasoning,<005_0017.mp4>how many streets are there,A.1 street,B.2 streets,C.3 streets,D.4 streets,C,ev 39,,There are three streets in total,worker_03,2025-12-15,accepted,global_json_list
egomonth_qa_000377,005,005,005_0017,005/005_0017.mp4,videos/005/005_0017.mp4,false,direction_judgement,Direction Judgment,Level 3: Cascading Reasoning,<005_0017.mp4>which direction to turn on Street 2,A.turn left,B.turn right,C.None,D.None,A,ev 39,,Turn left on Street 2,worker_03,2025-12-15,accepted,global_json_list
egomonth_qa_000378,005,005,005_0018,005/005_0018.mp4,videos/005/005_0018.mp4,false,detail_retrieval,Detail Retrieval,Level 2: Episodic Indexing,<005_0018.mp4>what color is the truck at the beginning,A.white,B.red,C.blue,D.pink,A,ev 40,,White truck by the road,worker_03,2025-12-15,accepted,global_json_list
egomonth_qa_000379,005,005,005_0018,005/005_0018.mp4,videos/005/005_0018.mp4,false,object_counting_global,Object Counting,Level 3: Cascading Reasoning,<005_0018.mp4>how many streets are there,A.1 street,B.2 streets,C.3 streets,D.4 streets,D,ev 40,,There are four streets in total,worker_03,2025-12-15,accepted,global_json_list
egomonth_qa_000380,005,005,005_0018,005/005_0018.mp4,videos/005/005_0018.mp4,false,detail_retrieval,Detail Retrieval,Level 2: Episodic Indexing,<005_0018.mp4>what color is the cat,A.white,B.black,C.red,D.green,B,ev 41,,Black cat,worker_03,2025-12-15,accepted,global_json_list
egomonth_qa_000381,009,009,009_0001,009/009_0001.mp4,videos/009/009_0001.mp4,false,detail_retrieval,Detail Retrieval,Level 2: Episodic Indexing,<009_0001.mp4>What color of kitten does the user see,A.Orange,B.brown,C.black and white,D.black,C,ev_02,,"At 11 minutes and 14 seconds, you can see that the kitten's color is black and white",worker_05,2025-12-6,accepted,global_json_list
egomonth_qa_000382,009,009,009_0002,009/009_0002.mp4,videos/009/009_0002.mp4,false,self_localization,Self-Localization,Level 2: Episodic Indexing,<009_0002.mp4>Where was I at 12 minutes and 22 seconds,A.library,B.dormitory,C.classroom,D.office,A,ev_07,,"At 12 minutes and 22 seconds, I was in the library",worker_05,2025-12-6,accepted,global_json_list
egomonth_qa_000383,009,009,009_0003,009/009_0003.mp4,videos/009/009_0003.mp4,false,detail_retrieval,Detail Retrieval,Level 2: Episodic Indexing,<009_0003.mp4>What is the size of the user's coffee,A.567,B.569,C.562,D.560,B,ev_08,,The user's coffee is number 569,worker_05,2025-12-6,accepted,global_json_list
egomonth_qa_000384,009,009,009_0004,009/009_0004.mp4,videos/009/009_0004.mp4,false,procedure_planning,Procedure Planning,Level 3: Cascading Reasoning,<009_0004.mp4>What is the preparation sequence for users to start learning at the library,A.Open the schoolbag->take out the laptop->pull out the charger-> plug it into the computer,B.take out the laptop->Open the schoolbag->pull out the charger-> plug it into the computer,C.pull out the charger->take out the laptop->Open the schoolbag-> plug it into the computer,D.plug it into the computer->take out the laptop->pull out the charger->Open the schoolbag,A,ev_09,,"The preparation before user learning is Open the schoolbag,take out the laptop,pull out the charger and plug it into the computer",worker_05,2025-12-6,accepted,global_json_list
egomonth_qa_000385,009,009,009_0005,009/009_0005.mp4,videos/009/009_0005.mp4,false,detail_retrieval,Detail Retrieval,Level 2: Episodic Indexing,<009_0005.mp4>What did the user drink during the learning process,A.coffee,B.juice,C.Water,D.milk tea,C,ev_12,,The user is drinking water,worker_05,2025-12-6,accepted,global_json_list
egomonth_qa_000386,009,009,009_0018,009/009_0018.mp4,videos/009/009_0018.mp4,false,procedure_planning,Procedure Planning,Level 3: Cascading Reasoning,<009_0018.mp4>What are the steps for users to cook,A.Boil water->wash eggs-> beat eggs->boil noodles,B.wash eggs->Boil water-> beat eggs->boil noodles,C.beat eggs->wash eggs->Boil water ->boil noodles,D.boil noodles->wash eggs-> beat eggs-> Boil water,A,ev_40,,"The sequence of cooking steps for the user is Boil water,wash eggs, beat eggs,boil noodles",worker_05,2025-12-6,accepted,global_json_list
egomonth_qa_000387,009,009,009_0012,009/009_0012.mp4,videos/009/009_0012.mp4,false,detail_retrieval,Detail Retrieval,Level 2: Episodic Indexing,<009_0012.mp4>What is the mode of transportation used by users for travel,A.Electric bike,B.Bicycle,C.car,D.bus,A,ev_29,,The user's mode of transportation is electric vehicles,worker_05,2025-12-6,accepted,global_json_list
egomonth_qa_000388,009,009,009_0019,009/009_0019.mp4,videos/009/009_0019.mp4,false,self_localization,Self-Localization,Level 2: Episodic Indexing,<009_0019.mp4>Where am I in one minute and 27 seconds,A.Dormitory,B.classroom,C.Library,D.Office,A,ev_42,,The user is in the dormitory,worker_05,2025-12-6,accepted,global_json_list
egomonth_qa_000389,009,009,009_0019,009/009_0019.mp4,videos/009/009_0019.mp4,false,spatial_relation,Spatial Relation,Level 2: Episodic Indexing,<009_0019.mp4>How many rooms does the user live in,A.2,B.3,C.4,D.5,A,ev_43,,The user is staying in a 2-bedroom room,worker_05,2025-12-6,accepted,global_json_list
egomonth_qa_000390,009,009,009_0027,009/009_0027.mp4,videos/009/009_0027.mp4,false,direction_judgement,Direction Judgment,Level 3: Cascading Reasoning,<009_0027.mp4>How can users get to the bathroom to collect water,A.Go back,B.go left,C.go right,D.go forward,A,ev_55,,Users need to walk backwards to the bathroom to get water,worker_05,2025-12-6,accepted,global_json_list
egomonth_qa_000391,009,009,"009_0001,009_0002,009_0003,",009/009_0001.mp4|009/009_0002.mp4|009/009_0003.mp4,videos/009/009_0001.mp4|videos/009/009_0002.mp4|videos/009/009_0003.mp4,false,habit_inference,Habit Inference,Level 1: Schema Consolidation,<009_0001.mp4><009_0002.mp4><009_0003.mp4>Where are the majority of user learning venues located,A.Dormitory,B.library,C.classroom,D.office,B,"ev_04,ev_06,ev_08,",,The library is the most frequently chosen by users,worker_05,2025-12-6,accepted,global_json_list
egomonth_qa_000392,010,010,010_0001,010/010_0001.mp4,videos/010/010_0001.mp4,false,object_location,Object Location,Level 2: Episodic Indexing,<010_0001.mp4>Which side of the towel are the pants on,A.left,B.right,C.None,D.None,A,,0001_obj_towel_01|0001_obj_pants_01,The pants were hung on the left side of the towel,worker_12,2025-12-19,accepted,global_json_list
egomonth_qa_000393,010,010,010_0003,010/010_0003.mp4,videos/010/010_0003.mp4,false,detail_retrieval,Detail Retrieval,Level 2: Episodic Indexing,<010_0003.mp4>How much did the user spend on the meal,A.3 RMB,B.4 RMB,C.5 RMB,D.6 RMB,B,ev_013,0003_obj_payment machine_01,The payment machine displays 4 yuan,worker_12,2025-12-19,accepted,global_json_list
egomonth_qa_000394,010,010,010_0003,010/010_0003.mp4,videos/010/010_0003.mp4,false,detail_retrieval,Detail Retrieval,Level 2: Episodic Indexing,<010_0003.mp4>Which way did the user turn at intersection_1 on the way to cafeteria_1,A.None,B.None,C.None,D.None,B,ev_011,,The user turns right,worker_12,2025-12-20,accepted,global_json_list
egomonth_qa_000395,010,010,010_0003,010/010_0003.mp4,videos/010/010_0003.mp4,false,route_reasoning,Route Reasoning,Level 3: Cascading Reasoning,<010_0003.mp4>What is the route for the user from dormitory building_1 to cafeteria_1,A.None,B.None,C.None,D.None,D,ev_011|ev_012,,"The user turn right at intersection_1 in ev_011, turn left at intersection_2 in ev_012, and arrive at cafeteria_1",worker_12,2025-12-20,accepted,global_json_list
egomonth_qa_000396,010,010,010_0003,010/010_0003.mp4,videos/010/010_0003.mp4,false,self_localization,Self-Localization,Level 2: Episodic Indexing,<010_0003.mp4>Where is the user at the timestamp 19:23,A.None,B.None,C.None,D.None,B,ev_016,,The user is distributing flyers in the library,worker_12,2025-12-20,accepted,global_json_list
egomonth_qa_000397,010,010,010_0003,010/010_0003.mp4,videos/010/010_0003.mp4,false,event_time,Event Time,Level 2: Episodic Indexing,<010_0003.mp4>When is the user eating,A.4:40-8:30,B.11:10-12:00,C.08:30-09:15,D.18:00-18:45,B,ev_014,,The user is having a meal in ev_014 from 4:40 to 8:30,worker_12,2025-12-20,accepted,global_json_list
egomonth_qa_000398,010,010,010_0003,010/010_0003.mp4,videos/010/010_0003.mp4,false,temporal_ordering,Temporal Ordering,Level 2: Episodic Indexing,<010_0003.mp4>Did the user go to the library first or the cafeteria first after leaving the dormitory,A.Library first,B.Cafeteria first,C.She went to both at the same time,D.She did not go to either,B,ev_013|ev_014|ev_015,,"The user arrived at the cafeteria at 3:03, and later entered the library at 17:56. Therefore, she went to the cafeteria first",worker_12,2025-12-20,accepted,global_json_list
egomonth_qa_000399,010,010,010_0003,010/010_0003.mp4,videos/010/010_0003.mp4,false,detail_retrieval,Detail Retrieval,Level 2: Episodic Indexing,<010_0003.mp4>Which floor is stairwell_1 located on,A.1st Floor,B.2nd Floor,C.3rd Floor,D.4th Floor,D,,0003_obj_sign_01,The sign on the wall indicate that it is in 4th floor,worker_12,2025-12-20,accepted,global_json_list
egomonth_qa_000400,010,010,010_0003,010/010_0003.mp4,videos/010/010_0003.mp4,false,cross_view_spatial_reasoning,Cross-View Spatial Reasoning,Level 3: Cascading Reasoning,<010_0003.mp4>How many floors are between stairwell_1 and dormitory_1,A.0 floor,B.1 floor,C.2 floor,D.3 floor,C,ev_021,,The user walks downstairs two floors via the stairwell,worker_12,2025-12-20,accepted,global_json_list
egomonth_qa_000401,010,010,010_0004,010/010_0004.mp4,videos/010/010_0004.mp4,false,detail_retrieval,Detail Retrieval,Level 2: Episodic Indexing,<010_0004.mp4>What are the  digits of the license plate of car 0004_obj_car_01,A.苏A.25R7U,B.苏B.25R7V,C.豫G.35K7U,D.苏C.12345,A,ev_017,0004_obj_car_01,"The user passes by car 0004_obj_car_01 on the road, and the last five digits of its license plate are 25R7U",worker_12,2025-12-22,accepted,global_json_list
egomonth_qa_000402,010,010,010_0004,010/010_0004.mp4,videos/010/010_0004.mp4,false,direction_judgement,Direction Judgment,Level 3: Cascading Reasoning,<010_0004.mp4>Which way should the user turn first when returning from school gate_1 to dormitory_1,A.Turn left,B.Turn right,C.Go straight,D.Turn back,B,ev_017,,"To return from the school gate_1 to dormitory_1, the user must first make a left turn at the initial intersection to retrace the route taken earlier",worker_12,2025-12-22,accepted,global_json_list
egomonth_qa_000403,010,010,010_0004,010/010_0004.mp4,videos/010/010_0004.mp4,false,detail_retrieval,Detail Retrieval,Level 2: Episodic Indexing,<010_0004.mp4>What did the user eat for lunch today,A.Noodles,B.Rice with stir-fried dishes,C.Hamburger,D.Spicy hot pot,D,ev_018|ev_022,,"Before the meal (ev_018), the user explicitly shows the food to the camera and verbally identifies it as Malatang",worker_12,2025-12-22,accepted,global_json_list
egomonth_qa_000404,010,010,010_0004,010/010_0004.mp4,videos/010/010_0004.mp4,false,self_localization,Self-Localization,Level 2: Episodic Indexing,<010_0004.mp4>Where is the user at the timestamp 32:30,A.dormitory_1,B.stairwell_1,C.library_1,D.cafeteria_1,A,ev_018|ev_020,,"At 32:30,the user is having a meal at dormitory_1",worker_12,2025-12-22,accepted,global_json_list
egomonth_qa_000405,010,010,010_0005,010/010_0005.mp4,videos/010/010_0005.mp4,false,procedure_planning,Procedure Planning,Level 3: Cascading Reasoning,<010_0005.mp4>What steps did the user follow to have lunch today,"A.Go from the dormitory to the cafeteria, take the elevator upstairs, order food, and pick up the food","B.Order food at the dormitory, go to the cafeteria, and eat","C.Go from the library to the cafeteria, order food, and eat","D.Go from the dormitory to the cafeteria, take the stairs downstairs, and pick up the food",A,ev_023|ev_024|ev_025|ev_026,,"The user starts at dormitory_1, travels to cafeteria_1, is seen using an elevator to reach the dining floor, then interacts with workers to order and finally receives the meal.",worker_12,2025-12-22,accepted,global_json_list
egomonth_qa_000406,010,010,010_0005,010/010_0005.mp4,videos/010/010_0005.mp4,false,detail_retrieval,Detail Retrieval,Level 2: Episodic Indexing,<010_0005.mp4>Which floor did the user reach by elevator,A.1 floor,B.2 floors,C.3 floors,D.4 floors,C,ev_024,,"The user enters the elevator and the digital display inside shows the number '3' when the doors open, indicating they have reached the 3rd floor",worker_12,2025-12-22,accepted,global_json_list
egomonth_qa_000407,010,010,010_0006,010/010_0006.mp4,videos/010/010_0006.mp4,false,event_time,Event Time,Level 2: Episodic Indexing,<010_0006.mp4>At what time does the user arrive at the gym,A.1:15,B.8:29,C.4:40,D.12:29,D,ev_027,,"At  12:29, the user is seen entering the gym area (gym_1), where fitness equipment like treadmills is clearly visible.",worker_12,2025-12-22,accepted,global_json_list
egomonth_qa_000408,010,010,010_0006,010/010_0001.mp4|010/010_0006.mp4|010/010_0009.mp4,videos/010/010_0001.mp4|videos/010/010_0006.mp4|videos/010/010_0009.mp4,false,habit_inference,Habit Inference,Level 1: Schema Consolidation,"<010_0001.mp4><010_0006.mp4><010_0009.mp4>Based on the user's behavior and the sequence of events, what can be inferred about her fitness habits",A.She is forced to exercise by her school,B.She has a strong interest in fitness,C.She is only visiting the gym to look for someone,D.She prefers indoor study over any physical activities,B,ev_004|ev_027|ev_028|ev_029,,It has been observed that the user has visited the gym many times and mentioned fitness many times,worker_12,2025-12-22,accepted,global_json_list
egomonth_qa_000409,010,010,010_0006,010/010_0006.mp4,videos/010/010_0006.mp4,false,direction_judgement,Direction Judgment,Level 3: Cascading Reasoning,<010_0006.mp4>Which direction should the user go after leaving school gate_1 to reach gym_1,A.Turn left,B.Turn right,C.Go straight,D.Turn back,B,ev_027,,"After exiting school gate_1, the user turned right.",worker_12,2025-12-22,accepted,global_json_list
egomonth_qa_000410,010,010,010_0007,010/010_0007.mp4,videos/010/010_0007.mp4,false,event_counting,Event Counting,Level 3: Cascading Reasoning,<010_0007.mp4>How many bed sheets did the user tidy up in total throughout the video,A.0,B.1,C.2,D.3,C,ev_032|ev_033,,"By reviewing the video segments ev_032 and ev_033, the user performs the distinct action of tidying the bed sheets twice",worker_12,2025-12-23,accepted,global_json_list
egomonth_qa_000411,010,010,010_0008,010/010_0008.mp4,videos/010/010_0008.mp4,false,detail_retrieval,Detail Retrieval,Level 2: Episodic Indexing,<010_0008.mp4>What is the color of the bottle (0004_obj_bottle_01) on the desk,A.Blue,B.Red,C.Yellow,D.Green,C,ev_033|ev_034,,"At  16:33 , a bottle identified as 0004_obj_bottle_01 is clearly visible on the dormitory desk, and its color is yellow",worker_12,2025-12-23,accepted,global_json_list
egomonth_qa_000412,010,010,010_0008,010/010_0008.mp4,videos/010/010_0008.mp4,false,object_location,Object Location,Level 2: Episodic Indexing,<010_0008.mp4>On which side of the user is the bag (0008_obj_bag_01) located,A.Left side,B.Right side,C.Front,D.Back,A,,,"At  0:16 in video 010_0008,  bags are clearly visible hanging on the cabinet at the left side of the user",worker_12,2025-12-23,accepted,global_json_list
egomonth_qa_000413,010,010,010_0008,010/010_0001.mp4|010/010_0008.mp4,videos/010/010_0001.mp4|videos/010/010_0008.mp4,false,habit_inference,Habit Inference,Level 1: Schema Consolidation,"<010_0001.mp4><010_0008.mp4>Based on the objects in the user's room and their activities, what is one of the user's primary hobbies",A.Professional Cooking,B.Music,C.Video Gaming,D.Stamp Collecting,B,ev_002|ev_003|ev_030,0001_obj_guitar_01,The user is seen holding and potentially playing a guitar and singing songs in the dormitory,worker_12,2025-12-23,accepted,global_json_list
egomonth_qa_000414,010,010,010_0009,010/010_0009.mp4,videos/010/010_0009.mp4,false,route_reasoning,Route Reasoning,Level 3: Cascading Reasoning,"<010_0009.mp4>According to the video and the campus layout, how can the user get from dormitory_1 to school gate_1",A.Go straight through all intersections until reaching the gate.,"B.Turn right at intersection_1, go straight through intersections 2-5, turn right at intersection_6, turn left at intersection_7, and finally turn right at intersection_8.","C.Turn left at intersection_1, go straight through intersections 2-5, turn left at intersection_6, and turn right at intersection_8.","D.Turn right at intersection_1, turn right at intersection_6, and then go straight to the school gate.",B,ev_035|ev_036|ev_037|ev_038|ev_039|ev_040|ev_041|ev_042|ev_043,,"The user turns right at intersection_1, goes straight through intersections 2-5, turns right at intersection_6, turns left at intersection_7, and finally turns right at intersection_8 ",worker_12,2025-12-23,accepted,global_json_list
egomonth_qa_000415,010,010,010_0009,010/010_0009.mp4,videos/010/010_0009.mp4,false,detail_retrieval,Detail Retrieval,Level 2: Episodic Indexing,<010_0009.mp4>What is indicated by the sign (0009_obj_sign_01) located at intersection_3,A.One way street,B.No Parking,C.Speed Limit 30,D.Pedestrian Crossing,B,ev_037,0009_obj_sign_0,"At intersection_3, there is a sign (0009_obj_sign_01) clearly visible in the scene. The symbol and text on the sign represent '禁止停车'",worker_12,2025-12-23,accepted,global_json_list
egomonth_qa_000416,010,010,010_0009,010/010_0009.mp4,videos/010/010_0009.mp4,false,route_reasoning,Route Reasoning,Level 3: Cascading Reasoning,<010_0009.mp4>What is the specific route taken by the user to travel from school gate_1 to gym_1,"A.Turn left at the gate, pass the zebra crossing, and go straight.","B.Turn right at the gate, go straight past zebra crossing_1, and then turn left.","C.Go straight through the gate, turn right at zebra crossing_1, and stop.","D.Turn right at the gate, turn right again at zebra crossing_1, and enter the building.",B,ev_044,,"The user turns right at the gate, goes straight past zebra crossing_1, and then turns left",worker_12,2025-12-23,accepted,global_json_list
egomonth_qa_000417,010,010,010_0010,010/010_0010.mp4,videos/010/010_0010.mp4,false,route_reasoning,Route Reasoning,Level 3: Cascading Reasoning,"<010_0010.mp4>According to the video and the campus layout, how can the user get from dormitory_1 to library_1",A.Turn left at intersection_1 and go straight.,"B.Go straight at intersection_1, turn left at intersection_5, and turn right at intersection_9.","C.Turn right at intersection_1, go straight through intersections 2-5, turn right at intersection_6, and turn right at intersection_9.","D.Turn right at intersection_1, turn left at intersection_6, and stop.",C,ev_045,,"The user turns right at intersection_1, goes straight through intersections 2-5, turns right at intersection_6, turns right at intersection_9",worker_12,2025-12-23,accepted,global_json_list
egomonth_qa_000418,010,010,010_0010,010/010_0010.mp4,videos/010/010_0010.mp4,false,detail_retrieval,Detail Retrieval,Level 2: Episodic Indexing,"<010_0010.mp4>Which floor is the user on upon entering the library, according to the sign (0010_obj_sign_01)",A.1st Floor,B.2nd Floor,C.3rd Floor,D.Basement,B,ev_045,0010_obj_sign_01,"Upon entering the library, the sign (0010_obj_sign_01) on the wall clearly displays '2F', indicating the user is on the 2nd floor",worker_12,2025-12-25,accepted,global_json_list
egomonth_qa_000419,010,010,010_0010,010/010_0010.mp4,videos/010/010_0010.mp4,false,detail_retrieval,Detail Retrieval,Level 2: Episodic Indexing,<010_0010.mp4>How did the user go upstairs in the library?,A.By taking the stairs,B.By taking the elevator,C.By using the escalator,D.By climbing a ladder,B,ev_046,,"Between 7:27 and 7:55, the user is clearly seen entering and using an elevator to travel to the upper floor.",worker_12,2025-12-25,accepted,global_json_list
egomonth_qa_000420,010,010,010_0010,010/010_0003.mp4,videos/010/010_0003.mp4,false,habit_inference,Habit Inference,Level 1: Schema Consolidation,"<010_0003.mp4>Based on the user's activities in the library, what does she frequently do there?",A.Distributing flyers,B.Studying for exams,C.Cleaning the bookshelves,D.Sleeping,A,ev_016|ev_047,,"In the video, the user is observed performing the specific task of distributing flyers in the library area.",worker_12,2025-12-25,accepted,global_json_list
egomonth_qa_000421,010,010,010_0010,010/010_0003.mp4,videos/010/010_0003.mp4,false,event_time,Event Time,Level 2: Episodic Indexing,<010_0003.mp4>When does the user leave the library after finishing distributing flyers?,A.In the morning,B.At noon,C.In the afternoon,D.In the evening,D,ev_047,,"After the user finishes distributing flyers, dark sky and environmental lighting outside indicate it is evening time.",worker_12,2025-12-25,accepted,global_json_list
egomonth_qa_000422,010,010,010_0010,010/010_0009.mp4|010/010_0010.mp4,videos/010/010_0009.mp4|videos/010/010_0010.mp4,false,detail_retrieval,Detail Retrieval,Level 2: Episodic Indexing,"<010_0009.mp4><010_0010.mp4>Which university does the user attend, according to the text on the access control barrier (0009_obj_access control barrier_01) and the billboard (0010_obj_billboard_01)?",A.Tsinghua University,B.Peking University,C.Hehai University,D.Fudan University,C,,0009_obj_access control barrier_01|0010_obj_billboard_01,"The text 'Hehai University' (河海大学) is clearly visible on the access control barrier in video 0009 and on the billboard in video 0010, confirming the user's school.",worker_12,2025-12-25,accepted,global_json_list
egomonth_qa_000423,010,010,010_0013,010/010_0013.mp4,videos/010/010_0013.mp4,false,habit_inference,Habit Inference,Level 1: Schema Consolidation,<010_0013.mp4>What good health habit does the user demonstrate while studying?,A.Taking breaks every 20 minutes,B.Wearing a back brace to correct posture,C.Doing eye exercises regularly,D.Standing while reading,B,ev_053,,"During the study session (ev_053), the user is observed wearing a back brace (0013_obj_back brace_01). This conscious choice indicates a habit of maintaining good posture and caring for spinal health.",worker_12,2025-12-26,accepted,global_json_list
egomonth_qa_000424,010,010,010_0013,010/010_0013.mp4,videos/010/010_0013.mp4,false,event_time,Event Time,Level 2: Episodic Indexing,<010_0013.mp4>During which time period is the user studying?,A.00:00 - 54:11,B.02:30 - 30:15,C.10:00 - 45:00,D.05:00 - 15:30,A,ev_053,,The user is continuously engaged in studying activities from the beginning of the video at 00:00 until 54:11.,worker_12,2025-12-25,accepted,global_json_list
egomonth_qa_000425,010,010,010_0013,010/010_0013.mp4,videos/010/010_0013.mp4,false,detail_retrieval,Detail Retrieval,Level 2: Episodic Indexing,<010_0013.mp4>Who appears in the video frame at timestamp 54:12?,A.The dormitory manager,B.The user's roommate,C.A delivery person,D.The user's classmate,B,ev_054,,"At timestamp 54:12, the user's roommate is shown in the frame.",worker_12,2025-12-26,accepted,global_json_list
egomonth_qa_000426,010,010,010_0013,010/010_0013.mp4,videos/010/010_0013.mp4,false,detail_retrieval,Detail Retrieval,Level 2: Episodic Indexing,<010_0013.mp4>What activity is the user engaged in with her roommate between 55:55 and 65:01?,A.Playing video games,B.Chatting,C.Cooking dinner,D.Cleaning the dormitory,B,ev_055,,"From 55:55 to 65:01, the user is observed interacting with her roommate, specifically engaging in a conversation (chatting).",worker_12,2025-12-26,accepted,global_json_list
egomonth_qa_000427,010,010,010_0012,010/010_0012.mp4,videos/010/010_0012.mp4,false,detail_retrieval,Detail Retrieval,Level 2: Episodic Indexing,<010_0012.mp4>What specific item did the user go downstairs to collect?,A.A delivery package,B.A flyer,C.A text book,D.A bottle of water,B,ev_049,,The user is observed going downstairs specifically to retrieve a flyer.,worker_12,2025-12-26,accepted,global_json_list
egomonth_qa_000428,010,010,010_0013,010/010_0013.mp4,videos/010/010_0013.mp4,false,object_counting_global,Object Counting,Level 3: Cascading Reasoning,<010_0013.mp4>How many people are involved in the conversation between 55:55 and 65:01?,A.1,B.2,C.3,D.4,B,ev_055,,"During the specified time period, the user is chatting with her roommate, which involves 2 people in the interaction.",worker_12,2025-12-26,accepted,global_json_list
egomonth_qa_000429,010,010,010_0014,010/010_0014.mp4,videos/010/010_0014.mp4,false,event_time,Event Time,Level 2: Episodic Indexing,<010_0014.mp4>At what time does the teacher finish the section on 'Total carbon dioxide in seawater'?,A.12:20,B.20:44,C.20:57,D.25:33,B,ev_059,,"According to the event log, the explanation of the fourth section regarding 'total carbon dioxide in seawater' (ev_059) ends at 20:44.",worker_12,2025-12-26,accepted,global_json_list
egomonth_qa_000430,010,010,010_0014,010/010_0014.mp4,videos/010/010_0014.mp4,false,detail_retrieval,Detail Retrieval,Level 2: Episodic Indexing,<010_0014.mp4>What specific topic is discussed in the fifth section of the lecture?,A.The precipitation of calcium carbonate,B.The total alkalinity of the ocean,C.The partial pressure of carbon dioxide in seawater,D.The biological pump,C,ev_060,,"The event description for the fifth section (ev_060), starting at 20:57, explicitly states that the topic is the 'partial pressure of carbon dioxide in seawater'.",worker_12,2025-12-26,accepted,global_json_list
egomonth_qa_000431,010,010,010_0014,010/010_0014.mp4,videos/010/010_0014.mp4,false,event_counting,Event Counting,Level 3: Cascading Reasoning,<010_0014.mp4>How many distinct sub-topics are explicitly explained within the 'third section' (00:00-12:20)?,A.1,B.2,C.3,D.4,B,ev_061|ev_057|ev_058,,"The third section (ev_061) covers the time from 00:00 to 12:20. Inside this duration, there are two distinct sub-events: 'precipitation and dissolution of calcium carbonate' (ev_057) and 'changes in total alkalinity' (ev_058).",worker_12,2025-12-26,accepted,global_json_list
egomonth_qa_000432,011,011,011_0001,011/011_0001.mp4,videos/011/011_0001.mp4,false,object_location,Object Location,Level 2: Episodic Indexing,<011_0001.mp4>where is the mirror,A.in the office,B.in the classroom,C.in the stairwell,D.in the swimming pool,A,,0011_obj_mirror_1,"Mirror is on the desk, which is in the office",worker_01,2025-12-06,accepted,global_json_list
egomonth_qa_000433,011,011,011_0001,011/011_0001.mp4,videos/011/011_0001.mp4,false,temporal_ordering,Temporal Ordering,Level 2: Episodic Indexing,<011_0001.mp4> When to start organizing the schoolbag,A.0:34,B.0:53,C.1:10,D.5:50,A,ev_04,,Start organizing the schoolbag at 0:34,worker_01,2025-12-06,accepted,global_json_list
egomonth_qa_000434,011,011,011_0001,011/011_0001.mp4,videos/011/011_0001.mp4,false,self_localization,Self-Localization,Level 2: Episodic Indexing,"<011_0001.mp4> At 1:37 in this video, where is the person?",A.In the office.,B.In the classroom.,C.In the stairwell.,D.In the corridor.,C,ev_07,,Walk down the stairs in the stairwell from 1:32 to 2:42,worker_01,2025-12-06,accepted,global_json_list
egomonth_qa_000435,011,011,011_0001,011/011_0001.mp4,videos/011/011_0001.mp4,false,temporal_ordering,Temporal Ordering,Level 2: Episodic Indexing,"<011_0001.mp4> In the video from 0:29 to 0:59, does the character take out the umbrella first or put on the backpack first?",A.Take out the umbrella first.,B.Put on the backpack first.,C.None,D.None,A,ev_03|ev_04,,The person takes out the umbrella at 0:30 and puts on the backpack at about 0:50,worker_01,2025-12-06,accepted,global_json_list
egomonth_qa_000436,011,011,011_0001,011/011_0001.mp4,videos/011/011_0001.mp4,false,detail_retrieval,Detail Retrieval,Level 2: Episodic Indexing,<011_0001.mp4>What color is the rubbish bin beside the pillar?,A.Green,B.Red,C.Blue,D.Black,C,,0011_obj_rubbish_bin_2,7:42 the rubbish bin beside the pillar is blue.,worker_01,2025-12-06,accepted,global_json_list
egomonth_qa_000437,011,011,011_0001,011/011_0001.mp4,videos/011/011_0001.mp4,false,object_counting_global,Object Counting,Level 3: Cascading Reasoning,<011_0001.mp4>How many umbrellas are there in the stairwell in building_1?,A.1,B.2,C.3,D.4,A,,0011_obj_umbrella_2,There is one umbrella in the stairwell in building_1.,worker_01,2025-12-06,accepted,global_json_list
egomonth_qa_000438,011,011,011_0001,011/011_0001.mp4,videos/011/011_0001.mp4,false,route_reasoning,Route Reasoning,Level 3: Cascading Reasoning,<011_0001.mp4>What is the order of the following actions performed by the user,A.take out an umbrella -> grab a phone -> walk along the road -> walk upstairs,B.put an iPad into a schoolbag -> take out employee badges -> look into the mirror,C.walk out of the office -> grab an umbrella -> walk along the road -> walk into the classroom,D.walk into the classroom -> put on a backpack -> walk along the road -> walk into the office,B,ev_01|ev_02|ev_03|ev_05|ev_06|ev_07|ev_08|ev_09,,"The user first put an iPad into a schoolbag, then took out employee badges, and finally looked into the mirror.",worker_01,2025-12-06,accepted,global_json_list
egomonth_qa_000439,011,011,011_0001,011/011_0001.mp4,videos/011/011_0001.mp4,false,route_reasoning,Route Reasoning,Level 3: Cascading Reasoning,<011_0001.mp4> How to reach the yellow shared bicycles from the swimming pool?,A.Through road_1 only.,B.Through road_2 only.,C.Through road_2 and road_3.,D.Through road_3 only.,A,,road_1|swimming_pool_1|0011_obj_bicycle_1,The swimming pool and the yellow shared bicycles are both adjacent to road_1.,worker_01,2025-12-06,accepted,global_json_list
egomonth_qa_000440,011,011,011_0002,011/011_0002.mp4,videos/011/011_0002.mp4,false,temporal_ordering,Temporal Ordering,Level 2: Episodic Indexing,<011_0002.mp4> What is the user doing at 5:58?,A.Looking at the laptop.,B.Talking with the teacher.,C.Talking on the phone.,D.Looking at the phone.,A,ev_10|ev_11|ev_12,,"The user looks at the laptop from 3:26 to 6:11, which includes 5:58.",worker_01,2025-12-06,accepted,global_json_list
egomonth_qa_000441,011,011,011_0005,011/011_0005.mp4,videos/011/011_0005.mp4,false,route_reasoning,Route Reasoning,Level 3: Cascading Reasoning,<011_0005.mp4> How many floors do you need to climb from the gray trash can to the public restroom?,A.1.,B.2.,C.3.,D.4.,A,,0005_obj_rubbish_bin_1|public_restroom_1,"From the gray trash can on the 3rd floor, you need to climb 1 floor to reach the public restroom on the 4th floor.",worker_01,2025-12-10,accepted,global_json_list
egomonth_qa_000442,011,011,011_0006,011/011_0006.mp4,videos/011/011_0006.mp4,false,route_reasoning,Route Reasoning,Level 3: Cascading Reasoning,<011_0006.mp4> What is the correct route from elevator_1 to office_3?,A.elevator_1 -> road_4 -> balcony_1 -> office_3,B.elevator_1 -> corridor_2 -> office_2 -> office_3,C.elevator_1 -> road_4 -> road_1 -> office_3,D.elevator_1 -> corridor_2 -> public_restroom_1 -> office_3,B,,elevator_1|corridor_2|office_2|office_3,"From elevator_1, walk through corridor_2 to office_2, then reach office_3.",worker_01,2025-12-10,accepted,global_json_list
egomonth_qa_000443,011,011,011_0006,011/011_0006.mp4,videos/011/011_0006.mp4,false,temporal_ordering,Temporal Ordering,Level 2: Episodic Indexing,<011_0006.mp4> What is the user doing at 16:03?,A.Brushing teeth.,B.Working on a laptop.,C.Talking on the phone.,D.Riding on a bicycle.,D,ev_20,,The user is riding on a bicycle from 15:08 to 17:09.,worker_01,2025-12-10,accepted,global_json_list
egomonth_qa_000444,011,011,011_0006,011/011_0006.mp4,videos/011/011_0006.mp4,false,self_localization,Self-Localization,Level 2: Episodic Indexing,<011_0006.mp4> Where is the user at 4:00?,A.In office_1.,B.In office_2.,C.In building_2.,D.On road_4.,A,ev_18,,The user is organizing clothes and blankets at 4:00 in office_1.,worker_01,2025-12-10,accepted,global_json_list
egomonth_qa_000445,011,011,011_0007,011/011_0007.mp4,videos/011/011_0007.mp4,false,self_localization,Self-Localization,Level 2: Episodic Indexing,<011_0007.mp4> Where is the user at 12:50?,A.On road_1.,B.In office_2.,C.On road_7.,D.In shopping_mall_1.,C,ev_26,,The user is looking at the board on road_7 from 11:58 to 12:54.,worker_01,2025-12-12,accepted,global_json_list
egomonth_qa_000446,011,011,011_0007,011/011_0007.mp4,videos/011/011_0007.mp4,false,temporal_ordering,Temporal Ordering,Level 2: Episodic Indexing,<011_0007.mp4> What is the user doing at 17:36?,A.Choosing clothes.,B.Talking with some staff.,C.Talking with a teacher.,D.Organizing clothes and blankets.,B,ev_27,,The user is talking with some staff from 17:26 to 20:35.,worker_01,2025-12-12,accepted,global_json_list
egomonth_qa_000447,011,011,011_0007,011/011_0007.mp4,videos/011/011_0007.mp4,false,detail_retrieval,Detail Retrieval,Level 2: Episodic Indexing,<011_0007.mp4>How many entrances may the underground passage beneath road_7 have?,A.1,B.2,C.3,D.0,C,,underground_passage_1,There are at least 3 entrances of the underground passage beneath road_7 visible in the video.,worker_01,2025-12-12,accepted,global_json_list
egomonth_qa_000448,011,011,011_0007,011/011_0007.mp4,videos/011/011_0007.mp4,false,route_reasoning,Route Reasoning,Level 3: Cascading Reasoning,<011_0007.mp4>What is the correct route from office_1 to school_gate_1?,A.office_1 -> road_1 -> road_5 -> road_6 -> school_gate_1,B.office_1 -> road_2 -> road_5 -> road_6 -> school_gate_1,C.office_1 -> road_2 -> road_3 -> road_6 -> school_gate_1,D.office_1 -> road_1 -> road_3 -> road_6 -> school_gate_1,A,,office_1|school_gate_1|road_1|road_5|road_6,"0:00 to 9:00 in this video shows the route from office_1 to school_gate_1 via road_1, road_5, and road_6.",worker_01,2025-12-12,accepted,global_json_list
egomonth_qa_000449,011,011,011_0008,011/011_0008.mp4,videos/011/011_0008.mp4,false,temporal_ordering,Temporal Ordering,Level 2: Episodic Indexing,<011_0008.mp4> What is the user doing at 0:55?,A.Using the phone.,B.Searching for clothes.,C.Organizing clothes.,D.Putting the phone into the bag.,A,ev_29,,The user is searching for a route on the phone from 0:35 to 1:01.,worker_01,2025-12-12,accepted,global_json_list
egomonth_qa_000450,011,011,011_0009,011/011_0009.mp4,videos/011/011_0009.mp4,false,temporal_ordering,Temporal Ordering,Level 2: Episodic Indexing,<011_0009.mp4> What is the user doing at 0:55?,A.Using the phone.,B.Putting away rubbish.,C.Walking to transfer to another metro line.,D.Waiting for a train.,C,ev_32,,The user is walking to transfer to another metro line from 0:20 to 2:04.,worker_01,2025-12-12,accepted,global_json_list
egomonth_qa_000451,011,011,011_0010,011/011_0010.mp4,videos/011/011_0010.mp4,false,self_localization,Self-Localization,Level 2: Episodic Indexing,<011_0010.mp4> Where is the user at 9:00?,A.On road_1.,B.Inside a car.,C.In building_4.,D.In shopping_mall_1.,B,ev_34,,The user is talking inside a car from 0:00 to 10:10.,worker_01,2025-12-12,accepted,global_json_list
egomonth_qa_000452,011,011,011_0012,011/011_0012.mp4,videos/011/011_0012.mp4,false,temporal_ordering,Temporal Ordering,Level 2: Episodic Indexing,<011_0012.mp4> What is the user doing at 0:50?,A.Walking.,B.Putting away rubbish.,C.Taking a train.,D.Waiting for a train.,A,ev_37,,The user is walking from 0:20 to 8:41.,worker_01,2025-12-12,accepted,global_json_list
egomonth_qa_000453,011,011,011_0013,011/011_0001.mp4,videos/011/011_0001.mp4,false,temporal_ordering,Temporal Ordering,Level 2: Episodic Indexing,<011_0001.mp4>What is the order of the following actions performed by the user,A.organizing a bag -> thowing away rubbish -> riding a bicycle -> examining bottled water,B.arrived at the supermarket -> examining the bottled water -> typing on ipad -> riding back to the office,C.walking out of the office -> scanning a QR code -> thowing away rubbish -> writing something on the paper,D.perchasing bottled water -> riding on the bike -> drink the water -> examining the ipad,A,ev_38|ev_39|ev_40|ev_41|ev_42,,"The user first organized a bag, the thowed away rubbish, then rode a bicycle to the supermarket, and finally examined bottled water in the supermarket.",worker_01,2025-12-12,accepted,global_json_list
egomonth_qa_000454,011,011,011_0015,011/011_0015.mp4,videos/011/011_0015.mp4,false,detail_retrieval,Detail Retrieval,Level 2: Episodic Indexing,<011_0015.mp4> Which object may be in the user's hand at 01:29 in this video?,A.A phone.,B.A bag.,C.A toothbrush.,D.A cup.,A,,0015_obj_phone_1,01:24 the user grabs the phone from the desk and takes it to the balcony at 01:42.,worker_01,2025-12-15,accepted,global_json_list
egomonth_qa_000455,011,011,011_0015,011/011_0015.mp4,videos/011/011_0015.mp4,false,detail_retrieval,Detail Retrieval,Level 2: Episodic Indexing,<011_0015.mp4> What color is the window in the center of the computer screen at 21:31?,A.Black and orange.,B.Mainly white.,C.Transparent.,D.Green and red.,B,,0015_obj_screen_1,"21:31 the window in the center of the screen is white, but contains a green button.",worker_01,2025-12-15,accepted,global_json_list
egomonth_qa_000456,011,011,011_0015,011/011_0015.mp4,videos/011/011_0015.mp4,false,object_location,Object Location,Level 2: Episodic Indexing,<011_0015.mp4> Where is the phone at 10:00?,A.On the desk.,B.In the cup.,C.On the balcony.,D.On the ground.,A,,0015_obj_phone_1,10:00 The phone is placed on the desk.,worker_01,2025-12-15,accepted,global_json_list
egomonth_qa_000457,011,011,011_0016,011/011_0016.mp4,videos/011/011_0016.mp4,false,detail_retrieval,Detail Retrieval,Level 2: Episodic Indexing,<011_0016.mp4> What is the room on the user's right at 13:36?,A.A bank.,B.An office.,C.A shared bicycle renting room.,D.A classroom,A,,,"13:36 the board on the right reads 'ICBC', which is a bank.",worker_01,2025-12-15,accepted,global_json_list
egomonth_qa_000458,011,011,011_0016,011/011_0016.mp4,videos/011/011_0016.mp4,false,spatial_relation,Spatial Relation,Level 2: Episodic Indexing,<011_0016.mp4> 04:30 Are the books on the left of the bag or on the right?,A.On the left.,B.On the right.,C.None,D.None,A,,0016_obj_bag_1,04:30 The books are on the right of the bag.,worker_01,2025-12-15,accepted,global_json_list
egomonth_qa_000459,011,011,011_0017,011/011_0017.mp4,videos/011/011_0017.mp4,false,detail_retrieval,Detail Retrieval,Level 2: Episodic Indexing,<011_0017.mp4> 7:00 What is the color of the stairs?,A.Totally white.,B.Black and white.,C.Red and white.,D.Red and black,B,,,7:00 The stairs are black and white.,worker_01,2025-12-17,accepted,global_json_list
egomonth_qa_000460,011,011,011_0018,011/011_0018.mp4,videos/011/011_0018.mp4,false,direction_judgement,Direction Judgment,Level 3: Cascading Reasoning,<011_0018.mp4> Which exit did the user take to leave the subway station?,A.Exit A.,B.Exit B.,C.Exit C.,D.Exit D.,D,,,"At 1:50, the sign above the exit reads 'Exit D'; at 1:44, you can still see the letter D on the wall to the right of this exit.",worker_01,2025-12-17,accepted,global_json_list
egomonth_qa_000461,011,011,011_0018,011/011_0018.mp4,videos/011/011_0018.mp4,false,self_localization,Self-Localization,Level 2: Episodic Indexing,<011_0018.mp4> Which floor is the user on at 9:03?,A.On the 1st floor.,B.On the 3rd floor.,C.On the 5th floor.,D.On the 7th floor.,D,,,"At 8:40, the user pressed button 7 in the elevator; at 9:01 the user stepped out of the elevator, which is on the 7th floor.",worker_01,2025-12-17,accepted,global_json_list
egomonth_qa_000462,011,011,011_0019,011/011_0019.mp4,videos/011/011_0019.mp4,false,detail_retrieval,Detail Retrieval,Level 2: Episodic Indexing,<011_0019.mp4> What color is the wallet taken out by the user at 4:39?,A.Gray.,B.Black.,C.White.,D.Blue.,B,,,"At 4:39 the user takes out a wallet and placed it on the desk, and the wallet is black.",worker_01,2026-12-5,accepted,global_json_list
egomonth_qa_000463,011,011,011_0019,011/011_0019.mp4,videos/011/011_0019.mp4,false,object_counting_global,Object Counting,Level 3: Cascading Reasoning,<011_0019.mp4> How many suitcases are there in the living room?,A.1.,B.2.,C.3.,D.4.,B,,0019_obj_suitcase_1,"Except for 0019_obj_suitcase_1, there is another suitcase in the livingroom, which appears at 06:43. So there are 2 suitcases in total in the living room.",worker_01,2026-1-5,accepted,global_json_list
egomonth_qa_000464,011,011,011_0019,011/011_0019.mp4,videos/011/011_0019.mp4,false,detail_retrieval,Detail Retrieval,Level 2: Episodic Indexing,<011_0019.mp4> 15:14 What might the user be processing on the computer?,A.Some videos.,B.Some documents.,C.Some music.,D.Some PowerPoint presentations.,A,,0019_obj_laptop_computer_1,15:14 the files appears on the screen contains some videos.,worker_01,2026-1-5,accepted,global_json_list
egomonth_qa_000465,011,011,011_0020,011/011_0020.mp4,videos/011/011_0020.mp4,false,route_reasoning,Route Reasoning,Level 3: Cascading Reasoning,<011_0020.mp4> How to go from office_2 to the elevator?,"A.First turn right then turn left, and go straight on.",B.Go straight and turn right.,C.First turn left then go straight.,D.Just go straight in the corridor.,A,,office_2,"From 4:07 to 4:26, the user walked out of office_2, the turn right and turn left and walked stright on, and reached the elevator.",worker_01,2026-1-5,accepted,global_json_list
egomonth_qa_000466,011,011,011_0021,011/011_0021.mp4,videos/011/011_0021.mp4,false,self_localization,Self-Localization,Level 2: Episodic Indexing,<011_0021.mp4> Where is the user at 1:17?,A.In the bedroom.,B.In the study.,C.In the living room.,D.In the kitchen.,C,ev_63,living_room_1,"At 1:17 in this video, the user is combing hair in the living room.",worker_01,2026-1-5,accepted,global_json_list
egomonth_qa_000467,011,011,011_0021,011/011_0021.mp4,videos/011/011_0021.mp4,false,object_location,Object Location,Level 2: Episodic Indexing,<011_0021.mp4> Where is the hairbrush after finishing organizing the suitcase?,A.In the suitcase.,B.In the black bag.,C.On the desk.,D.In the restroom.,A,ev_64|ev_66,living_room_1|0021_obj_suitcase_1|0021_obj_hairbrush_1,From ev_66 we can infer that the hairbrush is finally put in the suitcase.,worker_01,2026-1-5,accepted,global_json_list
egomonth_qa_000468,011,011,011_0022,011/011_0022.mp4,videos/011/011_0022.mp4,false,temporal_ordering,Temporal Ordering,Level 2: Episodic Indexing,<011_0022.mp4> What is the correct order of the following actions?,A.Organizing the suitcase -> taking some notes -> taking things out of the leather bag.,B.Taking things out of the leather bag -> reading some notes -> watching videos on the ipad.,C.Organizing the suitcase -> taking things out of the leather bag -> reading a book.,D.Looking into the mirror -> taking things out of the suitcase -> placing the suitcase on the ground.,A,ev_69|ev_70,0022_obj_leather_bag_1|0022_obj_suitcase_1|0022_obj_ipad_1|0022_obj_notebook_1,"First the user organizes the suitcase until 1:00, then starts to read a book and take notes from 3:27 to 8:24, and finally takes things out of the leather bag.",worker_01,2026-1-6,accepted,global_json_list
egomonth_qa_000469,011,011,011_0022,011/011_0022.mp4,videos/011/011_0022.mp4,false,detail_retrieval,Detail Retrieval,Level 2: Episodic Indexing,<011_0022.mp4> What is the color of the rubbish bin in 1:00?,A.Red,B.Yellow,C.Blue,D.Black,D,,,01:00 the rubbish bin placed on the ground is black.,worker_01,2026-1-6,accepted,global_json_list
egomonth_qa_000470,011,011,011_0023,011/011_0023.mp4,videos/011/011_0023.mp4,false,event_time,Event Time,Level 2: Episodic Indexing,<011_0023.mp4> What is the user doing at 24:00?,A.Walking on road_2,B.Riding a bicycle.,C.Working in front of a computer.,D.Talking on the phone.,B,ev_71,0023_obj_shared_bicycle_1,"The user rode on the shared bicycle at 23:30, so we can infer that at 24:00 the user is riding a bicycle.",worker_01,2026-1-6,accepted,global_json_list
egomonth_qa_000471,011,011,011_0023,011/011_0022.mp4|011/011_0023.mp4,videos/011/011_0022.mp4|videos/011/011_0023.mp4,false,personality_inference,Personality Inference,Level 1: Schema Consolidation,<011_0022.mp4><011_0023.mp4> What does the user prefer to listen to while working in these videos?,A.Some music.,B.Recent news.,C.Radio broadcast.,D.Podcasts.,B,,,"In both videos, the user is listening to music while working.",worker_01,2026-1-6,accepted,global_json_list
egomonth_qa_000472,011,011,011_0024,011/011_0024.mp4,videos/011/011_0024.mp4,false,detail_retrieval,Detail Retrieval,Level 2: Episodic Indexing,<011_0024.mp4>What sentence is written on the cup at 1:38?,A.Today's good mood is sponsored by coffee.,B.Sweet mood is sponsored by coffee.,C.Today's mood is sponsored by sweet coffee.,D.Today's sweet mood is sponsored by good coffee.,A,,0024_obj_cup_1,1:38 the sentence on the cup is: 'Today's good mood is sponsored by coffee.' ,worker_01,2026-1-6,accepted,global_json_list
egomonth_qa_000473,011,011,011_0024,011/011_0024.mp4,videos/011/011_0024.mp4,false,self_localization,Self-Localization,Level 2: Episodic Indexing,<011_0024.mp4>Where is the user at 20:00?,A.At schoolgate_2.,B.At schoolgate_3.,C.At schoolgate_1.,D.On road_1.,B,ev_76,school_gate_3,The user is registering at school_gate_3 from 19:41 to 20:26.,worker_01,2026-1-6,accepted,global_json_list
egomonth_qa_000474,011,011,011_0025,011/011_0025.mp4,videos/011/011_0025.mp4,false,detail_retrieval,Detail Retrieval,Level 2: Episodic Indexing,<011_0025.mp4>What type of music is played on the laptop from 3:00 to 3:30?,A.Classical music.,B.Pop music.,C.Jazz music.,D.Rock music.,A,,0025_obj_laptop_computer_1,The music played on the laptop is classical music from 3:00 to 3:30.,worker_01,2026-1-7,accepted,global_json_list
egomonth_qa_000475,011,011,011_0025,011/011_0025.mp4,videos/011/011_0025.mp4,false,detail_retrieval,Detail Retrieval,Level 2: Episodic Indexing,<011_0025.mp4>01:38 What is the color of the door connecting office_1 and balcony_1?,A.Black and white,B.Red and white.,C.Black and blue.,D.Green and white.,A,,office_1|balcony_1,"At 01:38 in this video, we can see the door is black and white.",worker_01,2026-1-7,accepted,global_json_list
egomonth_qa_000476,011,011,011_0054,011/011_0054.mp4,videos/011/011_0054.mp4,false,self_localization,Self-Localization,Level 2: Episodic Indexing,<011_0054.mp4>07:04 Where is the user?,A.In office_4.,B.On road_1.,C.On balcony_1.,D.In building_3.,B,ev_80,road_1,"At 07:04 in this video, we can see the user is on road_1.",worker_01,2026-1-7,accepted,global_json_list
egomonth_qa_000477,011,011,011_0054,011/011_0054.mp4,videos/011/011_0054.mp4,false,detail_retrieval,Detail Retrieval,Level 2: Episodic Indexing,<011_0054.mp4>12:50 what is the color of the delivery van?,A.Black.,B.Gray.,C.Red.,D.Green.,C,,,"At 12:50 in this video, we can see the delivery van is red.",worker_01,2026-1-7,accepted,global_json_list
egomonth_qa_000478,011,011,011_0054,011/011_0054.mp4,videos/011/011_0054.mp4,false,cross_view_spatial_reasoning,Cross-View Spatial Reasoning,Level 3: Cascading Reasoning,<011_0054.mp4>Is office_4 above office_1 or beneath?,A.Yes.,B.No.,C.Not mentioned.,D.None,A,,office_1|office_4,office_1 is on the 5th floor and office_4 is on the 6th floor.,worker_01,2026-1-7,accepted,global_json_list
egomonth_qa_000479,011,011,011_0026,011/011_0026.mp4,videos/011/011_0026.mp4,false,temporal_ordering,Temporal Ordering,Level 2: Episodic Indexing,<011_0026.mp4>What is the correct order of the following actions?,A.Organizing schoolbag -> washing hands -> eating bread -> working.,B.Washing hands -> eating bread -> listening to podcast -> working.,C.Organizing pencil case -> washing hands -> eating food -> organizing schoolbag.,D.Working -> washing hands -> eating bread -> organizing schoolbag.,A,ev_82|ev_83|ev_84|ev_85,0026_obj_bag_1|0026_obj_bread_1|0026_obj_pencil_case_1,"First the user organizes the schoolbag until 4:04, then washes hands from 5:57 to 6:20, then eats bread from 7:34 to 9:30, and finally works from 9:36 to the end.",worker_01,2026-1-7,accepted,global_json_list
egomonth_qa_000480,011,011,011_0026,011/011_0026.mp4,videos/011/011_0026.mp4,false,object_location,Object Location,Level 2: Episodic Indexing,<011_0026.mp4>3:00 Where is the pencil case?,A.On the balcony.,B.On the ground.,C.In the schoolbag.,D.On the desk.,D,,0026_obj_pencil_case_1,"At 3:00 in this video, we can see the pencil case is on the desk.",worker_01,2026-1-7,accepted,global_json_list
egomonth_qa_000481,011,011,011_0026,011/011_0026.mp4,videos/011/011_0026.mp4,false,self_localization,Self-Localization,Level 2: Episodic Indexing,<011_0026.mp4>Where is the user at 6:00?,A.On balcony_1.,B.In office_4.,C.In building_4.,D.At the entrance of building_1.,A,ev_83,balcony_1,The user is washing hands on the balcony from 5:57 to 6:20.,worker_01,2026-1-7,accepted,global_json_list
egomonth_qa_000482,013,013,013_0055,013/013_0055.mp4,videos/013/013_0055.mp4,false,procedure_planning,Procedure Planning,Level 3: Cascading Reasoning,<013_0055.mp4>What steps did the user follow to process the raw meat according to the video?,"A.Cut meat, wash hands, cook meat","B.Wash hands, cut meat, wash hands again","C.Season the meat, cut it, wash hands","D.Wash hands, boil water, cut meat",B,ev_001,,"To process the raw meat, the user first washes their hands (ev_002), then cuts the meat (ev_003), and finally washes their hands again (ev_006).",worker_12,2026-02-27,accepted,global_json_list
egomonth_qa_000483,013,013,013_0055,013/013_0055.mp4,videos/013/013_0055.mp4,false,object_location,Object Location,Level 2: Episodic Indexing,<013_0055.mp4>Where is the meat placed while the user is slicing it?,A.In the sink,B.On a plate,C.Directly on the counter,D.On a cutting board,D,ev_004,0055_obj_meat_01|0055_obj_cutting board_01,"During the meat slicing event (ev_004), the meat is placed on a cutting board to protect the kitchen counter.",worker_12,2026-02-27,accepted,global_json_list
egomonth_qa_000484,013,013,013_0055,013/013_0055.mp4,videos/013/013_0055.mp4,false,event_counting,Event Counting,Level 3: Cascading Reasoning,<013_0055.mp4>How many separate times does the user wash their hands during the whole meat preparation process?,A.1,B.2,C.3,D.4,B,ev_002|ev_006,,"The user washed their hands once before cutting (ev_002) and once after cutting (ev_006), making it exactly 2 times.",worker_12,2026-02-27,accepted,global_json_list
egomonth_qa_000485,013,013,013_0055,013/013_0055.mp4,videos/013/013_0055.mp4,false,habit_inference,Habit Inference,Level 1: Schema Consolidation,<013_0055.mp4>What specific hygiene habit does the user strictly adhere to?,A.Boiling tools before use,B.Washing hands before and after touching raw food,C.Wearing cooking gloves,D.Wiping the counter with alcohol,B,ev_002|ev_006,,"By explicitly washing hands right before touching the raw meat (ev_002) and immediately after finishing (ev_006), the user demonstrates a strong habit of hand hygiene to prevent cross-contamination.",worker_12,2026-02-27,accepted,global_json_list
egomonth_qa_000486,013,013,013_0055,013/013_0055.mp4,videos/013/013_0055.mp4,false,detail_retrieval,Detail Retrieval,Level 2: Episodic Indexing,<013_0055.mp4>What item does the user interact with to clean their hands at 0:00?,A.Hand sanitizer,B.Dishwashing liquid,C.Soap,D.A wet wipe,C,ev_002,0055_obj_soap_01,"At the beginning of the video (0:00), the user is seen utilizing the soap next to the sink to wash their hands.",worker_12,2026-02-27,accepted,global_json_list
egomonth_qa_000487,013,013,013_0055,013/013_0055.mp4,videos/013/013_0055.mp4,false,event_time,Event Time,Level 2: Episodic Indexing,<013_0055.mp4>When does the user completely finish slicing the raw meat?,A.0:10,B.1:50,C.2:03,D.2:08,B,ev_004|ev_005,,"According to the detailed event breakdown, the actual slicing action ends at 1:50, after which the user spends time organizing the meat (1:50-2:03).",worker_12,2026-02-27,accepted,global_json_list
egomonth_qa_000488,013,013,013_0055,013/013_0055.mp4,videos/013/013_0055.mp4,false,temporal_ordering,Temporal Ordering,Level 2: Episodic Indexing,<013_0055.mp4>What is the sequential relationship between the user washing hands and cutting meat?,A.Washed hands only before cutting meat,B.Washed hands only after cutting meat,C.Washed hands before and after cutting meat,D.Cut meat without washing hands,C,ev_002|ev_003,,"The sequence of events shows the user washing hands (ev_002) first, and then proceeding to cut meat (ev_003).",worker_12,2026-02-27,accepted,global_json_list
egomonth_qa_000489,013,013,013_0056,013/013_0056.mp4,videos/013/013_0056.mp4,false,temporal_ordering,Temporal Ordering,Level 2: Episodic Indexing,<013_0056.mp4>Which event occurs first: packing up clothes or preparing items before leaving?,A.Packing up clothes,B.Preparing items before leaving,C.They occur at the same time,D.Neither occurred in the video,A,ev_007|ev_008,,"According to the event log, ev_007 (packing clothes) starts at 0:27 and ends at 2:04, while ev_008 (preparing items) starts later at 2:10.",worker_12,2026-02-27,accepted,global_json_list
egomonth_qa_000490,013,013,013_0056,013/013_0056.mp4,videos/013/013_0056.mp4,false,event_time,Event Time,Level 2: Episodic Indexing,<013_0056.mp4>What is the user's primary task between 10:30 and 11:12?,A.Packing clothes,B.Preparing items in the kitchen,C.Going to the parking lot to ride an electric scooter,D.Taking out the trash,C,ev_010,,Event ev_010 is explicitly defined from 10:30 to 11:12 as the user going to the parking lot to ride the electric scooter.,worker_12,2026-02-27,accepted,global_json_list
egomonth_qa_000491,013,013,013_0056,013/013_0056.mp4,videos/013/013_0056.mp4,false,event_counting,Event Counting,Level 3: Cascading Reasoning,<013_0056.mp4>How many times does the user perform activities in the living room area based on the recorded events?,A.1,B.2,C.3,D.4,B,ev_007|ev_008,,There are two distinct events recorded in the living room: ev_007 (packing clothes) and ev_008 (preparing items).,worker_12,2026-02-27,accepted,global_json_list
egomonth_qa_000492,013,013,013_0056,013/013_0056.mp4,videos/013/013_0056.mp4,false,habit_inference,Habit Inference,Level 1: Schema Consolidation,<013_0056.mp4>Which habit is demonstrated by the user when they leave the house at 8:10?,A.Checking the stove,B.Taking out the trash while going out,C.Watering plants,D.Feeding a pet,B,ev_009,,"Event ev_009 (8:10-10:20) shows the user going out and taking out the trash simultaneously, indicating a habit of cleaning up while leaving.",worker_12,2026-02-27,accepted,global_json_list
egomonth_qa_000493,013,013,013_0056,013/013_0056.mp4,videos/013/013_0056.mp4,false,procedure_planning,Procedure Planning,Level 3: Cascading Reasoning,<013_0056.mp4>What is the planned procedure the user follows from 2:10 to 11:12 to start their commute?,"A.Packing clothes, taking out trash, riding scooter","B.Preparing items, taking out trash, riding scooter","C.Washing hands, cutting meat, cleaning kitchen","D.Studying, drinking water, leaving",B,ev_008|ev_009|ev_010,,"The sequence of events ev_008, ev_009, and ev_010 shows the user preparing for departure, handling trash on the way out, and finally starting the scooter.",worker_12,2026-02-27,accepted,global_json_list
egomonth_qa_000494,013,013,013_0057,013/013_0057.mp4,videos/013/013_0057.mp4,false,procedure_planning,Procedure Planning,Level 3: Cascading Reasoning,<013_0057.mp4>What is the sequence of actions the user takes to complete the meal preparation?,"A.Washing dishes, cooking, preparing ingredients","B.Preparing ingredients, washing dishes, cooking","C.Washing dishes, preparing ingredients, cooking cola chicken wings","D.Cooking, washing dishes, preparing ingredients",C,ev_012|ev_013|ev_014,,"The user first washes dishes (ev_012), then prepares ingredients (ev_013), and finally cooks the cola chicken wings (ev_014).",worker_12,2026-02-27,accepted,global_json_list
egomonth_qa_000495,013,013,013_0057,013/013_0057.mp4,videos/013/013_0057.mp4,false,event_counting,Event Counting,Level 3: Cascading Reasoning,<013_0057.mp4>How many separate times does the user handle clothes in the living room?,A.1,B.2,C.3,D.4,B,ev_011|ev_015,,The user handles clothes twice in the living room: first packing them (ev_011) and later ironing them (ev_015).,worker_12,2026-02-27,accepted,global_json_list
egomonth_qa_000496,013,013,013_0057,013/013_0057.mp4,videos/013/013_0057.mp4,false,detail_retrieval,Detail Retrieval,Level 2: Episodic Indexing,<013_0057.mp4>At what time is the cola being used in the kitchen?,A.12:42,B.38:05,C.59:57,D.73:17,C,ev_014,0057_obj_cola_01,The cola is specifically recorded being used at 59:57 during the cooking process.,worker_12,2026-02-27,accepted,global_json_list
egomonth_qa_000497,013,013,013_0057,013/013_0057.mp4,videos/013/013_0057.mp4,false,temporal_ordering,Temporal Ordering,Level 2: Episodic Indexing,<013_0057.mp4>Does the user wash dishes before or after ironing clothes?,A.Before,B.After,C.At the same time,D.Ironing clothes happens first,A,ev_012|ev_015,,"Washing dishes (ev_012) ends at 9:30, while ironing clothes (ev_015) starts much later at 73:17.",worker_12,2026-02-27,accepted,global_json_list
egomonth_qa_000498,013,013,013_0057,013/013_0057.mp4,videos/013/013_0057.mp4,false,self_localization,Self-Localization,Level 2: Episodic Indexing,<013_0057.mp4>Where is the user located when they are ironing clothes?,A.Kitchen 1,B.Living room 1,C.Bathroom,D.Bedroom,B,ev_015,,Event ev_015 explicitly states the user is ironing clothes in living room 1.,worker_12,2026-02-27,accepted,global_json_list
egomonth_qa_000499,013,013,013_0057,013/013_0057.mp4,videos/013/013_0057.mp4,false,object_location,Object Location,Level 2: Episodic Indexing,"<013_0057.mp4>Between 25:23 and 69:33, which ingredients are clearly involved in the cooking task?",A.Beef and peppers,B.Chicken wings and cola,C.Fish and tofu,D.Rice and beans,B,ev_014,0057_obj_chicken_wings_01|0057_obj_cola_01,"During the cooking event (ev_014), the chicken wings and cola are the main objects involved.",worker_12,2026-02-27,accepted,global_json_list
egomonth_qa_000500,013,013,013_0057,013/013_0057.mp4,videos/013/013_0057.mp4,false,habit_inference,Habit Inference,Level 1: Schema Consolidation,<013_0057.mp4>What hygiene habit does the user demonstrate before starting to cook at 25:23?,A.Washing dishes,B.Mopping the floor,C.Cleaning the windows,D.Watering plants,A,ev_012|ev_014,,"The user washes the dishes (ev_012) before preparing and cooking food, showing a habit of maintaining a clean workspace.",worker_12,2026-02-27,accepted,global_json_list
egomonth_qa_000501,013,013,013_0058,013/013_0058.mp4,videos/013/013_0058.mp4,false,temporal_ordering,Temporal Ordering,Level 2: Episodic Indexing,<013_0058.mp4>Which task does the user perform after finishing washing the vegetables?,A.Cooking a meal,B.Tidying up the trash,C.Listening to news,D.Leaving the house,B,ev_017|ev_018,,"After washing vegetables (ev_017) ends at 15:11, the user starts tidying up the trash (ev_018) at 15:51.",worker_12,2026-02-27,accepted,global_json_list
egomonth_qa_000502,013,013,013_0058,013/013_0058.mp4,videos/013/013_0058.mp4,false,detail_retrieval,Detail Retrieval,Level 2: Episodic Indexing,<013_0058.mp4>Where did the user obtain the vegetables from at 0:24?,A.Refrigerator,B.Dining table,C.Kitchen cabinet,D.Grocery bag on the floor,A,ev_017,0058_obj_vegetables_01,"At 0:24, the user is seen taking the vegetables out from the refrigerator.",worker_12,2026-02-27,accepted,global_json_list
egomonth_qa_000503,013,013,013_0058,013/013_0058.mp4,videos/013/013_0058.mp4,false,self_localization,Self-Localization,Level 2: Episodic Indexing,<013_0058.mp4>In which room does the user tidy up the trash at the end of the video?,A.Kitchen 1,B.Living room 1,C.Bedroom,D.Bathroom,B,ev_018,,The event log for ev_018 indicates the action takes place in living room 1.,worker_12,2026-02-27,accepted,global_json_list
egomonth_qa_000504,013,013,013_0058,013/013_0058.mp4,videos/013/013_0058.mp4,false,habit_inference,Habit Inference,Level 1: Schema Consolidation,<013_0058.mp4>What is the user's primary activity while washing the vegetables?,A.Talking on the phone,B.Watching TV,C.Listening to music,D.Exercising,C,ev_016|ev_017,,"As event ev_016 (listening to music) encompasses the entire time the user is washing vegetables (ev_017), it indicates a habit of listening to music while doing chores.",worker_12,2026-02-27,accepted,global_json_list
egomonth_qa_000505,013,013,013_0059,013/013_0059.mp4,videos/013/013_0059.mp4,false,procedure_planning,Procedure Planning,Level 3: Cascading Reasoning,<013_0059.mp4>What is the overall procedure the user follows to prepare the meal in the kitchen?,"A.Steaming rice, washing dishes, cutting coconut, cooking","B.Washing dishes, steaming rice, cutting coconut, cooking","C.Cutting coconut, washing dishes, steaming rice, cooking","D.Washing dishes, cutting coconut, steaming rice, cooking",B,ev_019|ev_020|ev_021|ev_022,,"The user starts by washing dishes (ev_019), then steams rice (ev_020), followed by cutting a coconut (ev_021), and finally finishes with cooking (ev_022).",worker_12,2026-02-27,accepted,global_json_list
egomonth_qa_000506,013,013,013_0059,013/013_0059.mp4,videos/013/013_0059.mp4,false,object_location,Object Location,Level 2: Episodic Indexing,<013_0059.mp4>Where is the coconut located when it first appears at 0:10?,A.Inside the refrigerator,B.On the kitchen counter,C.In the sink,D.On the dining table,B,ev_019,0059_obj_coconut_01,"At the timestamp 0:10, the coconut is clearly seen placed on the kitchen counter.",worker_12,2026-02-27,accepted,global_json_list
egomonth_qa_000507,013,013,013_0059,013/013_0059.mp4,videos/013/013_0059.mp4,false,temporal_ordering,Temporal Ordering,Level 2: Episodic Indexing,<013_0059.mp4>Does the user cut the coconut before or after steaming the rice?,A.Before,B.After,C.At the same time,D.The user does not steam rice,B,ev_020|ev_021,,"Steaming rice (ev_020) ends at 4:50, while cutting the coconut (ev_021) starts later at 5:30.",worker_12,2026-02-27,accepted,global_json_list
egomonth_qa_000508,013,013,013_0059,013/013_0059.mp4,videos/013/013_0059.mp4,false,event_time,Event Time,Level 2: Episodic Indexing,<013_0059.mp4>What is the user's primary activity at the timestamp 15:00?,A.Washing dishes,B.Cutting coconut,C.Cooking a meal,D.Steaming rice,C,ev_022,,"At 15:00, the user is within the time range of ev_022 (11:30-24:22), which is cooking a meal.",worker_12,2026-02-27,accepted,global_json_list
egomonth_qa_000509,013,013,013_0059,013/013_0059.mp4,videos/013/013_0059.mp4,false,habit_inference,Habit Inference,Level 1: Schema Consolidation,"<013_0059.mp4>Based on the user's actions, what habit does the user show before starting to cook the final meal?",A.Cleaning the workspace by washing dishes,B.Eating snacks while cooking,C.Listening to music loudly,D.Calling someone on the phone,A,ev_019|ev_022,,"The user washes the dishes (ev_019) at the very beginning of the kitchen work, showing a habit of cleaning the environment before meal preparation.",worker_12,2026-02-27,accepted,global_json_list
egomonth_qa_000510,013,013,013_0059,013/013_0059.mp4,videos/013/013_0059.mp4,false,detail_retrieval,Detail Retrieval,Level 2: Episodic Indexing,"<013_0059.mp4>In the middle of the video, what specific detail is the user focused on between 5:30 and 9:40?",A.Peeling an apple,B.Cutting a coconut,C.Slicing beef,D.Chopping onions,B,ev_021,0059_obj_coconut_01,"During this specific time interval, the user is entirely focused on the detail of processing and cutting the coconut.",worker_12,2026-02-27,accepted,global_json_list
egomonth_qa_000511,013,013,013_0060,013/013_0060.mp4,videos/013/013_0060.mp4,false,temporal_ordering,Temporal Ordering,Level 2: Episodic Indexing,<013_0060.mp4>Which action did the user complete first in this video?,A.Picking up parcels,B.Throwing away trash,C.Picking up takeout,D.Riding a bike,C,ev_023|ev_024|ev_025,,"The video starts with the user picking up takeout (0:00-0:40), which is the earliest event.",worker_12,2026-02-27,accepted,global_json_list
egomonth_qa_000512,013,013,013_0060,013/013_0060.mp4,videos/013/013_0060.mp4,false,self_localization,Self-Localization,Level 2: Episodic Indexing,<013_0060.mp4>Where is the user located between 5:52 and 12:43?,A.Kitchen,B.Parking lot,C.Courier station,D.Dormitory,C,ev_025,,"At the timestamp 5:52, the user is at the courier station to pick up parcels.",worker_12,2026-02-27,accepted,global_json_list
egomonth_qa_000513,013,013,013_0060,013/013_0060.mp4,videos/013/013_0060.mp4,false,event_counting,Event Counting,Level 3: Cascading Reasoning,<013_0060.mp4>How many times does the user perform a task that involves collecting something (takeout or parcel)?,A.1,B.2,C.3,D.4,B,ev_023|ev_025,,"The user collects takeout once (ev_023) and parcels once (ev_025), totaling two times.",worker_12,2026-02-27,accepted,global_json_list
egomonth_qa_000514,013,013,013_0060,013/013_0060.mp4,videos/013/013_0060.mp4,false,habit_inference,Habit Inference,Level 1: Schema Consolidation,<013_0060.mp4>What hygiene-related habit does the user show when leaving the building at 3:08?,A.Washing hands,B.Disinfecting the door handle,C.Taking out the trash while going out,D.Wearing a mask,C,ev_024,,"The user is observed taking a trash bag downstairs specifically to dispose of it, showing a habit of clearing trash.",worker_12,2026-02-27,accepted,global_json_list
egomonth_qa_000515,013,013,013_0060,013/013_0060.mp4,videos/013/013_0060.mp4,false,object_location,Object Location,Level 2: Episodic Indexing,"<013_0060.mp4>At 6:30, what is the description of the parcel's location?",A.On the ground,B.In the user's backpack,C.On the shelf of the station,D.In the trash bin,C,ev_025,0060_obj_parcel_01,"At 6:30, the parcel is seen on the shelf within the courier station.",worker_12,2026-02-27,accepted,global_json_list
egomonth_qa_000516,013,013,013_0060,013/013_0060.mp4,videos/013/013_0060.mp4,false,detail_retrieval,Detail Retrieval,Level 2: Episodic Indexing,<013_0060.mp4>What is the user's specific activity during the long segment from 5:52 to 12:43?,A.Waiting for a bus,B.Picking up multiple parcels,C.Cleaning the kitchen,D.Sorting clothes,B,ev_025,,"During this interval, the user is consistently engaged in the process of retrieving parcels from the station.",worker_12,2026-02-27,accepted,global_json_list
egomonth_qa_000517,013,013,013_0005,013/013_0005.mp4,videos/013/013_0005.mp4,false,temporal_ordering,Temporal Ordering,Level 2: Episodic Indexing,<013_0005.mp4>Does the user listen to the podcast before or during the food preparation?,A.Before starting to prepare food,B.After finishing food preparation,C.Simultaneously during food preparation,D.Only at the very end of the video,C,ev_026|ev_027,,"Event ev_026 and ev_027 cover the exact same time range (0:00-8:12), meaning they happen at the same time.",worker_12,2026-02-28,accepted,global_json_list
egomonth_qa_000518,013,013,013_0005,013/013_0005.mp4,videos/013/013_0005.mp4,false,self_localization,Self-Localization,Level 2: Episodic Indexing,<013_0005.mp4>In which room is the user processing the ingredients at 4:00?,A.Living Room,B.Kitchen 1,C.Dining Room,D.Laundry Room,B,ev_026,,The food preparation event (ev_026) is located in kitchen_1.,worker_12,2026-02-28,accepted,global_json_list
egomonth_qa_000519,013,013,013_0006,013/013_0006.mp4,videos/013/013_0006.mp4,false,temporal_ordering,Temporal Ordering,Level 2: Episodic Indexing,"<013_0006.mp4>Between steaming food and tidying the kitchen, which activity finishes first?",A.Tidying the kitchen,B.Steaming food,C.They finish at the same time,D.Neither is completed,B,ev_028|ev_030,,"Steaming food (ev_028) ends at 2:40, while tidying the kitchen (ev_030) ends later at 4:31.",worker_12,2026-02-28,accepted,global_json_list
egomonth_qa_000520,013,013,013_0006,013/013_0006.mp4,videos/013/013_0006.mp4,false,habit_inference,Habit Inference,Level 1: Schema Consolidation,"<013_0006.mp4>Based on the user's simultaneous tasks, what can be inferred about their multitasking habits?",A.Prefers focused work without distractions,B.Habit of listening to informational audio while performing kitchen chores,C.Dislikes using any kitchen appliances,D.Only works when others are present,B,ev_028|ev_029|ev_030,,"The user continuously listens to a podcast (ev_029) while both cooking (ev_028) and cleaning (ev_030), demonstrating a multitasking habit.",worker_12,2026-02-28,accepted,global_json_list
egomonth_qa_000521,013,013,013_0006,013/013_0006.mp4,videos/013/013_0006.mp4,false,object_location,Object Location,Level 2: Episodic Indexing,<013_0006.mp4>Where is the steamer pot located during its use in the kitchen?,A.In the dishwasher,B.On the stove,C.In the sink,D.Inside the pantry,B,ev_028,0006_obj_steamer_01,"At 2:36, the steamer pot is seen on the kitchen stove being used to cook.",worker_12,2026-02-28,accepted,global_json_list
egomonth_qa_000522,013,013,013_0008,013/013_0008.mp4,videos/013/013_0008.mp4,false,temporal_ordering,Temporal Ordering,Level 2: Episodic Indexing,<013_0008.mp4>Which action happens first: packing the cooked food or picking up the trash?,A.Picking up the trash,B.Packing the cooked food,C.Both happen at the same time,D.Neither happens,B,ev_031|ev_032,,"The user packs the cooked food (ev_031) ending at 15:11, and later packs personal items and picks up the trash (ev_032) starting at 16:10.",worker_12,2026-02-28,accepted,global_json_list
egomonth_qa_000523,013,013,013_0008,013/013_0008.mp4,videos/013/013_0008.mp4,false,procedure_planning,Procedure Planning,Level 3: Cascading Reasoning,<013_0008.mp4>What sequence of actions does the user perform to prepare for their departure?,"A.Packing personal belongings, taking out trash, packing food","B.Packing food, packing personal belongings and taking out trash","C.Taking out trash, packing food","D.Packing food, eating, leaving",B,ev_031|ev_032,,"The user follows a two-step procedure before leaving: first packing the food (ev_031), then organizing belongings and taking the trash (ev_032).",worker_12,2026-02-28,accepted,global_json_list
egomonth_qa_000524,013,013,013_0008,013/013_0008.mp4,videos/013/013_0008.mp4,false,event_counting,Event Counting,Level 3: Cascading Reasoning,<013_0008.mp4>How many distinct preparation tasks does the user perform before leaving the house?,A.1,B.2,C.3,D.4,B,ev_031|ev_032,,There are two main preparation tasks: packing the food (ev_031) and packing belongings/taking trash (ev_032).,worker_12,2026-02-28,accepted,global_json_list
egomonth_qa_000525,013,013,013_0008,013/013_0008.mp4,videos/013/013_0008.mp4,false,habit_inference,Habit Inference,Level 1: Schema Consolidation,"<013_0008.mp4>Based on the user's actions right before leaving, what lifestyle habit do they demonstrate?",A.Forgetting their keys,B.Taking out the trash when going out,C.Leaving the lights on,D.Checking the mailbox,B,ev_032,0008_obj_trash_bag_01,"Event ev_032 shows the user intentionally taking the trash along with their personal belongings right before exiting, indicating a habit of taking out trash when leaving.",worker_12,2026-02-28,accepted,global_json_list
egomonth_qa_000526,013,013,013_0015,013/013_0015.mp4,videos/013/013_0015.mp4,false,temporal_ordering,Temporal Ordering,Level 2: Episodic Indexing,<013_0015.mp4>Which action happens immediately after the user finishes unpacking the parcels?,A.Washing dishes in the kitchen,B.Cleaning the living room,C.Cooking a meal,D.Leaving the house,B,ev_034|ev_035,,The user finishes unpacking parcels (ev_034) at 7:30 and subsequently begins cleaning the living room (ev_035) at 7:45.,worker_12,2026-02-28,accepted,global_json_list
egomonth_qa_000527,013,013,013_0015,013/013_0015.mp4,videos/013/013_0015.mp4,false,procedure_planning,Procedure Planning,Level 3: Cascading Reasoning,<013_0015.mp4>What is the sequence of household chores performed by the user in this video?,"A.Unpacking parcels, washing dishes, cleaning living room","B.Cleaning living room, unpacking parcels, washing dishes","C.Unpacking parcels, cleaning living room, washing dishes","D.Washing dishes, cleaning living room, unpacking parcels",C,ev_034|ev_035|ev_036,,"The user first unpacks parcels (ev_034), then cleans up the living room (ev_035), and finally moves to the kitchen to wash dishes (ev_036).",worker_12,2026-02-28,accepted,global_json_list
egomonth_qa_000528,013,013,013_0015,013/013_0015.mp4,videos/013/013_0015.mp4,false,event_counting,Event Counting,Level 3: Cascading Reasoning,<013_0015.mp4>How many distinct tasks does the user complete while in the living room?,A.1,B.2,C.3,D.4,B,ev_034|ev_035,,The user performs two distinct tasks in the living room: unpacking parcels (ev_034) and cleaning the living room (ev_035).,worker_12,2026-02-28,accepted,global_json_list
egomonth_qa_000529,013,013,013_0015,013/013_0015.mp4,videos/013/013_0015.mp4,false,habit_inference,Habit Inference,Level 1: Schema Consolidation,"<013_0015.mp4>Based on the user's actions after unpacking the parcels, what good habit do they demonstrate?",A.Sorting recycling materials into specific bins,B.Washing hands immediately after touching packages,C.Immediately cleaning up the living room after unpacking,D.Leaving the mess and going straight to cook,C,ev_034|ev_035,,"The user cleans the living room (ev_035) right after unpacking parcels (ev_034), showing a habit of immediately cleaning up the packaging mess.",worker_12,2026-02-28,accepted,global_json_list
egomonth_qa_000530,013,013,013_0015,013/013_0015.mp4,videos/013/013_0015.mp4,false,object_location,Object Location,Level 2: Episodic Indexing,<013_0015.mp4>Where are the dishes located when the user starts washing them?,A.In the dishwasher,B.On the living room table,C.In the kitchen sink,D.On the drying rack,C,ev_036,00015_obj_dishes_01,The event of washing dishes (ev_036) implies the dishes are in the kitchen sink.,worker_12,2026-02-28,accepted,global_json_list
egomonth_qa_000531,013,013,013_0017,013/013_0017.mp4,videos/013/013_0017.mp4,false,spatial_relation,Spatial Relation,Level 2: Episodic Indexing,"<013_0017.mp4>At 5:30, what is the spatial relationship between the knife and the cutting board while the user is processing ingredients?",A.The knife is placed on top of the cutting board,B.The knife is kept inside a drawer away from the board,C.The cutting board is leaning against the wall behind the knife,D.The knife is submerged in water while the board is on the counter,A,ev_037,00017_obj_knife_01|00017_obj_board_01,"At the timestamp 5:30, the user is actively using the knife to cut ingredients directly on top of the cutting board.",worker_12,2026-02-28,accepted,global_json_list
egomonth_qa_000532,013,013,013_0017,013/013_0017.mp4,videos/013/013_0017.mp4,false,event_time,Event Time,Level 2: Episodic Indexing,<013_0017.mp4>At what time does the user complete the ingredient preparation process?,A.0:00,B.5:30,C.12:39,D.15:00,C,ev_037,,The event of preparing food ingredients (ev_037) is defined from the beginning of the video until 12:39.,worker_12,2026-02-28,accepted,global_json_list
egomonth_qa_000533,013,013,013_0018,013/013_0018.mp4,videos/013/013_0018.mp4,false,temporal_ordering,Temporal Ordering,Level 2: Episodic Indexing,<013_0018.mp4>Which event occurs earlier: steaming the ingredients or preparing them?,A.Steaming the ingredients,B.Preparing the ingredients,C.They occur at the same time,D.Neither occurred in the video,B,ev_038|ev_039,,"The user first prepares the ingredients (ev_038) from 0:00 to 13:18, and then begins steaming them (ev_039) at 13:30.",worker_12,2026-02-28,accepted,global_json_list
egomonth_qa_000534,013,013,013_0018,013/013_0018.mp4,videos/013/013_0018.mp4,false,procedure_planning,Procedure Planning,Level 3: Cascading Reasoning,<013_0018.mp4>What is the logical procedure shown in the video for cooking the dish?,"A.Steaming first, then preparing ingredients","B.Preparing ingredients first, then steaming them","C.Washing dishes, then cooking","D.Cleaning the kitchen, then steaming",B,ev_038|ev_039,,The video follows a clear culinary workflow: processing raw materials (ev_038) followed by the steaming process (ev_039).,worker_12,2026-02-28,accepted,global_json_list
egomonth_qa_000535,013,013,013_0019,013/013_0019.mp4,videos/013/013_0019.mp4,false,temporal_ordering,Temporal Ordering,Level 2: Episodic Indexing,"<013_0019.mp4>After unpacking the parcels, what is the next chore the user performs?",A.Preparing food ingredients,B.Washing dishes,C.Mopping the floor,D.Cooking a meal,B,ev_040|ev_041,,The user finishes unpacking parcels (ev_040) at 7:00 and then starts washing dishes (ev_041) at 9:30.,worker_12,2026-02-28,accepted,global_json_list
egomonth_qa_000536,013,013,013_0019,013/013_0019.mp4,videos/013/013_0019.mp4,false,procedure_planning,Procedure Planning,Level 3: Cascading Reasoning,<013_0019.mp4>What is the sequence of tasks the user performs throughout the video?,"A.Washing dishes, unpacking parcels, preparing ingredients","B.Unpacking parcels, preparing ingredients, washing dishes","C.Unpacking parcels, washing dishes, preparing ingredients","D.Preparing ingredients, washing dishes, unpacking parcels",C,ev_040|ev_041|ev_042,,"The video starts with unpacking parcels (ev_040), followed by washing dishes (ev_041), and ends with preparing food ingredients (ev_042).",worker_12,2026-02-28,accepted,global_json_list
egomonth_qa_000537,013,013,013_0019,013/013_0019.mp4,videos/013/013_0019.mp4,false,habit_inference,Habit Inference,Level 1: Schema Consolidation,"<013_0019.mp4>Based on the order of activities in the kitchen, what habit does the user demonstrate?",A.Listening to music while cooking,B.Washing dishes before starting to prepare food,C.Cleaning the floor after cooking,D.Eating snacks during chores,B,ev_041|ev_042,,"The user is seen washing the dishes (ev_041) before beginning the preparation of ingredients (ev_042), showing a habit of maintaining kitchen cleanliness.",worker_12,2026-02-28,accepted,global_json_list
egomonth_qa_000538,013,013,013_0019,013/013_0019.mp4,videos/013/013_0019.mp4,false,object_location,Object Location,Level 2: Episodic Indexing,<013_0019.mp4>Where are the parcels located when the user is unpacking them?,A.On the kitchen table,B.On the floor in the living room,C.On the sofa,D.In the bedroom,B,ev_040,0019_obj_parcel_01,"During the unpacking event (ev_040), the parcel is placed on the floor of the living room.",worker_12,2026-02-28,accepted,global_json_list
egomonth_qa_000539,013,013,013_0020,013/013_0020.mp4,videos/013/013_0020.mp4,false,temporal_ordering,Temporal Ordering,Level 2: Episodic Indexing,<013_0020.mp4>Which event concludes first: tidying the kitchen or steaming rice?,A.Tidying the kitchen,B.Steaming rice,C.They conclude at the same time,D.Neither task is completed,A,ev_043|ev_044,,"Tidying the kitchen (ev_043) ends at 2:21, while steaming rice (ev_044) ends later at 4:45.",worker_12,2026-02-28,accepted,global_json_list
egomonth_qa_000540,013,013,013_0020,013/013_0020.mp4,videos/013/013_0020.mp4,false,procedure_planning,Procedure Planning,Level 3: Cascading Reasoning,<013_0020.mp4>What is the logical sequence of activities performed in the kitchen during the video?,"A.Washing rice, washing pot, tidying kitchen","B.Tidying kitchen, washing rice and steaming it, washing pot and spoon","C.Washing pot, steaming rice, tidying kitchen","D.Steaming rice, washing pot, tidying kitchen",B,ev_043|ev_044|ev_045,,"The user follows a procedure of first organizing the space (ev_043), then processing food (ev_044), and finally cleaning tools (ev_045).",worker_12,2026-02-28,accepted,global_json_list
egomonth_qa_000541,013,013,013_0020,013/013_0020.mp4,videos/013/013_0020.mp4,false,habit_inference,Habit Inference,Level 1: Schema Consolidation,<013_0020.mp4>What hygiene habit does the user demonstrate throughout their time in the kitchen?,A.Ignoring the mess until finished,B.Maintaining cleanliness by tidying up before and after main tasks,C.Wearing gloves while cooking,D.Only washing large appliances,B,ev_043|ev_045,,"The user starts by tidying the kitchen (ev_043) and later washes the used pot and spoon (ev_045), showing a consistent habit of cleaning and organization.",worker_12,2026-02-28,accepted,global_json_list
egomonth_qa_000542,013,013,013_0021,013/013_0021.mp4,videos/013/013_0021.mp4,false,temporal_ordering,Temporal Ordering,Level 2: Episodic Indexing,<013_0021.mp4>Which event occurs earlier: cooking in the kitchen or picking up the takeout?,A.Cooking in the kitchen,B.Picking up the takeout,C.They occur at the same time,D.Neither occurred in the video,B,ev_046|ev_047,,The user first picks up the takeout (ev_046) at 0:18 and subsequently starts cooking (ev_047) at 1:28.,worker_12,2026-02-28,accepted,global_json_list
egomonth_qa_000543,013,013,013_0021,013/013_0021.mp4,videos/013/013_0021.mp4,false,procedure_planning,Procedure Planning,Level 3: Cascading Reasoning,<013_0021.mp4>What is the sequence of tasks the user follows to prepare their meal?,"A.Cooking, then picking up the takeout","B.Picking up the takeout, then cooking","C.Washing dishes, then cooking","D.Cleaning the room, then picking up takeout",B,ev_046|ev_047,,The user follows a logical procedure: first obtaining the food/items (ev_046) and then proceeding to the cooking phase (ev_047).,worker_12,2026-02-28,accepted,global_json_list
egomonth_qa_000544,013,013,013_0024,013/013_0024.mp4,videos/013/013_0024.mp4,false,temporal_ordering,Temporal Ordering,Level 2: Episodic Indexing,<013_0024.mp4>Which event concludes first: washing the dishes or processing the scallions?,A.Processing the scallions,B.Washing the dishes,C.Both conclude at the same time,D.Neither task is completed,B,ev_048|ev_049,,"Washing dishes (ev_048) finishes at 5:00, whereas washing and cutting scallions (ev_049) ends later at 14:00.",worker_12,2026-02-28,accepted,global_json_list
egomonth_qa_000545,013,013,013_0024,013/013_0024.mp4,videos/013/013_0024.mp4,false,procedure_planning,Procedure Planning,Level 3: Cascading Reasoning,<013_0024.mp4>What is the sequence of tasks performed by the user in the kitchen during the video?,"A.Washing and cutting scallions, then washing dishes","B.Washing dishes, then washing and cutting scallions","C.Tidying the kitchen, then cooking","D.Cooking a meal, then washing dishes",B,ev_048|ev_049,,The video starts with the user washing dishes (ev_048) and proceeds to washing and cutting scallions (ev_049).,worker_12,2026-02-28,accepted,global_json_list
egomonth_qa_000546,013,013,013_0025,013/013_0025.mp4,videos/013/013_0025.mp4,false,temporal_ordering,Temporal Ordering,Level 2: Episodic Indexing,<013_0025.mp4>Which ingredient does the user process immediately after cutting the carrots?,A.Meat,B.Yam,C.Potatoes,D.Chicken,B,ev_050|ev_051,,"After the user finishes cutting the carrots (ev_050) at 15:33, the next event is cutting the yam (ev_051) starting at 15:49.",worker_12,2026-02-28,accepted,global_json_list
egomonth_qa_000547,013,013,013_0025,013/013_0025.mp4,videos/013/013_0025.mp4,false,procedure_planning,Procedure Planning,Level 3: Cascading Reasoning,<013_0025.mp4>What is the sequence of steps the user takes to prepare the ingredients for cooking?,"A.Cutting yam, washing meat, cutting carrots","B.Washing meat, cutting carrots, cutting yam","C.Cutting carrots, washing meat, cutting yam","D.Cutting carrots, cutting yam, washing meat",D,ev_050|ev_051|ev_052,,"The video follows a specific logical workflow: first cutting carrots (ev_050), then cutting yam (ev_051), and finally washing the meat (ev_052).",worker_12,2026-02-28,accepted,global_json_list
egomonth_qa_000548,013,013,013_0025,013/013_0025.mp4,videos/013/013_0025.mp4,false,event_counting,Event Counting,Level 3: Cascading Reasoning,"<013_0025.mp4>How many distinct, individual ingredient preparation events are recorded in this video?",A.1,B.2,C.3,D.4,C,ev_050|ev_051|ev_052,,"The user performs three distinct individual events to prepare the meal: cutting carrots (ev_050), cutting yam (ev_051), and washing meat (ev_052).",worker_12,2026-02-28,accepted,global_json_list
egomonth_qa_000549,013,013,013_0025,013/013_0025.mp4,videos/013/013_0025.mp4,false,object_location,Object Location,Level 2: Episodic Indexing,<013_0025.mp4>Where is the meat located when the user is processing it at 22:27?,A.On the cutting board,B.In the refrigerator,C.In the kitchen sink,D.In a boiling pot,C,ev_052,0025_obj_meat_01,"At 22:27, the user is washing the meat, which indicates the meat is located in the kitchen sink.",worker_12,2026-02-28,accepted,global_json_list
egomonth_qa_000550,013,013,013_0025,013/013_0025.mp4,videos/013/013_0025.mp4,false,event_time,Event Time,Level 2: Episodic Indexing,<013_0025.mp4>At what timestamp does the entire ingredient preparation process finish?,A.15:33,B.22:20,C.23:12,D.25:00,C,ev_053,,"The overall ingredient preparation event (ev_053), which concludes with washing the meat, finishes exactly at 23:12.",worker_12,2026-02-28,accepted,global_json_list
egomonth_qa_000551,013,013,013_0026,013/013_0026.mp4,videos/013/013_0026.mp4,false,temporal_ordering,Temporal Ordering,Level 2: Episodic Indexing,<013_0026.mp4>Which event does the user perform immediately after finishing washing the dishes?,A.Preparing food ingredients,B.Eating a meal,C.Storing the ingredients,D.Leaving the kitchen,C,ev_055|ev_056,,"After washing dishes (ev_055) concludes at 18:02, the very next event is storing the ingredients (ev_056) starting at 19:01.",worker_12,2026-02-28,accepted,global_json_list
egomonth_qa_000552,013,013,013_0026,013/013_0026.mp4,videos/013/013_0026.mp4,false,procedure_planning,Procedure Planning,Level 3: Cascading Reasoning,<013_0026.mp4>What is the complete sequence of tasks the user performs in the kitchen?,"A.Washing dishes, preparing ingredients, storing ingredients","B.Preparing ingredients, storing ingredients, washing dishes","C.Preparing ingredients, washing dishes, storing ingredients","D.Storing ingredients, washing dishes, preparing ingredients",C,ev_054|ev_055|ev_056,,"The user follows a specific sequence: first preparing ingredients (ev_054), then taking a break to wash dishes (ev_055), and finally storing the ingredients (ev_056).",worker_12,2026-02-28,accepted,global_json_list
egomonth_qa_000553,013,013,013_0026,013/013_0026.mp4,videos/013/013_0026.mp4,false,event_counting,Event Counting,Level 3: Cascading Reasoning,<013_0026.mp4>How many distinct kitchen chores does the user engage in during the video?,A.1,B.2,C.3,D.4,C,ev_054|ev_055|ev_056,,"The user engages in three distinct chores: preparing ingredients, washing dishes, and storing ingredients.",worker_12,2026-02-28,accepted,global_json_list
egomonth_qa_000554,013,013,013_0026,013/013_0026.mp4,videos/013/013_0026.mp4,false,habit_inference,Habit Inference,Level 1: Schema Consolidation,"<013_0026.mp4>Based on the user's workflow, what specific habit do they demonstrate during food preparation?",A.Leaving all dirty dishes until the very end,B.Washing dishes and cleaning up midway before storing the final items,C.Storing ingredients immediately without preparing them,D.Cooking food immediately after preparing,B,ev_054|ev_055|ev_056,,"Instead of leaving cleaning to the end, the user stops to wash dishes (ev_055) right after preparing ingredients (ev_054), showing a habit of 'clean-as-you-go' or intermediate cleanup before the final storage step (ev_056).",worker_12,2026-02-28,accepted,global_json_list
egomonth_qa_000555,013,013,013_0030,013/013_0030.mp4,videos/013/013_0030.mp4,false,procedure_planning,Procedure Planning,Level 3: Cascading Reasoning,<013_0030.mp4>What is the sequence of tasks the user performs to complete the post-meal cleanup?,"A.Cleaning the kitchen, clearing dishes, washing dishes","B.Clearing dishes, washing dishes, cleaning the kitchen","C.Washing dishes, cleaning the kitchen, clearing dishes","D.Clearing dishes, unpacking parcel, cleaning the kitchen",B,ev_057|ev_058|ev_059,,"The user first clears the dishes from the table (ev_057), then proceeds to wash the dishes and pots in the sink (ev_058), and finally cleans up the general kitchen area (ev_059).",worker_12,2026-02-28,accepted,global_json_list
egomonth_qa_000556,013,013,013_0030,013/013_0030.mp4,videos/013/013_0030.mp4,false,temporal_ordering,Temporal Ordering,Level 2: Episodic Indexing,<013_0030.mp4>Which activity happens earlier: unpacking the parcel or washing the dishes?,A.Unpacking the parcel,B.Washing the dishes,C.They occur at the exact same time,D.The user does not wash dishes,B,ev_058|ev_060,,"Washing the dishes (ev_058) occurs from 1:12 to 9:33, whereas unpacking the parcel (ev_060) happens much later, starting at 12:07.",worker_12,2026-02-28,accepted,global_json_list
egomonth_qa_000557,013,013,013_0030,013/013_0030.mp4,videos/013/013_0030.mp4,false,self_localization,Self-Localization,Level 2: Episodic Indexing,<013_0030.mp4>Where is the user located at the timestamp 15:30?,A.Kitchen,B.Living room,C.Bedroom,D.Bathroom,D,ev_061,,"At 15:30, the user is within the time frame of ev_061 (14:27-16:44), which takes place in the bathroom.",worker_12,2026-02-28,accepted,global_json_list
egomonth_qa_000558,013,013,013_0030,013/013_0030.mp4,videos/013/013_0030.mp4,false,detail_retrieval,Detail Retrieval,Level 2: Episodic Indexing,<013_0030.mp4>What specific item does the user find inside the parcel they unpack between 12:07 and 14:01?,A.A new pot,B.A pair of shoes,C.A duvet cover,D.A set of dishes,C,ev_060,0030_obj_parcel_01,"During the unpacking event (ev_060), the contents of the parcel are revealed to be a duvet cover.",worker_12,2026-02-28,accepted,global_json_list
egomonth_qa_000559,013,013,013_0030,013/013_0030.mp4,videos/013/013_0030.mp4,false,event_counting,Event Counting,Level 3: Cascading Reasoning,<013_0030.mp4>How many distinct chores are performed in the kitchen area during this video?,A.1,B.2,C.3,D.4,C,ev_057|ev_058|ev_059,,"The user completes three distinct tasks in the kitchen: clearing dishes (ev_057), washing dishes (ev_058), and cleaning the kitchen space (ev_059).",worker_12,2026-02-28,accepted,global_json_list
egomonth_qa_000560,013,013,013_0030,013/013_0030.mp4,videos/013/013_0030.mp4,false,habit_inference,Habit Inference,Level 1: Schema Consolidation,"<013_0030.mp4>Based on the user's workflow right after doing the dishes, what hygiene habit do they display?",A.Leaving the sink dirty and walking away immediately,B.Thoroughly cleaning the overall kitchen area right after finishing the dishes,C.Taking out the trash immediately,D.Washing their face in the kitchen,B,ev_058|ev_059,,"Instead of stopping after the dishes are done (ev_058), the user seamlessly moves on to cleaning up the broader kitchen area (ev_059), demonstrating a habit of thorough post-meal area sanitization.",worker_12,2026-02-28,accepted,global_json_list
egomonth_qa_000561,013,013,013_0031,013/013_0031.mp4,videos/013/013_0031.mp4,false,procedure_planning,Procedure Planning,Level 3: Cascading Reasoning,<013_0031.mp4>What is the logical sequence of tasks the user follows in the kitchen to prepare for a meal?,"A.Washing dishes, taking ingredients, steaming rice","B.Taking ingredients, washing dishes, steaming rice","C.Steaming rice, washing dishes, taking ingredients","D.Taking ingredients, steaming rice, washing dishes",B,ev_062|ev_063|ev_064,,"The user first retrieves ingredients (ev_062), then clears the sink by washing dishes (ev_063), and finally proceeds to steam rice (ev_064).",worker_12,2026-02-28,accepted,global_json_list
egomonth_qa_000562,013,013,013_0031,013/013_0031.mp4,videos/013/013_0031.mp4,false,temporal_ordering,Temporal Ordering,Level 2: Episodic Indexing,<013_0031.mp4>Does the user finish washing the dishes before or after starting to steam the rice?,A.Before,B.After,C.At the exact same time,D.They do not wash dishes,A,ev_063|ev_064,,"Washing dishes (ev_063) ends at 17:00, which is prior to the start of steaming rice (ev_064) at 21:30.",worker_12,2026-02-28,accepted,global_json_list
egomonth_qa_000563,013,013,013_0031,013/013_0031.mp4,videos/013/013_0031.mp4,false,habit_inference,Habit Inference,Level 1: Schema Consolidation,"<013_0031.mp4>Based on the order of activities, what specific habit does the user demonstrate regarding kitchen hygiene?",A.Leaving dirty dishes until the meal is over,B.Cleaning the sink and dishes before beginning the main cooking tasks,C.Storing dirty dishes in the refrigerator,D.Washing hands but not the dishes,B,ev_063|ev_064,,"The user chooses to wash the dishes (ev_063) before starting the actual cooking process (ev_064), showing a habit of clearing the workspace first.",worker_12,2026-02-28,accepted,global_json_list
egomonth_qa_000564,013,013,013_0031,013/013_0031.mp4,videos/013/013_0031.mp4,false,detail_retrieval,Detail Retrieval,Level 2: Episodic Indexing,<013_0031.mp4>From where does the user retrieve the ingredients at the beginning of the video?,A.Kitchen cabinet,B.Refrigerator,C.Grocery bag on the floor,D.Dining table,B,ev_062,0031_obj_ingredients_01,"In the initial segment (0:00-1:36), the user is clearly seen taking ingredients out of the refrigerator.",worker_12,2026-02-28,accepted,global_json_list
egomonth_qa_000565,013,013,013_0032,013/013_0032.mp4,videos/013/013_0032.mp4,false,procedure_planning,Procedure Planning,Level 3: Cascading Reasoning,<013_0032.mp4>What is the sequence of vegetable preparation steps performed by the user?,"A.Processing zucchini, then processing carrots","B.Processing carrots, then processing zucchini",C.Washing all vegetables at once,D.Cooking carrots first,B,ev_065|ev_066,,The user first processes carrots (ev_065) and then moves on to process zucchini (ev_066).,worker_12,2026-02-28,accepted,global_json_list
egomonth_qa_000566,013,013,013_0032,013/013_0032.mp4,videos/013/013_0032.mp4,false,temporal_ordering,Temporal Ordering,Level 2: Episodic Indexing,<013_0032.mp4>Does the user clean the kitchen before or after processing the vegetables?,A.Before,B.After,C.During,D.The user does not clean the kitchen,B,ev_066|ev_067,,"Vegetable processing ends at 12:59, and the cleaning task (ev_067) starts at 16:25.",worker_12,2026-02-28,accepted,global_json_list
egomonth_qa_000567,013,013,013_0032,013/013_0032.mp4,videos/013/013_0032.mp4,false,detail_retrieval,Detail Retrieval,Level 2: Episodic Indexing,<013_0032.mp4>What electronic device is the user interacting with in the kitchen around 18:30?,A.A smartphone,B.A laptop,C.A tablet computer,D.A digital scale,C,ev_068,0032_obj_tablet_01,The user is recorded watching a tablet (ev_068) during the final segment of the video.,worker_12,2026-02-28,accepted,global_json_list
egomonth_qa_000568,013,013,013_0032,013/013_0032.mp4,videos/013/013_0032.mp4,false,habit_inference,Habit Inference,Level 1: Schema Consolidation,"<013_0032.mp4>Based on the user's workflow, what habit do they demonstrate regarding kitchen maintenance?",A.Leaving waste on the counter,B.Cleaning up the workspace immediately after finishing food preparation,C.Cleaning the kitchen before starting to cook,D.Watching videos while cleaning,B,ev_066|ev_067,,"The user transitions directly from food processing (ev_066) to cleaning the kitchen (ev_067), showing a habit of immediate post-task maintenance.",worker_12,2026-02-28,accepted,global_json_list
egomonth_qa_000569,013,013,013_0033,013/013_0033.mp4,videos/013/013_0033.mp4,false,procedure_planning,Procedure Planning,Level 3: Cascading Reasoning,<013_0033.mp4>What is the chronological sequence of tasks performed by the user in the kitchen?,"A.Washing dishes, cooking, boiling water","B.Cooking, boiling water, washing dishes","C.Cooking, washing dishes, boiling water","D.Boiling water, cooking, washing dishes",C,ev_069|ev_070|ev_072,,"The user first cooks (ev_069), then washes the dishes (ev_070), and later returns to the kitchen to boil water (ev_072).",worker_12,2026-02-28,accepted,global_json_list
egomonth_qa_000570,013,013,013_0033,013/013_0033.mp4,videos/013/013_0033.mp4,false,event_counting,Event Counting,Level 3: Cascading Reasoning,<013_0033.mp4>How many distinct personal or leisure activities does the user perform in the living room?,A.1,B.2,C.3,D.4,B,ev_071|ev_073,,"In the living room, the user performs two distinct activities: cutting fingernails (ev_071) and watching a tablet (ev_073).",worker_12,2026-02-28,accepted,global_json_list
egomonth_qa_000571,013,013,013_0033,013/013_0033.mp4,videos/013/013_0033.mp4,false,self_localization,Self-Localization,Level 2: Episodic Indexing,<013_0033.mp4>Where is the user located when they are cutting their fingernails?,A.Kitchen,B.Bathroom,C.Living room,D.Bedroom,C,ev_071,,The event of cutting fingernails (ev_071) explicitly takes place in the living room.,worker_12,2026-02-28,accepted,global_json_list
egomonth_qa_000572,013,013,013_0033,013/013_0033.mp4,videos/013/013_0033.mp4,false,temporal_ordering,Temporal Ordering,Level 2: Episodic Indexing,<013_0033.mp4>Does the user boil water before or after washing the dishes?,A.Before,B.After,C.At the same time,D.The user does not wash dishes,B,ev_070|ev_072,,"Washing dishes (ev_070) ends at 11:53, while boiling water (ev_072) starts later at 20:25.",worker_12,2026-02-28,accepted,global_json_list
egomonth_qa_000573,013,013,013_0033,013/013_0033.mp4,videos/013/013_0033.mp4,false,detail_retrieval,Detail Retrieval,Level 2: Episodic Indexing,<013_0033.mp4>What device is the user using in the living room between 21:00 and 21:26?,A.A television,B.A smartphone,C.A tablet,D.A laptop,C,ev_073,0033_obj_tablet_01,The user is seen watching content on a tablet during the final event in the living room.,worker_12,2026-02-28,accepted,global_json_list
egomonth_qa_000574,013,013,013_0033,013/013_0033.mp4,videos/013/013_0033.mp4,false,habit_inference,Habit Inference,Level 1: Schema Consolidation,<013_0033.mp4>What personal grooming habit does the user perform while relaxing in the living room?,A.Brushing hair,B.Cutting fingernails,C.Applying makeup,D.Shaving,B,ev_071,0033_obj_nail_clippers_01,"The user engages in cutting their fingernails (ev_071) while in the living room, indicating a personal grooming habit performed in a common area.",worker_12,2026-02-28,accepted,global_json_list
egomonth_qa_000575,013,013,013_0033,013/013_0033.mp4,videos/013/013_0033.mp4,false,procedure_planning,Procedure Planning,Level 3: Cascading Reasoning,<013_0033.mp4>What is the chronological sequence of tasks performed by the user in the kitchen?,"A.Washing dishes, cooking, boiling water","B.Cooking, boiling water, washing dishes","C.Cooking, washing dishes, boiling water","D.Boiling water, cooking, washing dishes",C,ev_069|ev_070|ev_072,,"The user first cooks (ev_069), then washes the dishes (ev_070), and later returns to the kitchen to boil water (ev_072).",worker_12,2026-02-28,accepted,global_json_list
egomonth_qa_000576,013,013,013_0033,013/013_0033.mp4,videos/013/013_0033.mp4,false,event_counting,Event Counting,Level 3: Cascading Reasoning,<013_0033.mp4>How many distinct personal or leisure activities does the user perform in the living room?,A.1,B.2,C.3,D.4,B,ev_071|ev_073,,"In the living room, the user performs two distinct activities: cutting fingernails (ev_071) and watching a tablet (ev_073).",worker_12,2026-02-28,accepted,global_json_list
egomonth_qa_000577,013,013,013_0033,013/013_0033.mp4,videos/013/013_0033.mp4,false,self_localization,Self-Localization,Level 2: Episodic Indexing,<013_0033.mp4>Where is the user located when they are cutting their fingernails?,A.Kitchen,B.Bathroom,C.Living room,D.Bedroom,C,ev_071,,The event of cutting fingernails (ev_071) explicitly takes place in the living room.,worker_12,2026-02-28,accepted,global_json_list
egomonth_qa_000578,013,013,013_0033,013/013_0033.mp4,videos/013/013_0033.mp4,false,temporal_ordering,Temporal Ordering,Level 2: Episodic Indexing,<013_0033.mp4>Does the user boil water before or after washing the dishes?,A.Before,B.After,C.At the same time,D.The user does not wash dishes,B,ev_070|ev_072,,"Washing dishes (ev_070) ends at 11:53, while boiling water (ev_072) starts later at 20:25.",worker_12,2026-02-28,accepted,global_json_list
egomonth_qa_000579,013,013,013_0033,013/013_0033.mp4,videos/013/013_0033.mp4,false,detail_retrieval,Detail Retrieval,Level 2: Episodic Indexing,<013_0033.mp4>What device is the user using in the living room between 21:00 and 21:26?,A.A television,B.A smartphone,C.A tablet,D.A laptop,C,ev_073,0033_obj_tablet_01,The user is seen watching content on a tablet during the final event in the living room.,worker_12,2026-02-28,accepted,global_json_list
egomonth_qa_000580,013,013,013_0033,013/013_0033.mp4,videos/013/013_0033.mp4,false,habit_inference,Habit Inference,Level 1: Schema Consolidation,<013_0033.mp4>What personal grooming habit does the user perform while relaxing in the living room?,A.Brushing hair,B.Cutting fingernails,C.Applying makeup,D.Shaving,B,ev_071,0033_obj_nail_clippers_01,"The user engages in cutting their fingernails (ev_071) while in the living room, indicating a personal grooming habit performed in a common area.",worker_12,2026-02-28,accepted,global_json_list
egomonth_qa_000581,013,013,013_0035,013/013_0035.mp4,videos/013/013_0035.mp4,false,temporal_ordering,Temporal Ordering,Level 2: Episodic Indexing,"<013_0035.mp4>Does the user wash the kitchenware immediately after cooking, or later?",A.Immediately after cooking,"B.Later, after doing other chores",C.Before cooking,D.The user does not wash kitchenware,B,ev_074|ev_077,,"Cooking (ev_074) ends at 5:34, but washing kitchenware (ev_077) does not happen until much later at 34:10, after sweeping and organizing.",worker_12,2026-02-28,accepted,global_json_list
egomonth_qa_000582,013,013,013_0035,013/013_0035.mp4,videos/013/013_0035.mp4,false,procedure_planning,Procedure Planning,Level 3: Cascading Reasoning,<013_0035.mp4>What is the overall sequence of household chores completed by the user in this video?,"A.Sweeping floor, cooking, washing kitchenware, organizing clothes","B.Cooking, sweeping and mopping, organizing clothes, washing kitchenware","C.Organizing clothes, sweeping and mopping, cooking, washing kitchenware","D.Cooking, washing kitchenware, sweeping and mopping, organizing clothes",B,ev_074|ev_075|ev_076|ev_077,,"The user cooks first (ev_074), then sweeps/mops (ev_075), organizes clothes (ev_076), and finally returns to the kitchen to wash kitchenware (ev_077).",worker_12,2026-02-28,accepted,global_json_list
egomonth_qa_000583,013,013,013_0035,013/013_0035.mp4,videos/013/013_0035.mp4,false,habit_inference,Habit Inference,Level 1: Schema Consolidation,"<013_0035.mp4>Based on the user delaying the dishwashing until all other room chores are done, what habit can be inferred?",A.Clean-as-you-go while cooking,B.Procrastinating or batching all cleaning tasks to the very end of the routine,C.Only cleaning the kitchen once a week,D.Doing laundry while cooking,B,ev_074|ev_075|ev_076|ev_077,,"Instead of cleaning the kitchenware right after cooking (ev_074), the user leaves it, sweeps (ev_075), and organizes clothes (ev_076) before finally doing a batch cleaning session at the end (ev_077).",worker_12,2026-02-28,accepted,global_json_list
egomonth_qa_000584,013,013,013_0035,013/013_0035.mp4,videos/013/013_0035.mp4,false,event_counting,Event Counting,Level 3: Cascading Reasoning,<013_0035.mp4>How many distinct cleaning and organizing tasks does the user perform after finishing the cooking process?,A.1,B.2,C.3,D.4,C,ev_075|ev_076|ev_077,,"After cooking, the user performs three distinct chores: 1) sweeping/mopping, 2) organizing clothes, and 3) washing kitchenware.",worker_12,2026-02-28,accepted,global_json_list
egomonth_qa_000585,013,013,013_0035,013/013_0035.mp4,videos/013/013_0035.mp4,false,self_localization,Self-Localization,Level 2: Episodic Indexing,<013_0035.mp4>Where is the user located when they are sweeping and mopping the floor between 6:04 and 16:19?,A.Kitchen,B.Bathroom,C.Living room,D.Balcony,C,ev_075,,"During the sweeping and mopping event (ev_075), the user is located in the living room.",worker_12,2026-02-28,accepted,global_json_list
egomonth_qa_000586,013,013,013_0036,013/013_0036.mp4,videos/013/013_0036.mp4,false,temporal_ordering,Temporal Ordering,Level 2: Episodic Indexing,<013_0036.mp4>Did the user organize their clothes before or after preparing the meal?,A.Before preparing the meal,B.After preparing the meal,C.They did both simultaneously,D.The user did not organize any clothes,B,ev_078|ev_079,,"The user finishes preparing the meal (ev_078) at 1:55, and then proceeds to organize clothes (ev_079) starting at 2:14.",worker_12,2026-02-28,accepted,global_json_list
egomonth_qa_000587,013,013,013_0036,013/013_0036.mp4,videos/013/013_0036.mp4,false,procedure_planning,Procedure Planning,Level 3: Cascading Reasoning,<013_0036.mp4>What is the sequence of tasks completed by the user in this video?,"A.Organizing clothes, then preparing a meal","B.Preparing a meal, then washing dishes","C.Preparing a meal, then organizing clothes","D.Cleaning the bedroom, then preparing a meal",C,ev_078|ev_079,,The video shows a clear sequence where the user first prepares food in the kitchen (ev_078) and subsequently moves to the bedroom to organize clothes (ev_079).,worker_12,2026-02-28,accepted,global_json_list
egomonth_qa_000588,013,013,013_0036,013/013_0036.mp4,videos/013/013_0036.mp4,false,object_location,Object Location,Level 2: Episodic Indexing,<013_0036.mp4>Where specifically are the clothes placed while the user is organizing them?,A.In the wardrobe,B.On the floor,C.On the sofa in the living room,D.On the bed in the bedroom,D,ev_079,0036_obj_clothes_01,"During the organizing event (ev_079), the user places and interacts with the clothes directly on the bed.",worker_12,2026-02-28,accepted,global_json_list
egomonth_qa_000589,013,013,013_0037,013/013_0037.mp4,videos/013/013_0037.mp4,false,object_counting_global,Object Counting,Level 3: Cascading Reasoning,<013_0037.mp4>How many bottles is the user carrying at the beginning of the video?,A.5,B.6,C.7,D.8,D,ev_080,0037_obj_bottles_01,"At the 0:03 mark, the camera clearly captures the user holding a total of 8 bottles.",worker_12,2026-02-28,accepted,global_json_list
egomonth_qa_000590,013,013,013_0037,013/013_0037.mp4,videos/013/013_0037.mp4,false,temporal_ordering,Temporal Ordering,Level 2: Episodic Indexing,<013_0037.mp4>Which event occurred earlier: going downstairs to dispose of bottles or picking up a parcel?,A.Going downstairs to dispose of bottles,B.Picking up a parcel,C.They happened at the same time,D.Neither event happened,A,ev_080|ev_081,,"The user is first seen going downstairs with bottles (ev_080) from 0:00 to 1:36, and then picks up the parcel (ev_081) starting at 2:29.",worker_12,2026-02-28,accepted,global_json_list
egomonth_qa_000591,013,013,013_0037,013/013_0037.mp4,videos/013/013_0037.mp4,false,self_localization,Self-Localization,Level 2: Episodic Indexing,<013_0037.mp4>Where is the user located at the timestamp 5:00?,A.Kitchen,B.Living room,C.Courier station,D.Stairwell,C,ev_081,,"At 5:00, the user is within the time frame of picking up parcels (ev_081), which takes place at the courier station.",worker_12,2026-02-28,accepted,global_json_list
egomonth_qa_000592,013,013,013_0038,013/013_0038.mp4,videos/013/013_0038.mp4,false,temporal_ordering,Temporal Ordering,Level 2: Episodic Indexing,<013_0038.mp4>Which event happens immediately after the user takes a break to watch the tablet?,A.Washing dishes,B.Eating a banana,C.Cooking a meal,D.Unpacking a parcel,C,ev_085|ev_086,,"The user stops watching the tablet (ev_085) at 40:13, and their next recorded activity is cooking a meal (ev_086) starting at 40:27.",worker_12,2026-02-28,accepted,global_json_list
egomonth_qa_000593,013,013,013_0038,013/013_0038.mp4,videos/013/013_0038.mp4,false,procedure_planning,Procedure Planning,Level 3: Cascading Reasoning,<013_0038.mp4>What is the logical sequence of meal-related activities performed by the user in the kitchen?,"A.Cooking a meal, washing dishes, preparing ingredients","B.Preparing ingredients, cooking a meal, washing dishes","C.Washing dishes, preparing ingredients, cooking a meal","D.Preparing ingredients, washing dishes, cooking a meal",B,ev_084|ev_086|ev_087,,"Filtering just the kitchen/meal activities, the user first prepares the ingredients (ev_084), then later cooks the meal (ev_086), and finally washes the dishes (ev_087).",worker_12,2026-02-28,accepted,global_json_list
egomonth_qa_000594,013,013,013_0038,013/013_0038.mp4,videos/013/013_0038.mp4,false,habit_inference,Habit Inference,Level 1: Schema Consolidation,"<013_0038.mp4>Based on the user's workflow around cooking time, what habit do they exhibit during the whole process?",A.Doing all cooking and preparation tasks consecutively without stopping,B.Taking a dedicated entertainment break between preparing ingredients and actually cooking,C.Washing dishes immediately after preparing ingredients,D.Eating all the prepared food raw,B,ev_084|ev_085|ev_086,,"The user spends a long time preparing ingredients (ev_084, 7:27-33:30), but instead of cooking immediately, they take a 6-minute break to watch a tablet (ev_085), indicating a habit of taking entertainment breaks during long household tasks.",worker_12,2026-02-28,accepted,global_json_list
egomonth_qa_000595,013,013,013_0038,013/013_0038.mp4,videos/013/013_0038.mp4,false,event_counting,Event Counting,Level 3: Cascading Reasoning,"<013_0038.mp4>How many distinct, unrelated events does the user engage in while located in the living room?",A.1,B.2,C.3,D.4,C,ev_082|ev_083|ev_085,,"In the living room, the user performs three distinct actions: eating a banana (ev_082), unpacking a parcel (ev_083), and watching a tablet (ev_085).",worker_12,2026-02-28,accepted,global_json_list
egomonth_qa_000596,013,013,013_0038,013/013_0038.mp4,videos/013/013_0038.mp4,false,self_localization,Self-Localization,Level 2: Episodic Indexing,<013_0038.mp4>Where is the user located when the video reaches the 35:00 timestamp?,A.Kitchen,B.Living room,C.Bedroom,D.Bathroom,B,ev_085,,"At 35:00, the user is watching the tablet (ev_085), an event that occurs in the living room.",worker_12,2026-02-28,accepted,global_json_list
egomonth_qa_000597,013,013,013_0038,013/013_0038.mp4,videos/013/013_0038.mp4,false,object_location,Object Location,Level 2: Episodic Indexing,<013_0038.mp4>Where is the tablet specifically placed or held when the user interacts with it?,A.Kitchen counter,B.Living room,C.Bedroom nightstand,D.Dining table,B,ev_085,0038_obj_tablet_01,"During the event of watching the tablet (ev_085), the tablet is located with the user in the living room.",worker_12,2026-02-28,accepted,global_json_list
egomonth_qa_000598,013,013,013_0038,013/013_0038.mp4,videos/013/013_0038.mp4,false,detail_retrieval,Detail Retrieval,Level 2: Episodic Indexing,<013_0038.mp4>What specific fruit is the user eating at the very beginning of the video?,A.Apple,B.Orange,C.Banana,D.Grapes,C,ev_082,0038_obj_banana_01,"In the first event (ev_082) from 0:00 to 3:20, the user is seen eating a banana.",worker_12,2026-02-28,accepted,global_json_list
egomonth_qa_000599,013,013,013_0039,013/013_0039.mp4,videos/013/013_0039.mp4,false,temporal_ordering,Temporal Ordering,Level 2: Episodic Indexing,<013_0039.mp4>Did the user wash the dishes before or after cooking the meal?,A.Before cooking,B.After cooking,C.At the same time,D.The user did not wash dishes,B,ev_088|ev_089,,"The cooking process (ev_088) finishes at 12:37, and the dishwashing (ev_089) begins later at 14:22.",worker_12,2026-02-28,accepted,global_json_list
egomonth_qa_000600,013,013,013_0039,013/013_0039.mp4,videos/013/013_0039.mp4,false,procedure_planning,Procedure Planning,Level 3: Cascading Reasoning,<013_0039.mp4>What is the sequence of the user's chores presented in the video?,"A.Cooking a meal, throwing trash, washing dishes","B.Throwing trash, cooking a meal, washing dishes","C.Washing dishes, cooking a meal, throwing trash","D.Cooking a meal, washing dishes, throwing trash",D,ev_088|ev_089|ev_090,,"The video displays a continuous process: the user first cooks (ev_088), then washes the dishes (ev_089), and finally takes the trash outside (ev_090).",worker_12,2026-02-28,accepted,global_json_list
egomonth_qa_000601,013,013,013_0039,013/013_0039.mp4,videos/013/013_0039.mp4,false,habit_inference,Habit Inference,Level 1: Schema Consolidation,"<013_0039.mp4>Based on the user's sequence of actions after the meal, what habit do they demonstrate?",A.Leaving dirty dishes in the sink overnight,B.Completing the full kitchen cleanup including taking out the trash after meals,C.Asking someone else to throw the garbage,D.Only cleaning up right before the next meal,B,ev_089|ev_090,,"The user washes the dishes (ev_089) and then directly follows up by taking the trash outside (ev_090), which indicates a strong habit of finishing the entire kitchen cleanup process in one go.",worker_12,2026-02-28,accepted,global_json_list
egomonth_qa_000602,013,013,013_0039,013/013_0039.mp4,videos/013/013_0039.mp4,false,event_time,Event Time,Level 2: Episodic Indexing,<013_0039.mp4>At what exact time does the user finish the dishwashing task?,A.12:37,B.14:22,C.20:16,D.26:07,C,ev_089,,The event of washing dishes (ev_089) is recorded to end at the 20:16 mark of the video.,worker_12,2026-02-28,accepted,global_json_list
egomonth_qa_000603,013,013,013_0041,013/013_0041.mp4,videos/013/013_0041.mp4,false,procedure_planning,Procedure Planning,Level 3: Cascading Reasoning,<013_0041.mp4>What is the sequence of tasks the user performs in the kitchen?,"A.Cutting pumpkin, washing vegetables, steaming pumpkin, tidying up","B.Cutting pumpkin, steaming pumpkin, washing vegetables, tidying up","C.Washing vegetables, cutting pumpkin, steaming pumpkin, tidying up","D.Tidying up, cutting pumpkin, washing vegetables, steaming pumpkin",B,ev_091|ev_092|ev_093|ev_094,,"The user first cuts the pumpkin (ev_091), steams it (ev_092), then washes vegetables (ev_093), and finally tidies up the kitchen (ev_094).",worker_12,2026-02-28,accepted,global_json_list
egomonth_qa_000604,013,013,013_0041,013/013_0041.mp4,videos/013/013_0041.mp4,false,temporal_ordering,Temporal Ordering,Level 2: Episodic Indexing,<013_0041.mp4>Does the user wash the vegetables before or after steaming the pumpkin?,A.Before steaming the pumpkin,B.After steaming the pumpkin,C.At the same time,D.The user does not wash vegetables,B,ev_092|ev_093,,"Steaming the pumpkin (ev_092) ends at 8:37, and the user begins washing the vegetables (ev_093) later at 8:51.",worker_12,2026-02-28,accepted,global_json_list
egomonth_qa_000605,013,013,013_0041,013/013_0041.mp4,videos/013/013_0041.mp4,false,habit_inference,Habit Inference,Level 1: Schema Consolidation,"<013_0041.mp4>Based on the user's sequence of actions, what habit do they exhibit right after finishing the food preparation tasks?",A.Leaving the kitchen immediately,B.Eating the food right away,C.Tidying up the workspace immediately after finishing food preparation,D.Cooking another meal,C,ev_093|ev_094,,"Right after finishing the last food preparation task (washing vegetables, ev_093), the user transitions directly into tidying up the kitchen (ev_094), showing a 'clean-as-you-go' or immediate cleanup habit.",worker_12,2026-02-28,accepted,global_json_list
egomonth_qa_000606,013,013,013_0041,013/013_0041.mp4,videos/013/013_0041.mp4,false,object_location,Object Location,Level 2: Episodic Indexing,<013_0041.mp4>Where are the vegetables located while the user is washing them?,A.On the cutting board,B.In the refrigerator,C.In the kitchen sink,D.In the steamer,C,ev_093,0041_obj_vegetables_01,"During the washing event (ev_093), the vegetables are placed in the kitchen sink.",worker_12,2026-02-28,accepted,global_json_list
egomonth_qa_000607,013,013,013_0041,013/013_0041.mp4,videos/013/013_0041.mp4,false,event_time,Event Time,Level 2: Episodic Indexing,<013_0041.mp4>At what time does the user finish the steaming process for the pumpkin?,A.4:00,B.8:37,C.11:10,D.17:30,B,ev_092,,The event of steaming the pumpkin (ev_092) officially ends at exactly 8:37.,worker_12,2026-02-28,accepted,global_json_list
egomonth_qa_000608,013,013,013_0044,013/013_0044.mp4,videos/013/013_0044.mp4,false,temporal_ordering,Temporal Ordering,Level 2: Episodic Indexing,<013_0044.mp4>Does the user cook the meal before or after throwing away the trash?,A.Before throwing away the trash,B.After throwing away the trash,C.They occur exactly at the same time,D.The user does not cook in the video,A,ev_096|ev_097,,"Cooking the meal (ev_096) concludes at 2:20, and the user goes out to throw the trash (ev_097) much later at 6:25.",worker_12,2026-02-28,accepted,global_json_list
egomonth_qa_000609,013,013,013_0044,013/013_0044.mp4,videos/013/013_0044.mp4,false,procedure_planning,Procedure Planning,Level 3: Cascading Reasoning,<013_0044.mp4>What is the logical sequence of the user's preparations and actions for going out?,"A.Throwing trash, packing things, riding the electric bike","B.Packing things, throwing trash, riding the electric bike","C.Riding the electric bike, throwing trash, packing things","D.Packing things, riding the electric bike, throwing trash",B,ev_095|ev_097|ev_098,,"The user prepares by packing their things (ev_095), then heads outside to throw the trash (ev_097), and finally departs by riding the electric bike (ev_098).",worker_12,2026-02-28,accepted,global_json_list
egomonth_qa_000610,013,013,013_0044,013/013_0044.mp4,videos/013/013_0044.mp4,false,habit_inference,Habit Inference,Level 1: Schema Consolidation,"<013_0044.mp4>Based on the user's actions when leaving the house, what habit can be inferred?",A.Forgetting their keys when going out,B.Taking out the trash when going out,C.Checking the mail before leaving,D.Cleaning the living room every time before leaving,B,ev_095|ev_097|ev_098,,"The user packs their belongings to go out (ev_095) and takes the trash with them to throw away (ev_097) right before riding their bike away (ev_098), showing a 'taking out the trash when going out' habit.",worker_12,2026-02-28,accepted,global_json_list
egomonth_qa_000611,013,013,013_0044,013/013_0044.mp4,videos/013/013_0044.mp4,false,event_counting,Event Counting,Level 3: Cascading Reasoning,<013_0044.mp4>How many distinct events take place outdoors in this video?,A.1,B.2,C.3,D.4,B,ev_097|ev_098,,There are exactly two outdoor events shown: throwing away the trash (ev_097) and riding the electric bike (ev_098).,worker_12,2026-02-28,accepted,global_json_list
egomonth_qa_000612,013,013,013_0044,013/013_0044.mp4,videos/013/013_0044.mp4,false,self_localization,Self-Localization,Level 2: Episodic Indexing,<013_0044.mp4>Where is the user located at the timestamp 7:00?,A.Living room,B.Kitchen,C.Outdoor,D.Bedroom,C,ev_097,,"At 7:00, the user is in the middle of throwing away the trash (ev_097, 6:25-8:05), which occurs outdoors.",worker_12,2026-02-28,accepted,global_json_list
egomonth_qa_000613,013,013,013_0045,013/013_0045.mp4,videos/013/013_0045.mp4,false,procedure_planning,Procedure Planning,Level 3: Cascading Reasoning,<013_0045.mp4>What is the sequence of physical actions the user performs in the living room?,"A.Tidying the table, operating the computer, pouring water","B.Pouring water, operating the computer, tidying the table","C.Pouring water, tidying the table, operating the computer","D.Operating the computer, pouring water, tidying the table",C,ev_100|ev_101|ev_102,,"The user starts by pouring water (ev_100), then proceeds to tidy the table (ev_101), and finally sits down to operate the computer (ev_102).",worker_12,2026-02-28,accepted,global_json_list
egomonth_qa_000614,013,013,013_0045,013/013_0045.mp4,videos/013/013_0045.mp4,false,temporal_ordering,Temporal Ordering,Level 2: Episodic Indexing,<013_0045.mp4>Did the user pour water before or after tidying the table?,A.Before tidying the table,B.After tidying the table,C.Exactly at the same time,D.The user did not pour water,A,ev_100|ev_101,,"The event of pouring water (ev_100) concludes at 0:30, which is before the user starts tidying the table (ev_101) at 0:39.",worker_12,2026-02-28,accepted,global_json_list
egomonth_qa_000615,013,013,013_0045,013/013_0045.mp4,videos/013/013_0045.mp4,false,habit_inference,Habit Inference,Level 1: Schema Consolidation,"<013_0045.mp4>Based on the user's combined actions of listening to a podcast while working and tidying, what habit can be inferred?",A.Needing complete silence to focus on operating the computer,B.Multitasking by listening to audio content while performing chores and computer work,C.Only listening to podcasts when trying to fall asleep,D.Disliking digital devices,B,ev_099|ev_101|ev_102,,"The podcast audio (ev_099) plays continuously throughout the entire video, overlapping with both the manual chore of tidying (ev_101) and the mental task of operating the computer (ev_102), demonstrating a habit of multitasking with audio media.",worker_12,2026-02-28,accepted,global_json_list
egomonth_qa_000616,013,013,013_0045,013/013_0045.mp4,videos/013/013_0045.mp4,false,object_location,Object Location,Level 2: Episodic Indexing,<013_0045.mp4>Where is the computer placed when the user is operating it?,A.On the sofa,B.On the table in the living room,C.On the floor,D.On a kitchen counter,B,ev_102,0045_obj_computer_01,"During the event of operating the computer (ev_102), the computer is situated on the living room table that was previously tidied.",worker_12,2026-02-28,accepted,global_json_list
egomonth_qa_000617,013,013,013_0046,013/013_0046.mp4,videos/013/013_0046.mp4,false,temporal_ordering,Temporal Ordering,Level 2: Episodic Indexing,<013_0046.mp4>Which event occurs immediately after the user stops operating the computer for the first time?,A.Washing dishes,B.Eating pizza,C.Picking up the takeout,D.Going to sleep,C,ev_103|ev_104,,The user stops operating the computer initially at 7:13 (ev_103) to go pick up the takeout at 7:16 (ev_104).,worker_12,2026-02-28,accepted,global_json_list
egomonth_qa_000618,013,013,013_0046,013/013_0046.mp4,videos/013/013_0046.mp4,false,procedure_planning,Procedure Planning,Level 3: Cascading Reasoning,<013_0046.mp4>What is the sequence of the user's activities in the video?,"A.Picking up takeout, eating pizza, operating computer","B.Operating computer, eating pizza, picking up takeout","C.Operating computer, picking up takeout, eating pizza while operating computer","D.Eating pizza while operating computer, picking up takeout, operating computer",C,ev_103|ev_104|ev_105,,"The video follows a logical flow: working on the computer (ev_103), a brief interruption to get the takeout (ev_104), and then resuming computer work while eating the food (ev_105).",worker_12,2026-02-28,accepted,global_json_list
egomonth_qa_000619,013,013,013_0046,013/013_0046.mp4,videos/013/013_0046.mp4,false,detail_retrieval,Detail Retrieval,Level 2: Episodic Indexing,<013_0046.mp4>What specific type of food did the user get from the takeout and consume while using the computer?,A.Hamburger,B.Pizza,C.Sushi,D.Fried chicken,B,ev_105,0046_obj_pizza_01,"During the event of eating and working (ev_105), it is clearly shown that the food the user is consuming is pizza.",worker_12,2026-02-28,accepted,global_json_list
egomonth_qa_000620,013,013,013_0046,013/013_0046.mp4,videos/013/013_0046.mp4,false,habit_inference,Habit Inference,Level 1: Schema Consolidation,"<013_0046.mp4>Based on the user's action immediately after getting the takeout, what habit can be inferred?",A.Eating at the dining table with full attention to the meal,B.Multitasking by eating meals while continuing to operate the computer,C.Storing food in the refrigerator to eat later,D.Going out to eat with friends,B,ev_104|ev_105,,"After receiving the food (ev_104), the user does not take a dedicated meal break. Instead, they immediately return to the computer and eat the pizza while operating it (ev_105), demonstrating a habit of multitasking or working/studying while eating.",worker_12,2026-02-28,accepted,global_json_list
egomonth_qa_000621,013,013,013_0047,013/013_0047.mp4,videos/013/013_0047.mp4,false,temporal_ordering,Temporal Ordering,Level 2: Episodic Indexing,<013_0047.mp4>Did the user pick up the parcels before or after throwing away the trash?,A.Before throwing away the trash,B.After throwing away the trash,C.They did not pick up any parcels,D.At exactly the same time,B,ev_106|ev_107,,"The user finishes throwing the trash (ev_106) at 2:13 and immediately after, begins the process of picking up the parcels (ev_107).",worker_12,2026-02-28,accepted,global_json_list
egomonth_qa_000622,013,013,013_0047,013/013_0047.mp4,videos/013/013_0047.mp4,false,procedure_planning,Procedure Planning,Level 3: Cascading Reasoning,<013_0047.mp4>What is the logical sequence of the user's outdoor errands in this video?,"A.Picking up parcels, then throwing away trash","B.Throwing away trash, then picking up parcels","C.Buying groceries, then picking up parcels","D.Throwing away trash, then buying groceries",B,ev_106|ev_107,,"The user's outdoor workflow consists of two consecutive steps: first disposing of the garbage (ev_106), followed immediately by retrieving packages from the courier station (ev_107).",worker_12,2026-02-28,accepted,global_json_list
egomonth_qa_000623,013,013,013_0047,013/013_0047.mp4,videos/013/013_0047.mp4,false,habit_inference,Habit Inference,Level 1: Schema Consolidation,"<013_0047.mp4>Based on the user completing both errands in a single trip outside, what behavioral habit do they demonstrate?",A.Forgetting items and needing to go back home frequently,B.Batching outdoor tasks together to improve efficiency and save time,C.Preferring to take multiple separate trips for each chore,D.Avoiding picking up parcels altogether,B,ev_106|ev_107,,"The events of throwing trash (ev_106) and picking up parcels (ev_107) happen back-to-back in a single outing, indicating a habit of batching errands to maximize time efficiency when leaving the house.",worker_12,2026-02-28,accepted,global_json_list
egomonth_qa_000624,013,013,013_0048,013/013_0048.mp4,videos/013/013_0048.mp4,false,temporal_ordering,Temporal Ordering,Level 2: Episodic Indexing,<013_0048.mp4>Which event happened earlier: cleaning the living room or throwing away the trash outside?,A.Throwing away the trash outside,B.Cleaning the living room,C.They occurred simultaneously,D.Neither of these events occurred,B,ev_109|ev_110,,"The user cleans the living room (ev_109) from 12:45 to 20:00, and later goes outside to throw the trash (ev_110) at 23:20.",worker_12,2026-02-28,accepted,global_json_list
egomonth_qa_000625,013,013,013_0048,013/013_0048.mp4,videos/013/013_0048.mp4,false,procedure_planning,Procedure Planning,Level 3: Cascading Reasoning,<013_0048.mp4>What is the sequence of the user's outdoor errands after leaving the house?,"A.Picking up parcels, throwing away trash, going home","B.Throwing away trash, going home, picking up parcels","C.Throwing away trash, picking up parcels, going home","D.Going home, throwing away trash, picking up parcels",C,ev_110|ev_111|ev_112,,"Once outside, the user first throws away the trash (ev_110), then heads to the courier station to pick up parcels (ev_111), and finally heads back home (ev_112).",worker_12,2026-02-28,accepted,global_json_list
egomonth_qa_000626,013,013,013_0048,013/013_0048.mp4,videos/013/013_0048.mp4,false,habit_inference,Habit Inference,Level 1: Schema Consolidation,"<013_0048.mp4>Based on the sequence of indoor events, what habit does the user demonstrate after unpacking parcels?",A.Immediately going to sleep,B.Cleaning up the living room right after unpacking to clear the packaging mess,C.Unpacking more parcels outside,D.Starting to cook a meal right away,B,ev_108|ev_109,,"The user spends a long time unpacking parcels (ev_108) and almost immediately starts cleaning the living room (ev_109), which strongly implies a habit of cleaning up packaging debris promptly to maintain a tidy space.",worker_12,2026-02-28,accepted,global_json_list
egomonth_qa_000627,013,013,013_0048,013/013_0048.mp4,videos/013/013_0048.mp4,false,event_counting,Event Counting,Level 3: Cascading Reasoning,<013_0048.mp4>How many distinct indoor chores does the user complete before stepping outside?,A.1,B.2,C.3,D.4,B,ev_108|ev_109,,"Before going outside at 23:20, the user completes two distinct indoor chores: unpacking parcels (ev_108) and cleaning the living room (ev_109).",worker_12,2026-02-28,accepted,global_json_list
egomonth_qa_000628,013,013,013_0048,013/013_0048.mp4,videos/013/013_0048.mp4,false,self_localization,Self-Localization,Level 2: Episodic Indexing,<013_0048.mp4>Where is the user located at the timestamp 26:00?,A.Living room,B.Stairwell,C.Courier station,D.Kitchen,C,ev_111,,"At 26:00, the user is picking up parcels (ev_111, from 25:33 to 27:53), an event which takes place at the courier station.",worker_12,2026-02-28,accepted,global_json_list
egomonth_qa_000629,013,013,013_0048,013/013_0048.mp4,videos/013/013_0048.mp4,false,event_time,Event Time,Level 2: Episodic Indexing,<013_0048.mp4>At what time does the user finish unpacking the parcels in the living room?,A.12:37,B.12:45,C.20:00,D.23:20,A,ev_108,,The event of unpacking parcels (ev_108) concludes at exactly 12:37 in the video.,worker_12,2026-02-28,accepted,global_json_list
egomonth_qa_000630,013,013,013_0049,013/013_0049.mp4,videos/013/013_0049.mp4,false,procedure_planning,Procedure Planning,Level 3: Cascading Reasoning,<013_0049.mp4>What is the logical order of chores performed by the user in the living room?,"A.Tidying the table, ironing clothes, unpacking gift boxes","B.Unpacking gift boxes, ironing clothes, tidying the table","C.Unpacking gift boxes, tidying the table, ironing clothes","D.Ironing clothes, unpacking gift boxes, tidying the table",C,ev_113|ev_114|ev_115,,"The user starts with unpacking gift boxes (ev_113), then cleans the table (ev_114), and finally irons the clothes (ev_115).",worker_12,2026-02-28,accepted,global_json_list
egomonth_qa_000631,013,013,013_0049,013/013_0049.mp4,videos/013/013_0049.mp4,false,object_counting_global,Object Counting,Level 3: Cascading Reasoning,<013_0049.mp4>How many individual pieces of clothing does the user iron throughout the video?,A.1,B.2,C.3,D.4,B,ev_115,0049_obj_clothes_01,"During the ironing event (ev_115), the user is seen processing a total of two distinct garments.",worker_12,2026-02-28,accepted,global_json_list
egomonth_qa_000632,013,013,013_0049,013/013_0049.mp4,videos/013/013_0049.mp4,false,detail_retrieval,Detail Retrieval,Level 2: Episodic Indexing,<013_0049.mp4>What is the correct color sequence of the clothes the user irons?,"A.Grey first, then off-white","B.Off-white first, then grey",C.Both are grey,D.Both are off-white,B,ev_115,0049_obj_clothes_01,"In the ironing segment, the user first irons an off-white garment and then proceeds to iron a grey one.",worker_12,2026-02-28,accepted,global_json_list
egomonth_qa_000633,013,013,013_0049,013/013_0049.mp4,videos/013/013_0049.mp4,false,temporal_ordering,Temporal Ordering,Level 2: Episodic Indexing,<013_0049.mp4>Does the user start ironing the clothes before or after tidying the living room table?,A.Before,B.After,C.At the exact same time,D.The user does not iron clothes,B,ev_114|ev_115,,"Tidying the table (ev_114) ends at 17:46, and the ironing process (ev_115) begins later at 27:01.",worker_12,2026-02-28,accepted,global_json_list
egomonth_qa_000634,013,013,013_0050,013/013_0050.mp4,videos/013/013_0050.mp4,false,temporal_ordering,Temporal Ordering,Level 2: Episodic Indexing,<013_0050.mp4>Which event takes place first: the user carrying the parcel back home or picking it up?,A.Carrying the parcel back home,B.Picking up the parcel,C.Both events happen at the same time,D.Neither event occurs in the video,B,ev_116|ev_117,,The user first picks up the parcel (ev_116) from 0:00 to 3:34 and then starts carrying it home (ev_117) at 3:35.,worker_12,2026-02-28,accepted,global_json_list
egomonth_qa_000635,013,013,013_0050,013/013_0050.mp4,videos/013/013_0050.mp4,false,self_localization,Self-Localization,Level 2: Episodic Indexing,<013_0050.mp4>Where is the user located at the 6:30 timestamp of the video?,A.Courier station,B.Living room,C.Stairwell,D.Kitchen,C,ev_117,,"At 6:30, the user is in the middle of carrying the parcel home (ev_117), which is recorded as taking place in the stairwell.",worker_12,2026-02-28,accepted,global_json_list
egomonth_qa_000636,013,013,013_0051,013/013_0051.mp4,videos/013/013_0051.mp4,false,object_location,Object Location,Level 2: Episodic Indexing,<013_0051.mp4>Where is the user located while assembling the clothes hanger stand?,A.In the bedroom,B.In the living room,C.In the kitchen,D.In the bathroom,B,ev_118,0051_obj_stand_01,The assembly process takes place throughout the video in the living room area.,worker_12,2026-02-28,accepted,global_json_list
egomonth_qa_000637,013,013,013_0051,013/013_0051.mp4,videos/013/013_0051.mp4,false,event_time,Event Time,Level 2: Episodic Indexing,<013_0051.mp4>At what timestamp does the user successfully complete the installation of the clothes hanger stand?,A.10:00,B.15:30,C.20:00,D.27:00,D,ev_118,,"The recorded event for assembling the stand concludes at the 27:00 mark, indicating the completion of the task.",worker_12,2026-02-28,accepted,global_json_list
egomonth_qa_000638,013,013,013_0052,013/013_0052.mp4,videos/013/013_0052.mp4,false,temporal_ordering,Temporal Ordering,Level 2: Episodic Indexing,<013_0052.mp4>Which event happens first: the user taking ingredients from the refrigerator or the user's first cooking session?,A.Taking ingredients from the refrigerator,B.The first cooking session,C.They occur simultaneously,D.Neither happens,B,ev_120|ev_121,,"Counter-intuitively, the user's first cooking session (ev_120) occurs from 9:15 to 17:00, which is before they retrieve additional ingredients from the refrigerator (ev_121) at 18:10.",worker_12,2026-02-28,accepted,global_json_list
egomonth_qa_000639,013,013,013_0052,013/013_0052.mp4,videos/013/013_0052.mp4,false,procedure_planning,Procedure Planning,Level 3: Cascading Reasoning,<013_0052.mp4>What is the logical sequence of the user's kitchen chores and cooking process?,"A.Cooking, taking ingredients, washing dishes, cooking again","B.Washing dishes, cooking, taking ingredients, cooking again","C.Taking ingredients, washing dishes, cooking, cooking again","D.Washing dishes, taking ingredients, cooking, cooking again",B,ev_119|ev_120|ev_121|ev_122,,"The video shows a chronological flow: first washing dishes (ev_119), then beginning to cook (ev_120), interrupting to get more ingredients (ev_121), and finally resuming cooking (ev_122).",worker_12,2026-02-28,accepted,global_json_list
egomonth_qa_000640,013,013,013_0052,013/013_0052.mp4,videos/013/013_0052.mp4,false,event_counting,Event Counting,Level 3: Cascading Reasoning,<013_0052.mp4>How many distinct periods of cooking does the user perform in the video?,A.1,B.2,C.3,D.4,B,ev_120|ev_122,,"The user cooks from 9:15 to 17:00 (ev_120), pauses to get ingredients, and then has a second distinct cooking session from 21:00 to 22:45 (ev_122).",worker_12,2026-02-28,accepted,global_json_list
egomonth_qa_000641,013,013,013_0052,013/013_0052.mp4,videos/013/013_0052.mp4,false,habit_inference,Habit Inference,Level 1: Schema Consolidation,"<013_0052.mp4>Based on the user's initial actions before cooking, what hygiene habit do they display?",A.Washing hands before eating,B.Wiping the stove after cooking,C.Clearing the sink by washing dishes before starting a new cooking session,D.Leaving dirty dishes until the next day,C,ev_119|ev_120,,"Before starting the meal preparation (ev_120), the user spends nearly 9 minutes washing dishes (ev_119), indicating a habit of cleaning the workspace and sink prior to beginning a new cooking task.",worker_12,2026-02-28,accepted,global_json_list
egomonth_qa_000642,013,013,013_0052,013/013_0052.mp4,videos/013/013_0052.mp4,false,detail_retrieval,Detail Retrieval,Level 2: Episodic Indexing,<013_0052.mp4>Where does the user retrieve the additional ingredients from around the 18:20 mark?,A.The kitchen cabinet,B.The refrigerator,C.A grocery bag on the floor,D.The dining table,B,ev_121,0052_obj_refrigerator_01|0052_obj_ingredients_01,"During the event of gathering additional ingredients (ev_121), the user specifically takes them out of the kitchen refrigerator.",worker_12,2026-02-28,accepted,global_json_list
egomonth_qa_000643,013,013,013_0053,013/013_0053.mp4,videos/013/013_0053.mp4,false,procedure_planning,Procedure Planning,Level 3: Cascading Reasoning,<013_0053.mp4>What is the complete sequence of activities performed by the user in this video?,"A.Unpacking parcels, cooking, preparing ingredients, processing chicken wings","B.Unpacking parcels, preparing ingredients, cooking, processing chicken wings","C.Preparing ingredients, unpacking parcels, cooking, processing chicken wings","D.Unpacking parcels, preparing ingredients, processing chicken wings, cooking",B,ev_123|ev_124|ev_125|ev_126,,"The user first unpacks parcels (ev_123), moves to the kitchen to prep ingredients (ev_124), performs the main cooking session (ev_125), and finally processes chicken wings (ev_126).",worker_12,2026-02-28,accepted,global_json_list
egomonth_qa_000644,013,013,013_0053,013/013_0053.mp4,videos/013/013_0053.mp4,false,temporal_ordering,Temporal Ordering,Level 2: Episodic Indexing,<013_0053.mp4>Did the user process the chicken wings before or after the main cooking session?,A.Before the main cooking session,B.After the main cooking session,C.Exactly at the same time,D.The user did not process chicken wings,B,ev_125|ev_126,,"The main cooking session (ev_125) ends at 90:00, and the processing of the chicken wings (ev_126) occurs later, starting at 92:30.",worker_12,2026-02-28,accepted,global_json_list
egomonth_qa_000645,013,013,013_0053,013/013_0053.mp4,videos/013/013_0053.mp4,false,detail_retrieval,Detail Retrieval,Level 2: Episodic Indexing,<013_0053.mp4>What specific meat ingredient does the user process towards the end of the video?,A.Beef steak,B.Pork ribs,C.Chicken wings,D.Fish fillet,C,ev_126,0053_obj_chicken_wings_01,"In the final event of the video (ev_126), the user is specifically shown processing chicken wings.",worker_12,2026-02-28,accepted,global_json_list
egomonth_qa_000646,013,013,013_0053,013/013_0053.mp4,videos/013/013_0053.mp4,false,event_counting,Event Counting,Level 3: Cascading Reasoning,<013_0053.mp4>How many distinct food-related tasks does the user perform in the kitchen?,A.1,B.2,C.3,D.4,C,ev_124|ev_125|ev_126,,"Filtering out the living room task, the user performs exactly 3 distinct food-related tasks in the kitchen: preparing ingredients (ev_124), cooking (ev_125), and processing chicken wings (ev_126).",worker_12,2026-02-28,accepted,global_json_list
egomonth_qa_000647,013,013,013_0053,013/013_0053.mp4,videos/013/013_0053.mp4,false,self_localization,Self-Localization,Level 2: Episodic Indexing,<013_0053.mp4>Where is the user located during the first 6 minutes of the video?,A.Kitchen,B.Living room,C.Bedroom,D.Outdoor,B,ev_123,,"From 0:00 to 6:00, the user is unpacking parcels (ev_123), which takes place in the living room.",worker_12,2026-02-28,accepted,global_json_list
egomonth_qa_000648,013,013,013_0054,013/013_0054.mp4,videos/013/013_0054.mp4,false,procedure_planning,Procedure Planning,Level 3: Cascading Reasoning,<013_0054.mp4>What is the logical sequence of activities the user performs from home to the courier station?,"A.Sweeping, picking up a parcel, throwing trash","B.Throwing trash, sweeping, picking up a parcel","C.Sweeping, throwing trash, picking up a parcel","D.Picking up a parcel, throwing trash, sweeping",C,ev_127|ev_128|ev_129,,"The user first sweeps (ev_127), then goes out to dispose of trash (ev_128), and finally heads to the station to pick up a parcel (ev_129).",worker_12,2026-02-28,accepted,global_json_list
egomonth_qa_000649,013,013,013_0054,013/013_0054.mp4,videos/013/013_0054.mp4,false,temporal_ordering,Temporal Ordering,Level 2: Episodic Indexing,<013_0054.mp4>Did the user pick up the parcel before or after throwing away the trash?,A.Before,B.After,C.Simultaneously,D.The user did not throw trash,B,ev_128|ev_129,,The user finishes throwing trash (ev_128) at 7:06 and then picks up the parcel (ev_129) starting at 8:04.,worker_12,2026-02-28,accepted,global_json_list
egomonth_qa_000650,013,013,013_0054,013/013_0054.mp4,videos/013/013_0054.mp4,false,habit_inference,Habit Inference,Level 1: Schema Consolidation,"<013_0054.mp4>Based on the actions following the sweeping task, what habit do they demonstrate regarding waste management?",A.Leaving swept waste in a corner,B.Sweeping several times a day,C.Disposing of waste immediately after cleaning,D.Throwing trash before cleaning,C,ev_127|ev_128,,"After sweeping (ev_127), the user immediately prepares to and then does dispose of the trash (ev_128) outdoors, showing a habit of completing the waste removal process right after cleaning.",worker_12,2026-02-28,accepted,global_json_list
egomonth_qa_000651,013,013,013_0061,013/013_0061.mp4,videos/013/013_0061.mp4,false,procedure_planning,Procedure Planning,Level 3: Cascading Reasoning,<013_0061.mp4>What is the full chronological sequence of the kitchen tasks performed by the user?,"A.Cooking, preparing ingredients, washing dishes, tidying up","B.Preparing ingredients, cooking, washing dishes, tidying up","C.Washing dishes, preparing ingredients, cooking, tidying up","D.Preparing ingredients, washing dishes, cooking, tidying up",B,ev_130|ev_131|ev_132|ev_133,,"The user follows a standard workflow: starts with ingredient prep (ev_130), then cooking (ev_131), followed by cleanup which includes washing dishes (ev_132) and tidying the counter (ev_133).",worker_12,2026-02-28,accepted,global_json_list
egomonth_qa_000652,013,013,013_0061,013/013_0061.mp4,videos/013/013_0061.mp4,false,temporal_ordering,Temporal Ordering,Level 2: Episodic Indexing,<013_0061.mp4>Did the user tidy up the kitchen counter before or after washing the dishes?,A.Before washing the dishes,B.After washing the dishes,C.At the same time,D.The user did not tidy up the counter,B,ev_132|ev_133,,"The event of washing dishes (ev_132) ends at 57:46, and the tidying of the counter (ev_133) begins later at 58:00.",worker_12,2026-02-28,accepted,global_json_list
egomonth_qa_000653,013,013,013_0061,013/013_0061.mp4,videos/013/013_0061.mp4,false,habit_inference,Habit Inference,Level 1: Schema Consolidation,"<013_0061.mp4>Based on the user's continuous actions after cooking, what habit do they demonstrate regarding kitchen maintenance?",A.Leaving dishes in the sink for later,"B.Performing a complete cleanup, including dishes and surfaces, immediately after cooking",C.Only cleaning the surfaces without washing dishes,D.Cooking and then immediately eating without cleaning,B,ev_131|ev_132|ev_133,,"Following the cooking session, the user moves directly to washing dishes and then tidying the counter, showing a habit of immediate and thorough kitchen cleanup post-meal preparation.",worker_12,2026-02-28,accepted,global_json_list
egomonth_qa_000654,013,013,013_0061,013/013_0061.mp4,videos/013/013_0061.mp4,false,object_location,Object Location,Level 2: Episodic Indexing,<013_0061.mp4>Where are the dishes located during the washing process around the 50-minute mark?,A.On the dining table,B.In the dishwasher,C.In the kitchen sink,D.In the kitchen cabinet,C,ev_132,0061_obj_dishes_01,"During the event of washing dishes, the dishes are specifically located in the kitchen sink.",worker_12,2026-02-28,accepted,global_json_list
egomonth_qa_000655,013,013,013_0061,013/013_0061.mp4,videos/013/013_0061.mp4,false,event_time,Event Time,Level 2: Episodic Indexing,<013_0061.mp4>At what time does the user finish the dishwashing event?,A.40:39,B.44:27,C.57:46,D.65:00,C,ev_132,,The event of washing dishes (ev_132) concludes at exactly 57:46.,worker_12,2026-02-28,accepted,global_json_list
egomonth_qa_000656,013,013,013_0062,013/013_0062.mp4,videos/013/013_0062.mp4,false,procedure_planning,Procedure Planning,Level 3: Cascading Reasoning,<013_0062.mp4>What is the logical sequence of cleaning tasks performed by the user?,"A.Organizing kitchen, washing dishes, sweeping living room","B.Washing dishes, organizing kitchen, sweeping living room","C.Sweeping living room, washing dishes, organizing kitchen","D.Washing dishes, sweeping living room, organizing kitchen",B,ev_135|ev_136|ev_137,,"The user starts by washing dishes (ev_135), then organizes kitchen items (ev_136), and finally moves to the living room to sweep (ev_137).",worker_12,2026-02-28,accepted,global_json_list
egomonth_qa_000657,013,013,013_0062,013/013_0062.mp4,videos/013/013_0062.mp4,false,temporal_ordering,Temporal Ordering,Level 2: Episodic Indexing,<013_0062.mp4>Does the user sweep the living room before or after finishing tasks in the kitchen?,A.Before,B.After,C.Simultaneously,D.The user does not sweep the living room,B,ev_136|ev_137,,"Kitchen tasks conclude at 25:04 (ev_136), and the user begins sweeping the living room (ev_137) at 26:38.",worker_12,2026-02-28,accepted,global_json_list
egomonth_qa_000658,013,013,013_0062,013/013_0062.mp4,videos/013/013_0062.mp4,false,habit_inference,Habit Inference,Level 1: Schema Consolidation,"<013_0062.mp4>Based on the user's activities, what multitasking habit do they exhibit while doing housework?",A.Watching TV while cleaning,B.Listening to audio content (podcast) while performing manual chores,C.Talking on the phone while washing dishes,D.Cooking while sweeping,B,ev_134|ev_135|ev_137,,"The podcast audio (ev_134) overlaps with every physical task (washing, organizing, sweeping), showing a consistent habit of audio multitasking during house maintenance.",worker_12,2026-02-28,accepted,global_json_list
egomonth_qa_000659,013,013,013_0062,013/013_0062.mp4,videos/013/013_0062.mp4,false,self_localization,Self-Localization,Level 2: Episodic Indexing,"<013_0062.mp4>At the 27:30 timestamp, which room is the user currently cleaning?",A.Kitchen,B.Bedroom,C.Living room,D.Bathroom,C,ev_137,,"At 27:30, the user is in the middle of sweeping (ev_137), which takes place in the living room.",worker_12,2026-02-28,accepted,global_json_list
egomonth_qa_000660,013,013,013_0063,013/013_0063.mp4,videos/013/013_0063.mp4,false,temporal_ordering,Temporal Ordering,Level 2: Episodic Indexing,<013_0063.mp4>Does the user go outside to throw away the trash before or after being busy inside the house?,A.Before,B.After,C.Simultaneously,D.The user did not go outside,A,ev_138|ev_139,,"The user is seen throwing away trash (ev_138) from 0:00 to 3:29, and then returns to be busy inside (ev_139) starting at 5:00.",worker_12,2026-02-28,accepted,global_json_list
egomonth_qa_000661,013,013,013_0063,013/013_0063.mp4,videos/013/013_0063.mp4,false,self_localization,Self-Localization,Level 2: Episodic Indexing,<013_0063.mp4>Where is the user located at the 8:00 mark of the video?,A.Outdoor,B.Stairwell,C.Inside the house,D.Courier station,C,ev_139,,"At 8:00, the user is within the time range of being busy inside the house (ev_139, 5:00-11:50).",worker_12,2026-02-28,accepted,global_json_list
egomonth_qa_000662,013,013,013_0064,013/013_0064.mp4,videos/013/013_0064.mp4,false,procedure_planning,Procedure Planning,Level 3: Cascading Reasoning,<013_0064.mp4>What is the sequence of the physical tasks the user performs in the video?,"A.Combing hair, organizing clothes, tidying the desk","B.Organizing clothes, tidying the desk, combing hair","C.Organizing clothes, combing hair, tidying the desk","D.Tidying the desk, organizing clothes, combing hair",C,ev_141|ev_142|ev_143,,"The user starts by organizing clothes (ev_141), then moves to the living room to comb their hair (ev_142), and finally tidies the desk (ev_143).",worker_12,2026-02-28,accepted,global_json_list
egomonth_qa_000663,013,013,013_0064,013/013_0064.mp4,videos/013/013_0064.mp4,false,temporal_ordering,Temporal Ordering,Level 2: Episodic Indexing,<013_0064.mp4>Did the user comb their hair before or after tidying the desk?,A.Before tidying the desk,B.After tidying the desk,C.At the same time,D.The user did not tidy the desk,A,ev_142|ev_143,,"The user combs their hair (ev_142) ending at 15:06, which occurs before they start tidying the desk (ev_143) at 16:40.",worker_12,2026-02-28,accepted,global_json_list
egomonth_qa_000664,013,013,013_0064,013/013_0064.mp4,videos/013/013_0064.mp4,false,habit_inference,Habit Inference,Level 1: Schema Consolidation,"<013_0064.mp4>Based on the user's overall activities in the video, what habit do they exhibit?",A.Watching television while getting ready,B.Listening to music continuously while moving between rooms to perform chores and personal grooming,C.Eating snacks while organizing the room,D.Only cleaning the room in complete silence,B,ev_140|ev_141|ev_142|ev_143,,"The user has background music playing continuously (ev_140) overlapping with physical tasks across different rooms: organizing clothes in the bedroom (ev_141), then combing hair (ev_142) and tidying the desk (ev_143) in the living room, showing a habit of listening to music during routine activities.",worker_12,2026-02-28,accepted,global_json_list
egomonth_qa_000665,013,013,013_0064,013/013_0064.mp4,videos/013/013_0064.mp4,false,self_localization,Self-Localization,Level 2: Episodic Indexing,<013_0064.mp4>Where is the user located when they are combing their hair at 14:00?,A.Kitchen,B.Bedroom,C.Living room,D.Bathroom,C,ev_142,,"At the 14:00 mark, the user is in the process of combing their hair (ev_142), which takes place in the living room after they finished organizing clothes in the bedroom.",worker_12,2026-02-28,accepted,global_json_list
egomonth_qa_000666,013,013,013_0066,013/013_0066.mp4,videos/013/013_0066.mp4,false,procedure_planning,Procedure Planning,Level 3: Cascading Reasoning,<013_0066.mp4>What is the sequence of tasks the user performs after arriving home?,"A.Washing strawberries, sweeping, washing dishes","B.Washing dishes, sweeping, washing strawberries","C.Sweeping, washing dishes, washing strawberries","D.Washing dishes, washing strawberries, sweeping",B,ev_145|ev_146|ev_147,,"After arriving home, the user first washes dishes (ev_145), then sweeps the living room (ev_146), and finally washes strawberries (ev_147).",worker_12,2026-02-28,accepted,global_json_list
egomonth_qa_000667,013,013,013_0066,013/013_0066.mp4,videos/013/013_0066.mp4,false,temporal_ordering,Temporal Ordering,Level 2: Episodic Indexing,<013_0066.mp4>Did the user sweep the living room before or after washing the dishes?,A.Before,B.After,C.Simultaneously,D.The user did not sweep the floor,B,ev_145|ev_146,,"Washing dishes (ev_145) ends at 32:48, and the sweeping task (ev_146) begins later at 33:08.",worker_12,2026-02-28,accepted,global_json_list
egomonth_qa_000668,013,013,013_0066,013/013_0066.mp4,videos/013/013_0066.mp4,false,habit_inference,Habit Inference,Level 1: Schema Consolidation,"<013_0066.mp4>Based on the user's continuous household chores after returning home, what habit do they exhibit?",A.Laziness,B.Procrastination,C.Diligence in maintaining a clean home,D.Forgetfulness,C,ev_145|ev_146,,"The user immediately engages in washing dishes and sweeping the floor upon returning home, demonstrating a habit of diligence and care for home cleanliness.",worker_12,2026-02-28,accepted,global_json_list
egomonth_qa_000669,013,013,013_0066,013/013_0066.mp4,videos/013/013_0066.mp4,false,self_localization,Self-Localization,Level 2: Episodic Indexing,<013_0066.mp4>Where is the user located at the 3:00 mark of the video?,A.Kitchen,B.Living room,C.Stairwell,D.Bedroom,C,ev_144,,"At the 3:00 timestamp, the user is in the middle of the 'going upstairs' event (ev_144), which takes place in the stairwell.",worker_12,2026-02-28,accepted,global_json_list
egomonth_qa_000670,013,013,013_0066,013/013_0066.mp4,videos/013/013_0066.mp4,false,object_location,Object Location,Level 2: Episodic Indexing,<013_0066.mp4>Where are the strawberries located when the user is washing them?,A.In the living room,B.In the kitchen sink,C.In the bedroom,D.In the refrigerator,B,ev_147,0066_obj_strawberries_01,"During the event of washing strawberries (ev_147), the fruit is located in the kitchen area, specifically being washed in the sink.",worker_12,2026-02-28,accepted,global_json_list
egomonth_qa_000671,013,013,013_0067,013/013_0067.mp4,videos/013/013_0067.mp4,false,procedure_planning,Procedure Planning,Level 3: Cascading Reasoning,<013_0067.mp4>What is the chronological sequence of the user's outdoor errands in this video?,"A.Picking up parcels, throwing trash, going home","B.Throwing trash, picking up parcels, going home","C.Throwing trash, going home, picking up parcels","D.Going home, picking up parcels, throwing trash",B,ev_148|ev_149|ev_150,,"The user first goes downstairs to dispose of trash (ev_148), then heads to the courier station (ev_149), and finally returns home (ev_150).",worker_12,2026-02-28,accepted,global_json_list
egomonth_qa_000672,013,013,013_0067,013/013_0067.mp4,videos/013/013_0067.mp4,false,temporal_ordering,Temporal Ordering,Level 2: Episodic Indexing,<013_0067.mp4>Did the user pick up the parcels before or after throwing away the trash?,A.Before throwing away the trash,B.After throwing away the trash,C.Simultaneously,D.The user did not throw away trash,B,ev_148|ev_149,,"Throwing trash (ev_148) ends at 3:28, while picking up parcels (ev_149) starts later at 4:10.",worker_12,2026-02-28,accepted,global_json_list
egomonth_qa_000673,013,013,013_0067,013/013_0067.mp4,videos/013/013_0067.mp4,false,self_localization,Self-Localization,Level 2: Episodic Indexing,<013_0067.mp4>Where is the user located at the 6:00 timestamp of the video?,A.Stairwell,B.Living room,C.Courier station,D.Kitchen,C,ev_149,,"At 6:00, the user is within the time range of picking up parcels (ev_149, 4:10-9:06), which takes place at the courier station.",worker_12,2026-02-28,accepted,global_json_list
egomonth_qa_000674,013,013,013_0067,013/013_0067.mp4,videos/013/013_0067.mp4,false,habit_inference,Habit Inference,Level 1: Schema Consolidation,"<013_0067.mp4>Based on the errands performed, what habit does the user demonstrate when leaving the house?",A.Forgetting to take the trash out,B.Batching errands like throwing trash and picking up parcels in a single trip,C.Checking the mailbox every time,D.Only leaving the house for a single task at a time,B,ev_148|ev_149,,"The user performs both trash disposal and parcel retrieval in one continuous outdoor session, showing a habit of efficiency by batching tasks[cite: 9].",worker_12,2026-02-28,accepted,global_json_list
egomonth_qa_000675,013,013,013_0068,013/013_0068.mp4,videos/013/013_0068.mp4,false,procedure_planning,Procedure Planning,Level 3: Cascading Reasoning,<013_0068.mp4>What is the complete procedure of the sub-tasks the user performs while preparing ingredients?,"A.Boiling meat, processing ginger, steaming rice, cutting peppers, processing yam, cutting meat","B.Cutting meat, processing ginger, steaming rice, cutting peppers, processing yam, boiling meat","C.Steaming rice, processing ginger, cutting peppers, processing yam, boiling meat, cutting meat","D.Processing ginger, boiling meat, steaming rice, processing yam, cutting peppers, cutting meat",A,ev_152|ev_153|ev_154|ev_155|ev_156|ev_157,,"The user follows a specific order: boiling meat (ev_152), processing ginger (ev_153), steaming rice (ev_154), cutting peppers (ev_155), processing yam (ev_156), and finally cutting the meat (ev_157).",worker_12,2026-02-28,accepted,global_json_list
egomonth_qa_000676,013,013,013_0068,013/013_0068.mp4,videos/013/013_0068.mp4,false,temporal_ordering,Temporal Ordering,Level 2: Episodic Indexing,<013_0068.mp4>Did the user cut the meat into pieces before or after boiling it?,A.Before boiling it,B.After boiling it,C.At the same time,D.The user did not boil the meat,B,ev_152|ev_157,,"The user first boils the meat at the beginning of the video (ev_152) and much later, towards the end, cuts it into pieces (ev_157).",worker_12,2026-02-28,accepted,global_json_list
egomonth_qa_000677,013,013,013_0068,013/013_0068.mp4,videos/013/013_0068.mp4,false,habit_inference,Habit Inference,Level 1: Schema Consolidation,"<013_0068.mp4>Based on the temporal sequence of handling the meat, what culinary habit does the user exhibit?",A.Eating meat raw before cooking,B.Frying meat before boiling it,C.Parboiling or blanching whole meat to clean and set its shape before slicing it,D.Only cutting raw meat and never cooking it,C,ev_152|ev_157,,"The user starts by boiling the meat whole (ev_152) and leaves it to cool while preparing other items, only slicing it at the end (ev_157). This shows a common culinary habit of blanching/parboiling meat to clean it and firm it up for easier slicing.",worker_12,2026-02-28,accepted,global_json_list
egomonth_qa_000678,013,013,013_0068,013/013_0068.mp4,videos/013/013_0068.mp4,false,detail_retrieval,Detail Retrieval,Level 2: Episodic Indexing,<013_0068.mp4>How many different colors of peppers does the user cut during the preparation process?,A.2,B.3,C.4,D.5,B,ev_155,0068_obj_peppers_01,"During the pepper cutting event (ev_155), the user is specifically shown processing peppers of four distinct colors.",worker_12,2026-02-28,accepted,global_json_list
egomonth_qa_000679,013,013,013_0068,013/013_0068.mp4,videos/013/013_0068.mp4,false,event_counting,Event Counting,Level 3: Cascading Reasoning,<013_0068.mp4>How many distinct micro-tasks (sub-events) does the user execute to prepare all the ingredients?,A.4,B.5,C.6,D.7,C,ev_152|ev_153|ev_154|ev_155|ev_156|ev_157,,"Within the 27-minute prep phase, there are 6 distinct sub-tasks: boiling meat, processing ginger, steaming rice, cutting peppers, processing yam, and cutting meat.",worker_12,2026-02-28,accepted,global_json_list
egomonth_qa_000680,013,013,013_0068,013/013_0068.mp4,videos/013/013_0068.mp4,false,object_location,Object Location,Level 2: Episodic Indexing,<013_0068.mp4>Where is the yam located while the user is processing it?,A.In the sink,B.On the cutting board,C.In a frying pan,D.In the refrigerator,B,ev_156,0068_obj_yam_01,"While processing the yam (ev_156), the user handles it on the cutting board in the kitchen.",worker_12,2026-02-28,accepted,global_json_list
egomonth_qa_000681,013,013,013_0068,013/013_0068.mp4,videos/013/013_0068.mp4,false,event_time,Event Time,Level 2: Episodic Indexing,<013_0068.mp4>At what timestamp does the user finish steaming the rice?,A.3:16,B.5:45,C.8:46,D.18:14,C,ev_154,,The event of steaming the rice (ev_154) concludes at exactly 8:46.,worker_12,2026-02-28,accepted,global_json_list
egomonth_qa_000682,013,013,013_0069,013/013_0069.mp4,videos/013/013_0069.mp4,false,temporal_ordering,Temporal Ordering,Level 2: Episodic Indexing,<013_0069.mp4>Did the user stir-fry the dish before or after stewing the meat?,A.Before stewing the meat,B.After stewing the meat,C.At the exact same time,D.The user did not stir-fry any dish,A,ev_158|ev_159,,"The user completes the stir-frying process (ev_158) which ends at 11:00, and later begins the meat stewing process (ev_159) at 11:52.",worker_12,2026-02-28,accepted,global_json_list
egomonth_qa_000683,013,013,013_0069,013/013_0069.mp4,videos/013/013_0069.mp4,false,procedure_planning,Procedure Planning,Level 3: Cascading Reasoning,<013_0069.mp4>What is the logical cooking sequence demonstrated by the user in this video?,"A.Stewing meat, then stir-frying a dish","B.Stir-frying a dish, then stewing meat","C.Boiling water, then stewing meat","D.Stewing meat, then baking a cake",B,ev_158|ev_159,,The user follows a sequence of cooking first by stir-frying a dish (ev_158) and then proceeding to stew the meat (ev_159).,worker_12,2026-02-28,accepted,global_json_list
egomonth_qa_000684,013,013,013_0069,013/013_0069.mp4,videos/013/013_0069.mp4,false,habit_inference,Habit Inference,Level 1: Schema Consolidation,"<013_0069.mp4>Based on the user cooking multiple different dishes one after another, what culinary habit do they exhibit?",A.Eating raw food to save time,B.Preparing only one dish per meal,C.Cooking dishes sequentially to prepare a multi-course meal,D.Ordering takeout instead of cooking,C,ev_158|ev_159,,"By seamlessly transitioning from stir-frying a dish (ev_158) to stewing meat (ev_159), the user demonstrates the habit of sequential cooking to prepare a comprehensive, multi-course meal for dining.",worker_12,2026-02-28,accepted,global_json_list
egomonth_qa_000685,013,013,013_0070,013/013_0070.mp4,videos/013/013_0070.mp4,false,temporal_ordering,Temporal Ordering,Level 2: Episodic Indexing,<013_0070.mp4>Did the user stir-fry the meat before or after stir-frying the vegetables?,A.Before stir-frying the vegetables,B.After stir-frying the vegetables,C.At the exact same time,D.The user did not stir-fry meat,B,ev_160|ev_161,,"Stir-frying vegetables (ev_160) ends at 5:30, and the user begins stir-frying the meat (ev_161) immediately after at 5:35.",worker_12,2026-02-28,accepted,global_json_list
egomonth_qa_000686,013,013,013_0070,013/013_0070.mp4,videos/013/013_0070.mp4,false,procedure_planning,Procedure Planning,Level 3: Cascading Reasoning,<013_0070.mp4>What is the sequence of cooking tasks performed by the user in the kitchen?,"A.Stir-frying meat, then stir-frying vegetables","B.Stir-frying vegetables, then stir-frying meat","C.Boiling water, then stir-frying meat","D.Stir-frying vegetables, then washing dishes",B,ev_160|ev_161,,The user follows a two-step cooking process: first stir-frying vegetables (ev_160) and then stir-frying meat (ev_161).,worker_12,2026-02-28,accepted,global_json_list
egomonth_qa_000687,013,013,013_0070,013/013_0070.mp4,videos/013/013_0070.mp4,false,habit_inference,Habit Inference,Level 1: Schema Consolidation,"<013_0070.mp4>Based on the user's sequential cooking of different ingredients, what culinary habit do they demonstrate?",A.Cooking ingredients separately to prepare a complete meal,B.Mixing all ingredients at the very beginning,C.Preparing only one type of food for a meal,D.Using only raw ingredients without heat,A,ev_160|ev_161,,"By stir-frying vegetables and meat in distinct, consecutive sessions, the user shows a habit of systematic meal preparation[cite: 9].",worker_12,2026-02-28,accepted,global_json_list
egomonth_qa_000688,013,013,013_0071,013/013_0071.mp4,videos/013/013_0071.mp4,false,procedure_planning,Procedure Planning,Level 3: Cascading Reasoning,<013_0071.mp4>What is the logical order of the physical chores performed by the user?,"A.Unpacking parcels, washing dishes, sweeping","B.Washing dishes, unpacking parcels, sweeping","C.Sweeping, washing dishes, unpacking parcels","D.Washing dishes, sweeping, unpacking parcels",B,ev_162|ev_163|ev_164,,"The user starts in the kitchen washing dishes (ev_162), then moves to the living room to unpack parcels (ev_163), and ends by sweeping (ev_164).",worker_12,2026-02-28,accepted,global_json_list
egomonth_qa_000689,013,013,013_0071,013/013_0071.mp4,videos/013/013_0071.mp4,false,temporal_ordering,Temporal Ordering,Level 2: Episodic Indexing,<013_0071.mp4>Did the user sweep the floor before or after finishing unpacking the parcels?,A.Before,B.After,C.Simultaneously,D.The user did not sweep the floor,B,ev_163|ev_164,,"Unpacking (ev_163) ends at 20:31, and sweeping (ev_164) begins immediately after at 20:40.",worker_12,2026-02-28,accepted,global_json_list
egomonth_qa_000690,013,013,013_0071,013/013_0071.mp4,videos/013/013_0071.mp4,false,habit_inference,Habit Inference,Level 1: Schema Consolidation,"<013_0071.mp4>Based on the user's activities, what multitasking habit do they exhibit during chores?",A.Watching movies while cleaning,B.Listening to informative audio content like podcasts while performing manual labor,C.Talking on the phone while washing dishes,D.Cooking while sweeping the floor,B,ev_162|ev_163|ev_164|ev_165,,"The user listens to a podcast (ev_165) throughout the entire video while performing various physical tasks (ev_162, ev_163, ev_164).",worker_12,2026-02-28,accepted,global_json_list
egomonth_qa_000691,013,013,013_0071,013/013_0071.mp4,videos/013/013_0071.mp4,false,self_localization,Self-Localization,Level 2: Episodic Indexing,<013_0071.mp4>Where is the user located at the 5:00 timestamp of the video?,A.Living room,B.Kitchen,C.Bedroom,D.Bathroom,B,ev_162,,"At 5:00, the user is still in the middle of washing dishes (ev_162), which takes place in the kitchen.",worker_12,2026-02-28,accepted,global_json_list
egomonth_qa_000692,013,013,013_0072,013/013_0072.mp4,videos/013/013_0072.mp4,false,procedure_planning,Procedure Planning,Level 3: Cascading Reasoning,<013_0072.mp4>What is the chronological sequence of all the activities the user performs in the video?,"A.Cooking, washing dishes, boiling milk, washing the pot, organizing clothes","B.Cooking, washing the pot, washing dishes, boiling milk, organizing clothes","C.Organizing clothes, cooking, washing dishes, boiling milk, washing the pot","D.Cooking, washing dishes, organizing clothes, boiling milk, washing the pot",A,ev_166|ev_167|ev_168|ev_169|ev_170,,"The user sequentially cooks a meal (ev_166), washes the dishes (ev_167), boils milk (ev_168), washes the pot used for the milk (ev_169), and finally moves to organize clothes (ev_170).",worker_12,2026-02-28,accepted,global_json_list
egomonth_qa_000693,013,013,013_0072,013/013_0072.mp4,videos/013/013_0072.mp4,false,temporal_ordering,Temporal Ordering,Level 2: Episodic Indexing,<013_0072.mp4>Did the user wash the pot before or after boiling the milk?,A.Before boiling the milk,B.After boiling the milk,C.At the same time,D.The user did not wash the pot,B,ev_168|ev_169,,The user finishes boiling the milk at 55:48 (ev_168) and subsequently washes the pot starting at 59:08 (ev_169).,worker_12,2026-02-28,accepted,global_json_list
egomonth_qa_000694,013,013,013_0072,013/013_0072.mp4,videos/013/013_0072.mp4,false,habit_inference,Habit Inference,Level 1: Schema Consolidation,"<013_0072.mp4>Based on the user's workflow in the kitchen, what hygiene habit do they demonstrate?",A.Leaving dirty pots and dishes in the sink overnight,B.Cleaning utensils and cookware shortly after using them to prepare food or drinks,C.Only cleaning the kitchen once a week,D.Washing dishes before eating but leaving pots unwashed,B,ev_166|ev_167|ev_168|ev_169,,"The user cooks a meal and then washes the dishes. Later, they boil milk and shortly after wash the pot. This repeated pattern shows a strong habit of cleaning cookware and utensils immediately after their use.",worker_12,2026-02-28,accepted,global_json_list
egomonth_qa_000695,013,013,013_0072,013/013_0072.mp4,videos/013/013_0072.mp4,false,event_counting,Event Counting,Level 3: Cascading Reasoning,<013_0072.mp4>How many distinct cleaning or washing tasks does the user perform in the kitchen during the video?,A.1,B.2,C.3,D.4,B,ev_167|ev_169,,The user performs exactly two distinct cleaning tasks in the kitchen: washing the dishes (ev_167) and later washing the pot (ev_169).,worker_12,2026-02-28,accepted,global_json_list
egomonth_qa_000696,013,013,013_0072,013/013_0072.mp4,videos/013/013_0072.mp4,false,self_localization,Self-Localization,Level 2: Episodic Indexing,<013_0072.mp4>Where is the user located when they are organizing clothes at the 63:30 mark?,A.Kitchen,B.Living room,C.Bedroom,D.Bathroom,B,ev_170,,"At 63:30, the user is executing the task of organizing clothes (ev_170), which takes place in the living room, having left the kitchen.",worker_12,2026-02-28,accepted,global_json_list
egomonth_qa_000697,013,013,013_0072,013/013_0072.mp4,videos/013/013_0072.mp4,false,event_time,Event Time,Level 2: Episodic Indexing,<013_0072.mp4>At what timestamp does the user finish the task of washing dishes?,A.30:00,B.44:57,C.55:48,D.62:14,B,ev_167,,The event of washing the dishes (ev_167) ends precisely at 44:57 in the video.,worker_12,2026-02-28,accepted,global_json_list
egomonth_qa_000698,013,013,013_0073,013/013_0073.mp4,videos/013/013_0073.mp4,false,procedure_planning,Procedure Planning,Level 3: Cascading Reasoning,<013_0073.mp4>What is the sequence of tasks the user performs in the kitchen?,"A.Steaming rice, washing dishes, preparing meat","B.Washing dishes, steaming rice, preparing to cut meat","C.Preparing meat, steaming rice, washing dishes","D.Washing dishes, preparing meat, steaming rice",B,ev_171|ev_172|ev_173,,"The user starts with cleaning chores (ev_171), then begins cooking the staple food (ev_172), and finally moves to ingredient preparation (ev_173).",worker_12,2026-02-28,accepted,global_json_list
egomonth_qa_000699,013,013,013_0073,013/013_0073.mp4,videos/013/013_0073.mp4,false,temporal_ordering,Temporal Ordering,Level 2: Episodic Indexing,<013_0073.mp4>Did the user start steaming the rice before or after finishing the dishwashing?,A.Before,B.After,C.Simultaneously,D.The user did not wash dishes,B,ev_171|ev_172,,"Dishwashing (ev_171) ends at 18:00, and steaming rice (ev_172) begins later at 20:23.",worker_12,2026-02-28,accepted,global_json_list
egomonth_qa_000700,013,013,013_0073,013/013_0073.mp4,videos/013/013_0073.mp4,false,habit_inference,Habit Inference,Level 1: Schema Consolidation,"<013_0073.mp4>Based on the sequence of kitchen activities, what hygiene habit does the user demonstrate before starting to prepare food?",A.Leaving dirty dishes until after the meal,B.Clearing the sink and washing dishes before beginning food preparation,C.Preparing food in a cluttered kitchen,D.Washing the meat before washing the dishes,B,ev_171|ev_172|ev_173,,"The user spends a significant amount of time washing dishes (ev_171) to clear the sink before moving on to cooking (ev_172) and meat preparation (ev_173), showing a organized and clean cooking habit.",worker_12,2026-02-28,accepted,global_json_list
egomonth_qa_000701,013,013,013_0073,013/013_0073.mp4,videos/013/013_0073.mp4,false,object_location,Object Location,Level 2: Episodic Indexing,<013_0073.mp4>Where is the meat located during the final stage of the video?,A.In the sink,B.On the cutting board,C.In the pot,D.In the refrigerator,B,ev_173,0073_obj_meat_01,"In the final event (ev_173), the user is seen preparing the meat specifically on a cutting board.",worker_12,2026-02-28,accepted,global_json_list
egomonth_qa_000702,013,013,013_0074,013/013_0074.mp4,videos/013/013_0074.mp4,false,procedure_planning,Procedure Planning,Level 3: Cascading Reasoning,<013_0074.mp4>What is the sequence of the user's activities in the video?,"A.Serving rice, washing dishes, throwing trash, going home","B.Washing dishes, serving rice, throwing trash, going home","C.Washing dishes, throwing trash, serving rice, going home","D.Throwing trash, washing dishes, serving rice, going home",B,ev_174|ev_175|ev_176|ev_177,,"The user first washes dishes (ev_174), then serves rice (ev_175), followed by going out to throw away trash (ev_176), and finally returns home (ev_177).",worker_12,2026-02-28,accepted,global_json_list
egomonth_qa_000703,013,013,013_0074,013/013_0074.mp4,videos/013/013_0074.mp4,false,temporal_ordering,Temporal Ordering,Level 2: Episodic Indexing,<013_0074.mp4>Did the user go out to throw away the trash before or after serving the rice?,A.Before,B.After,C.Simultaneously,D.The user did not serve rice,B,ev_175|ev_176,,"Serving rice (ev_175) ends at 11:54, and the user goes out to throw away trash (ev_176) starting at 13:45.",worker_12,2026-02-28,accepted,global_json_list
egomonth_qa_000704,013,013,013_0074,013/013_0074.mp4,videos/013/013_0074.mp4,false,habit_inference,Habit Inference,Level 1: Schema Consolidation,"<013_0074.mp4>Based on the user's actions, what habit do they demonstrate regarding kitchen maintenance?",A.Leaving dirty dishes until the next day,B.Throwing trash before cleaning the kitchen,C.Clearing and washing dishes before preparing or serving food,D.Eating before washing any dishes,C,ev_174|ev_175,,"The user spends a significant amount of time washing dishes (ev_174) before they begin serving the rice (ev_175), indicating a habit of cleaning the kitchen space before handling food.",worker_12,2026-02-28,accepted,global_json_list
egomonth_qa_000705,013,013,013_0074,013/013_0074.mp4,videos/013/013_0074.mp4,false,self_localization,Self-Localization,Level 2: Episodic Indexing,<013_0074.mp4>Where is the user located at the 16:30 timestamp?,A.Kitchen,B.Outdoor,C.Stairwell,D.Living room,C,ev_177,,"At the 16:30 mark, the user is in the middle of the 'going home' event (ev_177), which takes place in the stairwell.",worker_12,2026-02-28,accepted,global_json_list
egomonth_qa_000706,013,013,013_0076,013/013_0076.mp4,videos/013/013_0076.mp4,false,procedure_planning,Procedure Planning,Level 3: Cascading Reasoning,<013_0076.mp4>What is the sequence of the user's activities in the kitchen between the 15:00 and 44:00 marks?,"A.Boiling meat, washing dishes, stir-frying a dish, washing the pot","B.Washing dishes, boiling meat, washing the pot, stir-frying a dish","C.Stir-frying a dish, washing the pot, boiling meat, washing dishes","D.Washing the pot, stir-frying a dish, washing dishes, boiling meat",A,ev_181|ev_182|ev_183|ev_184,,"In this middle segment, the user sequentially boils meat (ev_181), immediately washes dishes (ev_182), later stir-fries a dish (ev_183), and directly afterwards washes the wok/pot (ev_184).",worker_12,2026-02-28,accepted,global_json_list
egomonth_qa_000707,013,013,013_0076,013/013_0076.mp4,videos/013/013_0076.mp4,false,temporal_ordering,Temporal Ordering,Level 2: Episodic Indexing,<013_0076.mp4>Did the user wash the dishes before or after making the milkshake?,A.Before making the milkshake,B.After making the milkshake,C.At the same time,D.The user did not make a milkshake,B,ev_180|ev_182,,"The user makes the milkshake (ev_180) ending at 13:17, and the task of washing the dishes (ev_182) occurs later, starting at 19:14.",worker_12,2026-02-28,accepted,global_json_list
egomonth_qa_000708,013,013,013_0076,013/013_0076.mp4,videos/013/013_0076.mp4,false,habit_inference,Habit Inference,Level 1: Schema Consolidation,"<013_0076.mp4>Based on the alternating sequence of cooking and washing tasks, what kitchen habit does the user demonstrate?",A.Piling up all dirty dishes and pots to wash at the end of the day,B.Cleaning up immediately after completing a cooking step (cleaning as you go),C.Using disposable cookware to avoid washing entirely,D.Leaving the cleaning tasks for someone else,B,ev_181|ev_182|ev_183|ev_184,,"The user exhibits a clear pattern: after boiling meat (ev_181), they wash dishes (ev_182); after stir-frying (ev_183), they immediately wash the pot (ev_184). This indicates a highly efficient 'clean as you go' habit during meal preparation.",worker_12,2026-02-28,accepted,global_json_list
egomonth_qa_000709,013,013,013_0076,013/013_0076.mp4,videos/013/013_0076.mp4,false,event_counting,Event Counting,Level 3: Cascading Reasoning,<013_0076.mp4>How many distinct washing or cleaning tasks (involving food or utensils) does the user perform in the kitchen?,A.1,B.2,C.3,D.4,C,ev_179|ev_182|ev_184,,"The user performs 3 distinct washing tasks: washing strawberries (ev_179), washing dishes (ev_182), and washing the pot (ev_184).",worker_12,2026-02-28,accepted,global_json_list
egomonth_qa_000710,013,013,013_0076,013/013_0076.mp4,videos/013/013_0076.mp4,false,detail_retrieval,Detail Retrieval,Level 2: Episodic Indexing,<013_0076.mp4>What specific fruit did the user wash before making the milkshake?,A.Apples,B.Bananas,C.Blueberries,D.Strawberries,D,ev_179|ev_180,0076_obj_strawberries_01,"During the event from 5:08 to 7:20 (ev_179), the user is seen washing strawberries right before proceeding to make a milkshake (ev_180).",worker_12,2026-02-28,accepted,global_json_list
egomonth_qa_000711,013,013,013_0076,013/013_0076.mp4,videos/013/013_0076.mp4,false,self_localization,Self-Localization,Level 2: Episodic Indexing,<013_0076.mp4>Where is the user located during the first two minutes of the video?,A.Kitchen,B.Living room,C.Bedroom,D.Outdoor,B,ev_178,,"From 0:00 to 3:10, the user is unpacking parcels (ev_178), an event which takes place in the living room.",worker_12,2026-02-28,accepted,global_json_list
egomonth_qa_000712,013,013,013_0076,013/013_0076.mp4,videos/013/013_0076.mp4,false,object_location,Object Location,Level 2: Episodic Indexing,<013_0076.mp4>Where are the strawberries located when the user is washing them?,A.On the dining table,B.In the living room,C.In the kitchen sink,D.In the refrigerator,C,ev_179,0076_obj_strawberries_01,"During the event of washing strawberries (ev_179), the fruit is located in the kitchen sink.",worker_12,2026-02-28,accepted,global_json_list
egomonth_qa_000713,013,013,013_0076,013/013_0076.mp4,videos/013/013_0076.mp4,false,event_time,Event Time,Level 2: Episodic Indexing,<013_0076.mp4>At what exact timestamp does the user finish washing the pot?,A.13:17,B.26:40,C.42:17,D.43:04,D,ev_184,,The event of washing the pot (ev_184) concludes precisely at the 43:04 mark.,worker_12,2026-02-28,accepted,global_json_list
egomonth_qa_000714,013,013,013_0077,013/013_0077.mp4,videos/013/013_0077.mp4,false,procedure_planning,Procedure Planning,Level 3: Cascading Reasoning,<013_0077.mp4>What is the sequence of the user's activities in the kitchen?,"A.Washing dishes, washing a pot, processing a radish","B.Processing a radish, washing dishes, washing a pot","C.Washing a pot, processing a radish, washing dishes","D.Washing dishes, processing a radish, washing a pot",A,ev_186|ev_187|ev_188,,"The user starts by washing dishes (ev_186), then washes a pot (ev_187), and finally prepares a radish (ev_188).",worker_12,2026-02-28,accepted,global_json_list
egomonth_qa_000715,013,013,013_0077,013/013_0077.mp4,videos/013/013_0077.mp4,false,temporal_ordering,Temporal Ordering,Level 2: Episodic Indexing,<013_0077.mp4>Did the user process the radish before or after washing the pot?,A.Before,B.After,C.Simultaneously,D.The user did not wash a pot,B,ev_187|ev_188,,"Washing the pot (ev_187) ends at 27:09, while processing the radish (ev_188) begins at 28:39.",worker_12,2026-02-28,accepted,global_json_list
egomonth_qa_000716,013,013,013_0077,013/013_0077.mp4,videos/013/013_0077.mp4,false,event_counting,Event Counting,Level 3: Cascading Reasoning,<013_0077.mp4>How many distinct cleaning tasks (washing items) does the user perform in the kitchen?,A.1,B.2,C.3,D.4,B,ev_186|ev_187,,The user performs two separate cleaning events: washing dishes (ev_186) and washing a pot (ev_187).,worker_12,2026-02-28,accepted,global_json_list
egomonth_qa_000717,013,013,013_0077,013/013_0077.mp4,videos/013/013_0077.mp4,false,habit_inference,Habit Inference,Level 1: Schema Consolidation,"<013_0077.mp4>Based on the user's sequence of actions, what habit do they demonstrate regarding food preparation?",A.Processing food in a dirty environment,B.Cleaning the sink and utensils before starting to process fresh ingredients,C.Leaving all cleaning until the end of the day,D.Only washing items they just used for cooking,B,ev_186|ev_187|ev_188,,"The user spends significant time washing dishes and a pot (ev_186, ev_187) to clear the space before they begin preparing the radish (ev_188), demonstrating a habit of cleanliness prior to food prep.",worker_12,2026-02-28,accepted,global_json_list
egomonth_qa_000718,013,013,013_0078,013/013_0078.mp4,videos/013/013_0078.mp4,false,procedure_planning,Procedure Planning,Level 3: Cascading Reasoning,<013_0078.mp4>What is the logical sequence of the chores the user performs in this video?,"A.Washing dishes, ironing trousers, throwing trash, going home","B.Ironing trousers, washing dishes, throwing trash, going home","C.Washing dishes, throwing trash, ironing trousers, going home","D.Throwing trash, washing dishes, ironing trousers, going home",A,ev_189|ev_190|ev_191|ev_192,,"The user starts with kitchen cleaning (ev_189), moves to laundry care in the living room (ev_190), then heads out for trash disposal (ev_191), and finally returns home (ev_192).",worker_12,2026-02-28,accepted,global_json_list
egomonth_qa_000719,013,013,013_0078,013/013_0078.mp4,videos/013/013_0078.mp4,false,temporal_ordering,Temporal Ordering,Level 2: Episodic Indexing,<013_0078.mp4>Did the user iron the trousers before or after washing the dishes?,A.Before,B.After,C.Simultaneously,D.The user did not wash dishes,B,ev_189|ev_190,,"The dishwashing (ev_189) ends at 2:48, and the ironing task (ev_190) starts later at 5:14.",worker_12,2026-02-28,accepted,global_json_list
egomonth_qa_000720,013,013,013_0078,013/013_0078.mp4,videos/013/013_0078.mp4,false,habit_inference,Habit Inference,Level 1: Schema Consolidation,"<013_0078.mp4>Based on the user's continuous activities, what habit do they demonstrate regarding household maintenance?",A.Procrastinating on chores,B.Focusing only on kitchen tasks,"C.Batching diverse household chores (cleaning, laundry care, waste management) in a single period",D.Only cleaning the house once a week,C,ev_189|ev_190|ev_191,,"The user performs multiple different types of chores (cleaning, ironing, and trash disposal) consecutively, showing a habit of intensive, batched household maintenance.",worker_12,2026-02-28,accepted,global_json_list
egomonth_qa_000721,013,013,013_0078,013/013_0078.mp4,videos/013/013_0078.mp4,false,self_localization,Self-Localization,Level 2: Episodic Indexing,<013_0078.mp4>Where is the user located at the 20:00 mark of the video?,A.Kitchen,B.Living room,C.Stairwell,D.Outdoor,C,ev_192,,"At 20:00, the user is within the time range of 'going upstairs back home' (ev_192, 19:25-22:31), which takes place in the stairwell.",worker_12,2026-02-28,accepted,global_json_list
egomonth_qa_000722,013,013,013_0078,013/013_0078.mp4,videos/013/013_0078.mp4,false,event_time,Event Time,Level 2: Episodic Indexing,<013_0078.mp4>At what timestamp does the user finish ironing the trousers?,A.2:48,B.14:04,C.18:58,D.22:31,B,ev_190,,The event of ironing the trousers (ev_190) is shown to conclude at exactly 14:04.,worker_12,2026-02-28,accepted,global_json_list
egomonth_qa_000723,013,013,013_0079,013/013_0079.mp4,videos/013/013_0079.mp4,false,procedure_planning,Procedure Planning,Level 3: Cascading Reasoning,<013_0079.mp4>What is the full logical sequence of the user's outdoor trip in this video?,"A.Picking up a parcel, throwing trash, going home","B.Collecting trash, throwing trash, picking up a parcel, going home","C.Throwing trash, collecting trash, picking up a parcel, going home","D.Collecting trash, picking up a parcel, throwing trash, going home",B,ev_193|ev_194|ev_195|ev_196,,"The user starts by collecting trash (ev_193), then goes out to dispose of it (ev_194), proceeds to pick up a parcel (ev_195), and finally returns home (ev_196).",worker_12,2026-02-28,accepted,global_json_list
egomonth_qa_000724,013,013,013_0079,013/013_0079.mp4,videos/013/013_0079.mp4,false,temporal_ordering,Temporal Ordering,Level 2: Episodic Indexing,<013_0079.mp4>Did the user pick up the parcel before or after throwing away the trash?,A.Before,B.After,C.At the same time,D.The user did not throw away trash,B,ev_194|ev_195,,The user finishes throwing trash at 5:20 (ev_194) and starts picking up the parcel later at 6:52 (ev_195).,worker_12,2026-02-28,accepted,global_json_list
egomonth_qa_000725,013,013,013_0079,013/013_0079.mp4,videos/013/013_0079.mp4,false,habit_inference,Habit Inference,Level 1: Schema Consolidation,"<013_0079.mp4>Based on the errands performed, what habit does the user demonstrate when leaving the house?",A.Leaving the house only for a single task,B.Batching chores like disposing of trash and picking up parcels to maximize efficiency,C.Forgetting to bring the trash out when going to pick up a parcel,D.Only picking up parcels during the night,B,ev_194|ev_195,,"The user performs two distinct outdoor tasks (trash disposal and parcel pickup) in one continuous trip, exhibiting a habit of task-batching for efficiency[cite: 9].",worker_12,2026-02-28,accepted,global_json_list
egomonth_qa_000726,013,013,013_0079,013/013_0079.mp4,videos/013/013_0079.mp4,false,self_localization,Self-Localization,Level 2: Episodic Indexing,<013_0079.mp4>Where is the user located at the 14:00 mark of the video?,A.Living room,B.Outdoor station,C.Stairwell,D.Kitchen,C,ev_196,,"At 14:00, the user is in the middle of returning home via the stairwell (ev_196, 12:22-15:24).",worker_12,2026-02-28,accepted,global_json_list
egomonth_qa_000727,013,013,013_0080,013/013_0080.mp4,videos/013/013_0080.mp4,false,procedure_planning,Procedure Planning,Level 3: Cascading Reasoning,<013_0080.mp4>What is the logical order of the activities the user performs in this video?,"A.Unpacking parcels, then cleaning","B.Cleaning, then unpacking parcels",C.Cleaning and unpacking at the same time,D.The user did neither of these,B,ev_197|ev_198,,The user is first seen cleaning the living room (ev_197) and subsequently moves to unpacking parcels (ev_198).,worker_12,2026-02-28,accepted,global_json_list
egomonth_qa_000728,013,013,013_0080,013/013_0080.mp4,videos/013/013_0080.mp4,false,temporal_ordering,Temporal Ordering,Level 2: Episodic Indexing,<013_0080.mp4>Did the user unpack the parcels before or after the cleaning task?,A.Before,B.After,C.Simultaneously,D.The user did not clean,B,ev_197|ev_198,,"The cleaning event (ev_197) concludes at 6:57, and the unpacking (ev_198) begins immediately after at 7:00.",worker_12,2026-02-28,accepted,global_json_list
egomonth_qa_000729,013,013,013_0081,013/013_0081.mp4,videos/013/013_0081.mp4,false,procedure_planning,Procedure Planning,Level 3: Cascading Reasoning,<013_0081.mp4>What is the logical sequence of the user's activities in the video?,"A.Washing dishes, preparing ingredients, playing on the computer","B.Preparing ingredients, washing dishes, playing on the computer","C.Playing on the computer, washing dishes, preparing ingredients","D.Preparing ingredients, playing on the computer, washing dishes",B,ev_199|ev_200|ev_201,,"The user first performs kitchen prep (ev_199), followed by kitchen cleanup (ev_200), and finally moves to the study room for leisure (ev_201).",worker_12,2026-02-28,accepted,global_json_list
egomonth_qa_000730,013,013,013_0081,013/013_0081.mp4,videos/013/013_0081.mp4,false,temporal_ordering,Temporal Ordering,Level 2: Episodic Indexing,<013_0081.mp4>Did the user play on the computer before or after washing the dishes?,A.Before,B.After,C.Simultaneously,D.The user did not wash dishes,B,ev_200|ev_201,,"Washing dishes (ev_200) concludes at 16:47, while the computer session (ev_201) starts later at 20:09.",worker_12,2026-02-28,accepted,global_json_list
egomonth_qa_000731,013,013,013_0081,013/013_0081.mp4,videos/013/013_0081.mp4,false,habit_inference,Habit Inference,Level 1: Schema Consolidation,"<013_0081.mp4>Based on the user's behavior, what habit do they demonstrate regarding their daily routine?",A.Prioritizing leisure activities over household chores,B.Completing necessary household chores like food prep and cleaning before engaging in recreation,C.Multitasking by playing on the computer while washing dishes,D.Leaving chores unfinished to play on the computer,B,ev_199|ev_200|ev_201,,"The user consistently finishes their kitchen responsibilities (ev_199, ev_200) before transitioning to a leisure activity (ev_201), showing a disciplined habit of finishing work before play.",worker_12,2026-02-28,accepted,global_json_list
egomonth_qa_000732,013,013,013_0082,013/013_0082.mp4,videos/013/013_0082.mp4,false,procedure_planning,Procedure Planning,Level 3: Cascading Reasoning,<013_0082.mp4>What is the full logical sequence of the user's activities in this video?,"A.Organizing clothes, playing on tablet, washing dishes, unpacking parcels","B.Playing on tablet, organizing clothes, washing dishes, unpacking parcels","C.Washing dishes, playing on tablet, organizing clothes, unpacking parcels","D.Playing on tablet, unpacking parcels, organizing clothes, washing dishes",B,ev_202|ev_203|ev_204|ev_205,,"The user starts with leisure (ev_202), followed by organizing clothes (ev_203), then moves to kitchen chores (ev_204), and finally unpacks parcels (ev_205).",worker_12,2026-02-28,accepted,global_json_list
egomonth_qa_000733,013,013,013_0082,013/013_0082.mp4,videos/013/013_0082.mp4,false,temporal_ordering,Temporal Ordering,Level 2: Episodic Indexing,<013_0082.mp4>Did the user wash the dishes before or after organizing the clothes?,A.Before,B.After,C.Simultaneously,D.The user did not wash dishes,B,ev_203|ev_204,,"Organizing clothes (ev_203) ends at 3:30, and dishwashing (ev_204) begins later at 6:15.",worker_12,2026-02-28,accepted,global_json_list
egomonth_qa_000734,013,013,013_0082,013/013_0082.mp4,videos/013/013_0082.mp4,false,habit_inference,Habit Inference,Level 1: Schema Consolidation,"<013_0082.mp4>Based on the sequence of chores and unpacking, what habit does the user demonstrate regarding task priority?",A.Unpacking parcels immediately upon arrival,B.Completing cleaning tasks like dishwashing before opening new parcels,C.Leaving all chores until after all parcels are opened,D.Only doing leisure activities without chores,B,ev_204|ev_205,,"The user finishes the major chore of washing dishes (ev_204) before finally allowing themselves to unpack the parcels (ev_205), showing a habit of completing essential house maintenance before new acquisitions.",worker_12,2026-02-28,accepted,global_json_list
egomonth_qa_000735,013,013,013_0082,013/013_0082.mp4,videos/013/013_0082.mp4,false,self_localization,Self-Localization,Level 2: Episodic Indexing,<013_0082.mp4>Where is the user located at the 15:00 timestamp of the video?,A.Living room,B.Kitchen,C.Bedroom,D.Bathroom,B,ev_204,,"At 15:00, the user is in the middle of washing dishes (ev_204, 6:15-26:01), which takes place in the kitchen.",worker_12,2026-02-28,accepted,global_json_list
egomonth_qa_000736,013,013,013_0082,013/013_0082.mp4,videos/013/013_0082.mp4,false,object_location,Object Location,Level 2: Episodic Indexing,<013_0082.mp4>Where are the clothes located while the user is organizing them?,A.In the kitchen sink,B.On the coffee table in the living room,C.In the bedroom closet,D.On the sofa,B,ev_203,0082_obj_clothes_01,"During the organization event (ev_203), the clothes are handled on the coffee table within the living room area.",worker_12,2026-02-28,accepted,global_json_list
egomonth_qa_000737,013,013,013_0083,013/013_0083.mp4,videos/013/013_0083.mp4,false,procedure_planning,Procedure Planning,Level 3: Cascading Reasoning,<013_0083.mp4>What is the logical order of the activities the user performs in this video?,"A.Organizing the room, then preparing ingredients","B.Preparing ingredients, then organizing the room",C.Preparing ingredients and organizing at the same time,D.The user only prepared ingredients,B,ev_206|ev_207,,The user is first seen preparing ingredients (ev_206) and subsequently moves to organizing the room (ev_207).,worker_12,2026-02-28,accepted,global_json_list
egomonth_qa_000738,013,013,013_0083,013/013_0083.mp4,videos/013/013_0083.mp4,false,temporal_ordering,Temporal Ordering,Level 2: Episodic Indexing,<013_0083.mp4>Did the user organize the room before or after the ingredient preparation?,A.Before,B.After,C.Simultaneously,D.The user did not organize the room,B,ev_206|ev_207,,"The ingredient preparation (ev_206) ends at 6:04, and the organization task (ev_207) starts later at 9:18.",worker_12,2026-02-28,accepted,global_json_list
egomonth_qa_000739,013,013,013_0085,013/013_0085.mp4,videos/013/013_0085.mp4,false,procedure_planning,Procedure Planning,Level 3: Cascading Reasoning,<013_0085.mp4>What is the complete sequence of cleaning tasks the user performs in the kitchen sink area?,"A.Washing a pot, washing dishes, cleaning the sink","B.Washing dishes, cleaning the sink, washing a pot","C.Washing dishes, washing a pot, cleaning the sink","D.Cleaning the sink, washing dishes, washing a pot",C,ev_208|ev_209|ev_210,,"The user starts by washing small items (dishes, ev_208), then moves to a larger item (pot, ev_209), and finally cleans the workspace itself (sink, ev_210).",worker_12,2026-02-28,accepted,global_json_list
egomonth_qa_000740,013,013,013_0085,013/013_0085.mp4,videos/013/013_0085.mp4,false,temporal_ordering,Temporal Ordering,Level 2: Episodic Indexing,<013_0085.mp4>Did the user clean the sink before or after washing the pot?,A.Before,B.After,C.Simultaneously,D.The user did not clean the sink,B,ev_209|ev_210,,"Washing the pot (ev_209) ends at 11:17, and cleaning the sink (ev_210) begins shortly after at 11:43.",worker_12,2026-02-28,accepted,global_json_list
egomonth_qa_000741,013,013,013_0085,013/013_0085.mp4,videos/013/013_0085.mp4,false,event_counting,Event Counting,Level 3: Cascading Reasoning,<013_0085.mp4>How many distinct types of kitchen items or areas does the user wash in this video?,A.1,B.2,C.3,D.4,C,ev_208|ev_209|ev_210,,"The user performs three separate cleaning events: washing dishes (ev_208), washing a pot (ev_209), and cleaning the sink itself (ev_210).",worker_12,2026-02-28,accepted,global_json_list
egomonth_qa_000742,013,013,013_0085,013/013_0085.mp4,videos/013/013_0085.mp4,false,habit_inference,Habit Inference,Level 1: Schema Consolidation,"<013_0085.mp4>Based on the sequence of cleaning, what habit does the user demonstrate regarding kitchen maintenance?",A.Cleaning the sink first before washing anything,B.Deep cleaning the workspace (the sink) only after finishing all washing tasks,C.Washing only the dishes and leaving the pot dirty,D.Washing items in a random order without finishing,B,ev_208|ev_209|ev_210,,"The user follows a logical 'from small to large to workspace' habit: dishes first, then the pot, and only when the sink is empty do they scrub the sink itself (ev_210).",worker_12,2026-02-28,accepted,global_json_list
egomonth_qa_000743,014,014,014_0001,014/014_0001.mp4,videos/014/014_0001.mp4,false,direction_judgement,Direction Judgment,Level 3: Cascading Reasoning,<014_0001.mp4>Which way should I go to get to the kitchen if I'm at the bedroom door right now?,A.turn right,B.turn left,C.go straight,D.go back,A,ev_01,,The person go out the bedroom and on his left is the kitchen,worker_012,2026-3-1,accepted,global_json_list
egomonth_qa_000744,014,014,014_0001,014/014_0001.mp4,videos/014/014_0001.mp4,false,cross_view_spatial_reasoning,Cross-View Spatial Reasoning,Level 3: Cascading Reasoning,<014_0001.mp4>Where is the kitchen located relative to the bedroom?,A.back,B.left,C.right,D.front,B,ev_01,,The person go out the bedroom and on his left is the kitchen,worker_012,2026-3-1,accepted,global_json_list
egomonth_qa_000745,014,014,014_0001,014/014_0001.mp4,videos/014/014_0001.mp4,false,self_localization,Self-Localization,Level 2: Episodic Indexing,<014_0001.mp4>Where is the person at in 00:43 in this video,A.living room,B.kitchen,C.bathroom,D.bedroom,D,ev_02,,This person is making the bed,worker_012,2026-3-1,accepted,global_json_list
egomonth_qa_000746,014,014,014_0001,014/014_0001.mp4,videos/014/014_0001.mp4,false,self_localization,Self-Localization,Level 2: Episodic Indexing,<014_0001.mp4>Where is the person at in 00:43 in this video,A.living room,B.kitchen,C.bathroom,D.bedroom,D,ev_02,,This person is making the bed,worker_012,2026-3-1,accepted,global_json_list
egomonth_qa_000747,014,014,014_0001,014/014_0001.mp4,videos/014/014_0001.mp4,false,habit_inference,Habit Inference,Level 1: Schema Consolidation,<014_0001.mp4>Does the person in the video sometimes use mobile phone?,A.No,B.Don't know,C.Yes,D.Not sure,C,ev_03|ev_04,,This person is using his mobile phone,worker_012,2026-3-1,accepted,global_json_list
egomonth_qa_000748,014,014,014_0001,014/014_0001.mp4,videos/014/014_0001.mp4,false,cross_view_spatial_reasoning,Cross-View Spatial Reasoning,Level 3: Cascading Reasoning,<014_0001.mp4>Where is the balcony located?,A.It's next to the living room.,B.It's next to the bedroom.,C.It's next to the kitchen.,D.It's next to the washroom.,B,,,This person is walking in the bedroom and next to him is the balcony,worker_012,2026-3-1,accepted,global_json_list
egomonth_qa_000749,014,014,014_0001,014/014_0001.mp4,videos/014/014_0001.mp4,false,personality_inference,Personality Inference,Level 1: Schema Consolidation,<014_0001.mp4>Does the person in this video love playing computer games,A.Yes.,B.No.,C.Can't say.,D.Not sure.,A,ev_06|ev_07,,This person is playing computer games,worker_012,2026-3-1,accepted,global_json_list
egomonth_qa_000750,014,014,014_0001,014/014_0001.mp4,videos/014/014_0001.mp4,false,object_counting_global,Object Counting,Level 3: Cascading Reasoning,<014_0001.mp4>How many computers are there in total?,A.One.,B.Two.,C.Three.,D.Four.,B,ev_07,,This person is playing computer games,worker_012,2026-3-1,accepted,global_json_list
egomonth_qa_000751,014,014,014_0001,014/014_0001.mp4,videos/014/014_0001.mp4,false,object_counting_global,Object Counting,Level 3: Cascading Reasoning,<014_0001.mp4>The person is downstairs. Which direction should he go to get to the trash can?,A.To the right.,B.To the front.,C.To the back.,D.To the left.,D,ev_08,,This person goes out to throw rubbish,worker_012,2026-3-1,accepted,global_json_list
egomonth_qa_000752,014,014,014_0003,014/014_0003.mp4,videos/014/014_0003.mp4,false,object_location,Object Location,Level 2: Episodic Indexing,<014_0003.mp4>Where is the orange?,A.on the ground.,B.on the desk.,C.on the chair.,D.on the bed,B,ev_11,,orange on the desk,worker_012,2026-3-1,accepted,global_json_list
egomonth_qa_000753,014,014,014_0001,014/014_0001.mp4,videos/014/014_0001.mp4,false,route_reasoning,Route Reasoning,Level 3: Cascading Reasoning,<014_0001.mp4>The person is downstairs. Which direction should he go to get to the trash can?,"A.Go downstairs first, walk straight to the left, then go downstairs again. Turn right at the first intersection, and turn right once you exit the school gate.","B.Go downstairs first, walk straight to the left, then go downstairs again. Turn right at the first intersection, and turn left once you exit the school gate.","C.Go downstairs first, walk straight to the left, then go downstairs again. Turn left at the first intersection, and turn right once you exit the school gate.","D.Go downstairs first, walk straight to the left, then go downstairs again. Turn left at the first intersection, and turn left once you exit the school gate.",A,ev_08,,This person goes out to throw rubbish,worker_012,2026-3-1,accepted,global_json_list
egomonth_qa_000754,014,014,014_0003,014/014_0003.mp4,videos/014/014_0003.mp4,false,detail_retrieval,Detail Retrieval,Level 2: Episodic Indexing,<014_0003.mp4>What color is the sofa in the bedroom?,A.red.,B.yellow,C.green,D.blue,D,,,There is a blue sofa in the bedroom,worker_012,2026-3-1,accepted,global_json_list
egomonth_qa_000755,014,014,014_0003,014/014_0003.mp4,videos/014/014_0003.mp4,false,direction_judgement,Direction Judgment,Level 3: Cascading Reasoning,<014_0003.mp4>How do I get from the bedroom to the kitchen to wash my hands?,"A.Go out the door, turn right, and turn left.","B.Go out the door, turn right, and walk straight.","C.Go out the door, turn left, and walk straight.","D.Go out the door, walk straight.",B,ev_14,,walk from the bedroom to wash hands,worker_012,2026-3-1,accepted,global_json_list
egomonth_qa_000756,014,014,014_0003,014/014_0003.mp4,videos/014/014_0003.mp4,false,temporal_ordering,Temporal Ordering,Level 2: Episodic Indexing,<014_0003.mp4>What is the order of sweeping the floor and folding clothes?,"A.Sweep the floor first, then fold the clothes.","B.Fold the clothes first, then sweep the floor。",C.Sweep the floor and fold the clothes at the same time.,D.Didn't sweep the floor or fold the clothes.,A,ev_10|ev_12,,,worker_012,2026-3-1,accepted,global_json_list
egomonth_qa_000757,014,014,014_0004,014/014_0004.mp4,videos/014/014_0004.mp4,false,route_reasoning,Route Reasoning,Level 3: Cascading Reasoning,<014_0004.mp4>How do I get from my home to the teaching building?,"A.Go down three floors, then walk straight to the left.","B.Go down four floors, then walk straight to the left.","C.Go down four floors, then walk straight to the right.","D.Go down two floors, then walk straight to the right.",B,ev_21,,,worker_012,2026-3-1,accepted,global_json_list
egomonth_qa_000758,014,014,014_0004,014/014_0004.mp4,videos/014/014_0004.mp4,false,route_reasoning,Route Reasoning,Level 3: Cascading Reasoning,<014_0004.mp4>How do I get from my home to the teaching building?,"A.Go down three floors, then walk straight to the left.","B.Go down four floors, then walk straight to the left.","C.Go down four floors, then walk straight to the right.","D.Go down two floors, then walk straight to the right.",B,ev_21,,,worker_012,2026-3-1,accepted,global_json_list
egomonth_qa_000759,014,014,014_0004,014/014_0004.mp4,videos/014/014_0004.mp4,false,object_location,Object Location,Level 2: Episodic Indexing,<014_0004.mp4>Where is the washing machine,A.living room.,B.bedroom.,C.balcony.,D.washroom.,C,ev_18,,,worker_012,2026-3-1,accepted,global_json_list
egomonth_qa_000760,014,014,014_0004,014/014_0004.mp4|014/014_0003.mp4,videos/014/014_0004.mp4|videos/014/014_0003.mp4,false,habit_inference,Habit Inference,Level 1: Schema Consolidation,<014_0004.mp4>Does the person in the video have a habit of washing hands?,A.Not sure,B.Yes,C.No,D.None,B,ev_14|ev_20,,,worker_012,2026-3-1,accepted,global_json_list
egomonth_qa_000761,014,014,014_0004,014/014_0004.mp4,videos/014/014_0004.mp4,false,cross_view_spatial_reasoning,Cross-View Spatial Reasoning,Level 3: Cascading Reasoning,<014_0004.mp4>Which floor is the room on in this building?,A.one,B.two,C.three,D.four,D,ev_21,,,worker_012,2026-3-1,accepted,global_json_list
egomonth_qa_000762,014,014,014_0003,014/014_0003.mp4,videos/014/014_0003.mp4,false,self_localization,Self-Localization,Level 2: Episodic Indexing,<014_0003.mp4>Where is the person in 20:00 in this video?,A.bedroom,B.livingroom,C.balcony,D.outside,A,ev_13,,,worker_012,2026-3-1,accepted,global_json_list
egomonth_qa_000763,014,014,014_0006,014/014_0006.mp4,videos/014/014_0006.mp4,false,route_reasoning,Route Reasoning,Level 3: Cascading Reasoning,<014_0006.mp4>How should this person get from his house to the bike parking area?,"A.Go down four floors, then turn left, then turn left and walk to the first intersection.","B.Go down four floors, then turn right, then turn right and walk to the first intersection.","C.Go down four floors, then turn left, then turn right and walk to the first intersection.","D.Go down four floors, then turn right, then turn left and walk to the first intersection.",C,ev_28,,,worker_012,2026-3-1,accepted,global_json_list
egomonth_qa_000764,014,014,014_0006,014/014_0006.mp4,videos/014/014_0006.mp4,false,event_counting,Event Counting,Level 3: Cascading Reasoning,<014_0006.mp4>How many red lights did he meet on the way?,A.One,B.Two,C.Three,D.Four,B,ev_28,,,worker_012,2026-3-1,accepted,global_json_list
egomonth_qa_000765,014,014,014_0006,014/014_0006.mp4,videos/014/014_0006.mp4,false,event_time,Event Time,Level 2: Episodic Indexing,<014_0006.mp4>At what minute in the video is he shopping in the supermarket?,A.6:00,B.2:00,C.5:00,D.9:00,D,ev_29,,,worker_012,2026-3-1,accepted,global_json_list
egomonth_qa_000766,014,014,014_0006,014/014_0006.mp4,videos/014/014_0006.mp4,false,self_localization,Self-Localization,Level 2: Episodic Indexing,"<014_0006.mp4>At the 9:00 of the video, where is the person?",A.supermarket,B.home,C.school,D.road,A,ev_29,,,worker_012,2026-3-1,accepted,global_json_list
egomonth_qa_000767,014,014,014_0005,014/014_0005.mp4,videos/014/014_0005.mp4,false,route_reasoning,Route Reasoning,Level 3: Cascading Reasoning,<014_0005.mp4>How do I get to the express delivery station from Lawson?,"A.Go straight from Lawson, turn left, go straight, and the express delivery station is on the left.","B.Go straight from Lawson, turn right, go straight, and the express delivery station is on the right.","C.Go straight from Lawson, turn left, go straight, and the express delivery station is on the right.","D.Go straight from Lawson, turn right, go straight, and the express delivery station is on the left.",D,ev_26,,,worker_012,2026-3-1,accepted,global_json_list
egomonth_qa_000768,014,014,014_0005,014/014_0005.mp4,videos/014/014_0005.mp4,false,temporal_ordering,Temporal Ordering,Level 2: Episodic Indexing,<014_0005.mp4>What is the order of buying vegetables and picking up the package?,"A.Buy vegetables first, then pick up the package.","B.Pick up the package first, then buy vegetables.",C.Buy vegetables and pick up the package at the same time.,D.Didn't buy vegetables or pick up the package.,A,ev_25|ev_27,,,worker_012,2026-3-1,accepted,global_json_list
egomonth_qa_000769,014,014,014_0005,014/014_0005.mp4,videos/014/014_0005.mp4,false,spatial_relation,Spatial Relation,Level 2: Episodic Indexing,<014_0005.mp4>What is the positional relationship between the fitness equipment and the playground?,A.The fitness equipment is on the left side of the playground.,B.The fitness equipment is on the back of the playground.,C.The fitness equipment is on the right side of the playground.,D.The fitness equipment is on the front of the playground.,C,,,,worker_012,2026-3-1,accepted,global_json_list
egomonth_qa_000770,014,014,014_0005,014/014_0005.mp4,videos/014/014_0005.mp4,false,spatial_relation,Spatial Relation,Level 2: Episodic Indexing,<014_0005.mp4>What is the positional relationship between the basketball court and the bike parking area?,A.The basketball court is on the right of the bike parking area.,B.The basketball court is on the left of the bike parking area.,C.The basketball court is on the front of the bike parking area.,D.The basketball court is on the back of the bike parking area.,B,,,,worker_012,2026-3-1,accepted,global_json_list
egomonth_qa_000771,014,014,014_0001,014/014_0001.mp4|014/014_0004.mp4|014/014_0005.mp4|014/014_0006.mp4,videos/014/014_0001.mp4|videos/014/014_0004.mp4|videos/014/014_0005.mp4|videos/014/014_0006.mp4,false,habit_inference,Habit Inference,Level 1: Schema Consolidation,<014_0001.mp4>Does this person have the habit of going out for a walk to exercise?,A.Yes,B.No,C.Not sure,D.None,A,,,,worker_012,2026-3-1,accepted,global_json_list
egomonth_qa_000772,014,014,014_0001,014/014_0001.mp4|014/014_0003.mp4|014/014_0004.mp4,videos/014/014_0001.mp4|videos/014/014_0003.mp4|videos/014/014_0004.mp4,false,personality_inference,Personality Inference,Level 1: Schema Consolidation,<014_0005.mp4>Is this person a tidy person?,A.Yes,B.No,C.Not sure,D.None,B,,,,worker_012,2026-3-1,accepted,global_json_list
egomonth_qa_000773,015,015,015_0001,015/015_0001.mp4,videos/015/015_0001.mp4,false,object_counting_global,Object Counting,Level 3: Cascading Reasoning,<015_0001.mp4>How many dishes did this person make,A.1,B.2,C.3,D.4,C,ev_02|ev_03|ev_23|ev_24|ev_29|ev_30,0001_obj_bigbowl_01|0001_obj_plate_01|0001_obj_plate_02,This person made three dishes,worker_10,2025-12-21T20:00:00,accepted,global_json_list
egomonth_qa_000774,015,015,015_0001,015/015_0001.mp4,videos/015/015_0001.mp4,false,self_localization,Self-Localization,Level 2: Episodic Indexing,<015_0001.mp4>At what point in the video was this person in the living room,A.00:59,B.07:14,C.16:32,D.23:14,D,,,This person was in the living room at 23:14,worker_10,2025-12-21T20:15:00,accepted,global_json_list
egomonth_qa_000775,015,015,015_0001,015/015_0001.mp4,videos/015/015_0001.mp4,false,temporal_ordering,Temporal Ordering,Level 2: Episodic Indexing,<015_0001.mp4> What is this person doing while cooking,A.Watching TV series,B.Listening to music,C.Chatting with others,D.Browse TikTok,A,,0001_obj_ipad_01,A TV series is playing on the ipad,worker_10,2025-12-22T10:00:00,accepted,global_json_list
egomonth_qa_000776,015,015,015_0001,015/015_0001.mp4,videos/015/015_0001.mp4,false,object_location,Object Location,Level 2: Episodic Indexing,<015_0001.mp4> Where is the dishsoap placed in this video,A.On the left of the sink,B.Behind the sink,C.On the platform in front of the kitchen,D.On the right of the sink,A,,0001_obj_dishsoap_01,The dishsoap is on the left side of the sink,worker_10,2025-12-22T10:00:00,accepted,global_json_list
egomonth_qa_000777,015,015,015_0001,015/015_0001.mp4,videos/015/015_0001.mp4,false,temporal_ordering,Temporal Ordering,Level 2: Episodic Indexing,<015_0001.mp4> When was the first time this person used a water dispenser to get water,A.00:21,B.04:50,C.09:36,D.12:14,B,ev_11,0001_obj_smallbowl_01|0001_obj_waterdispenser_01,This person first used the water dispenser to get water at 4:50,worker_10,2025-12-23T22:30:00,accepted,global_json_list
egomonth_qa_000778,015,015,015_0001,015/015_0001.mp4,videos/015/015_0001.mp4,false,event_counting,Event Counting,Level 3: Cascading Reasoning,<015_0001.mp4>How many times did this person fill the bowl with water from the water dispenser while stir-frying eggplant,A.1,B.2,C.3,D.4,C,ev_11|ev_13|ev_15,0001_obj_smallbowl_01|0001_obj_waterdispenser_01,"The waiter added the condiments twice initially, and then added them twice more at the customer's request",worker_10,2025-12-23T22:30:00,accepted,global_json_list
egomonth_qa_000779,015,015,015_0001,015/015_0001.mp4,videos/015/015_0001.mp4,false,object_location,Object Location,Level 2: Episodic Indexing,<015_0001.mp4> Where is the water dispenser placed in this video,A.On the left of the sink,B.On the platform behind the kitchen,C.On the platform in front of the kitchen,D.On the right of the sink,B,,0001_obj_waterdispenser_01,The water dispenser was placed on the platform behind the kitchen,worker_10,2025-12-24T10:30:00,accepted,global_json_list
egomonth_qa_000780,015,015,015_0001,015/015_0001.mp4,videos/015/015_0001.mp4,false,procedure_planning,Procedure Planning,Level 3: Cascading Reasoning,<015_0001.mp4>Which cooking order is correct,A.Stir-fry lettuce->Stir-fry minced meat and tofu->Stir-fry eggplant with minced meat,B.Stir-fry eggplant with minced meat->Stir-fry minced meat and tofu->Stir-fry lettuce,C.Stir-fry minced meat and tofu->Stir-fry eggplant with minced meat->Stir-fry lettuce,D.Stir-fry eggplant with minced meat->Stir-fry lettuce->Stir-fry minced meat and tofu,C,ev_02|ev_03|ev_23|ev_24|ev_29|ev_30,,"The whole process involved first stir-frying minced meat and tofu,stir-frying eggplant with minced meat, and then stir-frying lettuce",worker_10,2025-12-24T11:00:00,accepted,global_json_list
egomonth_qa_000781,015,015,015_0001,015/015_0001.mp4,videos/015/015_0001.mp4,false,self_localization,Self-Localization,Level 2: Episodic Indexing,"<015_0001.mp4>At the very beginning of the video, where is this person",A.washroom,B.bedroom,C.livingroom,D.kitchen,D,,,The video begins with stove and cutting board,worker_10,2025-12-24T11:00:00,accepted,global_json_list
egomonth_qa_000782,015,015,015_0001,015/015_0001.mp4,videos/015/015_0001.mp4,false,personality_inference,Personality Inference,Level 1: Schema Consolidation,<015_0001.mp4>What are this person's cooking habits,"A.Make sure everything is prepared before cooking, leaving no room for oversight","B.Make some preparations before cooking, but not all",C.Only basic preparations were made and many things were not considered,D.Without any planning and in a chaotic state when cooking,B,ev_01|ev_08|ev_21|ev_28,0001_obj_cuttingboard_01|0001_obj_chili_01,"The scallions, garlic, and eggplant were neatly chopped on the cutting board before cooking, but forgot to prepare the chili",worker_10,2025-12-24T11:00:00,accepted,global_json_list
egomonth_qa_000783,015,015,015_0001,015/015_0001.mp4,videos/015/015_0001.mp4,false,personality_inference,Personality Inference,Level 1: Schema Consolidation,<015_0001.mp4>What personality traits does the person who cooks have,A.meticulous and thoughtful,B.rough and careless,C.None,D.None,A,,,This person is very organized when cooking,worker_10,2025-12-24T11:00:00,accepted,global_json_list
egomonth_qa_000784,015,015,015_0001,015/015_0001.mp4,videos/015/015_0001.mp4,false,detail_retrieval,Detail Retrieval,Level 2: Episodic Indexing,<015_0001.mp4>What is the woman in the living room doing,A.Watch video,B.Play computer games,C.Do homework,D.Clean the living room,A,,0001_obj_monitor_01,The woman sat at the table looking at a monitor that was playing a video,worker_10,2025-12-24T11:00:00,accepted,global_json_list
egomonth_qa_000785,015,015,015_0002,015/015_0002.mp4,videos/015/015_0002.mp4,false,detail_retrieval,Detail Retrieval,Level 2: Episodic Indexing,<015_0002.mp4>What is the person using,A.phone,B.computer,C.pen,D.book,B,ev_33,,,worker_10,2025-12-24T11:00:00,accepted,global_json_list
egomonth_qa_000786,015,015,015_0003,015/015_0003.mp4,videos/015/015_0003.mp4,false,route_reasoning,Route Reasoning,Level 3: Cascading Reasoning,<015_0003.mp4>How to walk from the corridor to the counter?,"A.Walk to the first corner, turn left and go straight. Then turn left at the second corner and walk straight to the counter.","B.Walk to the first corner, turn right and go straight. Then turn left at the second corner and walk straight to the counter.","C.Walk to the first corner, turn left and go straight. Then turn right at the second corner and walk straight to the counter.","D.Walk to the first corner, turn right and go straight. Then turn right at the second corner and walk straight to the counter.",B,ev_35,,,worker_10,2025-12-24T11:00:00,accepted,global_json_list
egomonth_qa_000787,015,015,015_0003,015/015_0003.mp4,videos/015/015_0003.mp4,false,object_location,Object Location,Level 2: Episodic Indexing,<015_0003.mp4>Where are the electronic devices placed?,A.on the floor,B.on the desk,C.on the chair,D.on the bed,B,,,,worker_10,2025-12-24T11:00:00,accepted,global_json_list
egomonth_qa_000788,015,015,015_0009,015/015_0009.mp4|015/015_0010.mp4,videos/015/015_0009.mp4|videos/015/015_0010.mp4,false,habit_inference,Habit Inference,Level 1: Schema Consolidation,<015_0009.mp4>Does this person have the habit of taking medicine?,A.No,B.Not sure,C.Yes,D.None,C,ev_53|ev_54,,,worker_10,2025-12-24T11:00:00,accepted,global_json_list
egomonth_qa_000789,015,015,015_0007,015/015_0007.mp4|015/015_0008.mp4|015/015_0009.mp4|015/015_0010.mp4,videos/015/015_0007.mp4|videos/015/015_0008.mp4|videos/015/015_0009.mp4|videos/015/015_0010.mp4,false,personality_inference,Personality Inference,Level 1: Schema Consolidation,<015_0007.mp4>Does this person love playing with the phone?,A.Yes,B.Not,C.Not sure,D.None,A,ev_40|ev_43|ev_44|ev_50,,,worker_10,2025-12-24T11:00:00,accepted,global_json_list
egomonth_qa_000790,015,015,015_0010,015/015_0010.mp4,videos/015/015_0010.mp4,false,cross_view_spatial_reasoning,Cross-View Spatial Reasoning,Level 3: Cascading Reasoning,<015_0010.mp4>What is the positional relationship between the bedroom and the living room.,A.go straight when out of the bedroom to go to the living room,B.go back when out of the bedroom to go to the living room.,C.Turn left when out of the bedroom to go to the living room.,D.Turn right when out of the bedroom to go to the living room.,C,,,,worker_10,2025-12-24T11:00:00,accepted,global_json_list
egomonth_qa_000791,015,015,015_0009,015/015_0009.mp4,videos/015/015_0009.mp4,false,object_counting_global,Object Counting,Level 3: Cascading Reasoning,<015_0009.mp4>How many packs of tissue paper are there in the bathroom?,A.Four,B.One,C.Three,D.Two,D,ev_52,,,worker_10,2025-12-24T11:00:00,accepted,global_json_list
egomonth_qa_000792,015,015,015_0009,015/015_0009.mp4,videos/015/015_0009.mp4,false,object_counting_global,Object Counting,Level 3: Cascading Reasoning,<015_0009.mp4>How many pairs of socks were washed?,A.Four,B.One,C.Three,D.Two,A,ev_51,,,worker_10,2025-12-24T11:00:00,accepted,global_json_list
egomonth_qa_000793,015,015,015_0009,015/015_0009.mp4,videos/015/015_0009.mp4,false,direction_judgement,Direction Judgment,Level 3: Cascading Reasoning,<015_0009.mp4>What is the positional relationship between the washing machine and the living room?,"A.Walk through the living room, and the washing machine is in the room on the left.","B.Walk through the living room, and the washing machine is in the room on the right.","C.Walk through the living room, and the washing machine is in the room on the front.",D.There is no washing machine.,B,,,,worker_10,2025-12-24T11:00:00,accepted,global_json_list
egomonth_qa_000794,015,015,015_0009,015/015_0009.mp4,videos/015/015_0009.mp4,false,procedure_planning,Procedure Planning,Level 3: Cascading Reasoning,<015_0009.mp4>What is the person's order of doing laundry?,"A.Pour in the laundry detergent, Put the clothes in, Hang up the clothes","B.Pour in the laundry detergent, Hang up the clothes, Put the clothes in","C.Hang up the clothes, Put the clothes in, Pour in the laundry detergent","D.Put the clothes in, Pour in the laundry detergent, Hang up the clothes",D,,,,worker_10,2025-12-24T11:00:00,accepted,global_json_list
egomonth_qa_000795,015,015,015_0008,015/015_0008.mp4,videos/015/015_0008.mp4,false,detail_retrieval,Detail Retrieval,Level 2: Episodic Indexing,<015_0008.mp4>What color is the bus this people take?,A.Red,B.Green,C.Blue,D.Yellow,B,,,,worker_10,2025-12-24T11:00:00,accepted,global_json_list
egomonth_qa_000796,015,015,015_0008,015/015_0008.mp4,videos/015/015_0008.mp4,false,route_reasoning,Route Reasoning,Level 3: Cascading Reasoning,<015_0008.mp4>How do I get to the bus stop from the gate?,"A.Turn right when you come out of the gate, turn right at the first intersection, then turn left.","B.Turn left when you come out of the gate, turn left at the first intersection, then turn left.","C.Turn right when you come out of the gate, turn left at the first intersection, then turn left.","D.Turn left when you come out of the gate, turn right at the first intersection, then turn left.",D,,,,worker_10,2025-12-24T11:00:00,accepted,global_json_list
egomonth_qa_000797,015,015,015_0008,015/015_0008.mp4,videos/015/015_0008.mp4,false,route_reasoning,Route Reasoning,Level 3: Cascading Reasoning,<015_0008.mp4>How do I get to the gate from the classroom?,"A.Turn right when you come out of the classroom and go straight to the end. Turn right, turn left at the first corner, then go straight. The gate is on the right.","B.Turn left when you come out of the classroom and go straight to the end. Turn right, turn left at the first corner, then go straight. The gate is on the right.","C.Turn left when you come out of the classroom and go straight to the end. Turn left, turn left at the first corner, then go straight. The gate is on the right.","D.Turn right when you come out of the classroom and go straight to the end. Turn left, turn right at the first corner, then go straight. The gate is on the right.",A,,,,worker_10,2025-12-24T11:00:00,accepted,global_json_list
egomonth_qa_000798,015,015,015_0008,015/015_0008.mp4,videos/015/015_0008.mp4,false,detail_retrieval,Detail Retrieval,Level 2: Episodic Indexing,<015_0008.mp4>Which row is the person sitting in the classroom?,A.One.,B.Two,C.Three,D.Four,B,,,,worker_10,2025-12-24T11:00:00,accepted,global_json_list
egomonth_qa_000799,015,015,015_0008,015/015_0008.mp4,videos/015/015_0008.mp4,false,direction_judgement,Direction Judgment,Level 3: Cascading Reasoning,<015_0008.mp4>How do I get to the restroom from the classroom?,"A.Turn left, go straight, and the restroom is on the left.","B.Turn right, go straight, and the restroom is on the left.","C.Turn right, go straight, and the restroom is on the right.","D.Turn left, go straight, and the restroom is on the right.",C,,,,worker_10,2025-12-24T11:00:00,accepted,global_json_list
egomonth_qa_000800,015,015,015_0007,015/015_0007.mp4,videos/015/015_0007.mp4,false,self_localization,Self-Localization,Level 2: Episodic Indexing,<015_0007.mp4>Where is the person? in the 6:00 of the video?,A.Living rooom,B.Classroom,C.Street.,D.Washroom,C,,,,worker_10,2025-12-24T11:00:00,accepted,global_json_list
egomonth_qa_000801,015,015,015_0007,015/015_0007.mp4,videos/015/015_0007.mp4,false,temporal_ordering,Temporal Ordering,Level 2: Episodic Indexing,<015_0007.mp4>What is the order of eating and shopping?,"A.Eating first, then shopping","B.Shopping first, then eating",C.Not sure,D.None,B,,,,worker_10,2025-12-24T11:00:00,accepted,global_json_list
egomonth_qa_000802,015,015,015_0006,015/015_0006.mp4,videos/015/015_0006.mp4,false,direction_judgement,Direction Judgment,Level 3: Cascading Reasoning,<015_0006.mp4>Which direction is the counter from the table?,"A.Turn around from the table, and you’ll face the counter.","B.Turn left from the table, and you’ll face the counter.","C.Turn right from the table, and you’ll face the counter.",D.None,A,,,,worker_10,2025-12-24T11:00:00,accepted,global_json_list
egomonth_qa_000803,015,015,015_0005,015/015_0005.mp4,videos/015/015_0005.mp4,false,cross_view_spatial_reasoning,Cross-View Spatial Reasoning,Level 3: Cascading Reasoning,<015_0005.mp4>What is the positional relationship between the bedroom and the living room?,A.Go back from the bedroom and you’ll get to the living room.,B.Go straight from the bedroom and you’ll get to the living room.,C.Turn left from the bedroom and you’ll get to the living room.,D.Turn right from the bedroom and you’ll get to the living room.,D,,,,worker_10,2025-12-24T11:00:00,accepted,global_json_list
egomonth_qa_000804,015,015,015_0005,015/015_0005.mp4,videos/015/015_0005.mp4,false,object_location,Object Location,Level 2: Episodic Indexing,<015_0005.mp4>Where is the computer?,A.It's on the table in the living room.,B.It's on the table in the bedroom.,C.It's on the bed in the bedroom.,D.It's on the sofa in the living room.,A,,,,worker_10,2025-12-24T11:00:00,accepted,global_json_list
egomonth_qa_000805,015,015,015_0004,015/015_0004.mp4,videos/015/015_0004.mp4,false,procedure_planning,Procedure Planning,Level 3: Cascading Reasoning,<015_0004.mp4>What is the person's order of cooking?,A.cut vegetables → scrambled eggs → stir-fry vegetables,B.stir-fry vegetables → cut vegetables → scrambled eggs,C.scrambled eggs → stir-fry vegetables → cut vegetables,D.scrambled eggs → cut vegetables → stir-fry vegetables,D,,,,worker_10,2025-12-24T11:00:00,accepted,global_json_list
egomonth_qa_000806,015,015,015_0004,015/015_0004.mp4,videos/015/015_0004.mp4,false,spatial_relation,Spatial Relation,Level 2: Episodic Indexing,<015_0004.mp4>Where is the water tap located relative to the stove?,A.There is no water-filling area.,B.The water-filling area is on the right side of the stove.,C.The water-filling area is on the left side of the stove.,D.The water-filling area is on the back side of the stove.,B,,,,worker_10,2025-12-24T11:00:00,accepted,global_json_list
egomonth_qa_000807,015,015,015_0004,015/015_0004.mp4,videos/015/015_0004.mp4,false,event_time,Event Time,Level 2: Episodic Indexing,<015_0004.mp4>When is the person cooking noodles?,A.22:50,B.25:50,C.37:00,D.15:00,A,,,,worker_10,2025-12-24T11:00:00,accepted,global_json_list
egomonth_qa_000808,015,015,015_0004,015/015_0004.mp4,videos/015/015_0004.mp4,false,event_time,Event Time,Level 2: Episodic Indexing,<015_0004.mp4>When is the person picking up a package,A.22:50,B.25:50,C.37:00,D.15:00,B,,,,worker_10,2025-12-24T11:00:00,accepted,global_json_list
egomonth_qa_000809,015,015,015_0011,015/015_0011.mp4,videos/015/015_0011.mp4,false,temporal_ordering,Temporal Ordering,Level 2: Episodic Indexing,<015_0011.mp4>What is the order of this person's actions?,A.Playing on the phone all the time.,"B.Play on the phone first, then open the package.","C.Open the package first, then play on the phone.",D.Opening the package all the time,C,,,,worker_10,2025-12-24T11:00:00,accepted,global_json_list
egomonth_qa_000810,015,015,015_0012,015/015_0012.mp4,videos/015/015_0012.mp4,false,temporal_ordering,Temporal Ordering,Level 2: Episodic Indexing,<015_0012.mp4>What is the order of this person eating?,"A.Eat the biscuits first, then drink the milk.","B.Drink the milk first, then eat the biscuits.",C.Only eat biscuits.,D.Only drink milk.,A,ev_62,,,worker_10,2025-12-24T11:00:00,accepted,global_json_list
egomonth_qa_000811,015,015,015_0012,015/015_0002.mp4|015/015_0006.mp4|015/015_0011.mp4|015/015_0012.mp4|015/015_0013.mp4,videos/015/015_0002.mp4|videos/015/015_0006.mp4|videos/015/015_0011.mp4|videos/015/015_0012.mp4|videos/015/015_0013.mp4,false,habit_inference,Habit Inference,Level 1: Schema Consolidation,<015_0012.mp4>Does this person have a habit of working on a computer?,A.Yes,B.No,C.Not sure,D.None,A,ev_34|ev_41|ev_60|ev_61,,,worker_10,2025-12-24T11:00:00,accepted,global_json_list
egomonth_qa_000812,015,015,015_0016,015/015_0018.mp4|015/015_0016.mp4|015/015_0019.mp4,videos/015/015_0018.mp4|videos/015/015_0016.mp4|videos/015/015_0019.mp4,false,habit_inference,Habit Inference,Level 1: Schema Consolidation,<015_0018.mp4>What is the means of transportation this person often uses?,A.bus,B.car,C.electric bike.,D.taxi,C,,,,worker_10,2025-12-24T11:00:00,accepted,global_json_list
egomonth_qa_000813,015,015,015_0021,015/015_0021.mp4,videos/015/015_0021.mp4,false,self_localization,Self-Localization,Level 2: Episodic Indexing,<015_0021.mp4>Where is this person in the video?,A.in the restaurant,B.in the car,C.on the electric bike.,D.in the livingroom,B,,,,worker_10,2025-12-24T11:00:00,accepted,global_json_list
egomonth_qa_000814,015,015,015_0020,015/015_0020.mp4,videos/015/015_0020.mp4,false,self_localization,Self-Localization,Level 2: Episodic Indexing,<015_0020.mp4>Where is this person in the 10:00 of video?,A.in the car,B.in the classroom,C.on the electric bike.,D.in the livingroom,A,,,,worker_10,2025-12-24T11:00:00,accepted,global_json_list
egomonth_qa_000815,015,015,015_0019,015/015_0019.mp4,videos/015/015_0019.mp4,false,direction_judgement,Direction Judgment,Level 3: Cascading Reasoning,<015_0019.mp4>Which way should I turn after entering this building to buy vegetables?,A.go back,B.go straight,C.turn right,D.turn left,D,,,,worker_10,2025-12-24T11:00:00,accepted,global_json_list
egomonth_qa_000816,015,015,015_0019,015/015_0019.mp4,videos/015/015_0019.mp4,false,procedure_planning,Procedure Planning,Level 3: Cascading Reasoning,<015_0019.mp4>What is the order of purchase?,"A.Buy meat first, then vegetables, and finally tableware.","B.Buy vegetables first, then meat, and finally tableware.","C.Buy tableware first, then meat, and finally vegetables.","D.Buy vegetables first, then tableware, and finally meat.",B,,,,worker_10,2025-12-24T11:00:00,accepted,global_json_list
egomonth_qa_000817,015,015,015_0019,015/015_0019.mp4,videos/015/015_0019.mp4,false,procedure_planning,Procedure Planning,Level 3: Cascading Reasoning,<015_0019.mp4>What is the order of purchase?,"A.Buy meat first, then vegetables, and finally tableware.","B.Buy vegetables first, then meat, and finally tableware.","C.Buy tableware first, then meat, and finally vegetables.","D.Buy vegetables first, then tableware, and finally meat.",B,,,,worker_10,2025-12-24T11:00:00,accepted,global_json_list
egomonth_qa_000818,015,015,015_0019,015/015_0019.mp4,videos/015/015_0019.mp4,false,temporal_ordering,Temporal Ordering,Level 2: Episodic Indexing,<015_0019.mp4>What is the order of buying vegetables and picking up the package?,"A.Buy vegetables first, then pick up the package.","B.Buy the package first, then buy vegetables.",C.Only bought vegetables.,D.Only picked up the package.,A,,,,worker_10,2025-12-24T11:00:00,accepted,global_json_list
egomonth_qa_000819,015,015,015_0019,015/015_0019.mp4,videos/015/015_0019.mp4,false,temporal_ordering,Temporal Ordering,Level 2: Episodic Indexing,<015_0019.mp4>What is the order of buying vegetables and picking up the package?,"A.Buy vegetables first, then pick up the package.","B.Buy the package first, then buy vegetables.",C.Only bought vegetables.,D.Only picked up the package.,A,,,,worker_10,2025-12-24T11:00:00,accepted,global_json_list
egomonth_qa_000820,015,015,015_0014,015/015_0014.mp4,videos/015/015_0014.mp4,false,self_localization,Self-Localization,Level 2: Episodic Indexing,<015_0014.mp4>Where is this person?,A.in the car,B.in the livingroom,C.in the shop,D.in the restaurant,D,,,,worker_10,2025-12-24T11:00:00,accepted,global_json_list
egomonth_qa_000821,015,015,015_0015,015/015_0015.mp4,videos/015/015_0015.mp4,false,self_localization,Self-Localization,Level 2: Episodic Indexing,<015_0015.mp4>Where is this person?,A.in the car,B.in the livingroom,C.in the shop,D.in the restaurant,C,,,,worker_10,2025-12-24T11:00:00,accepted,global_json_list
egomonth_qa_000822,015,015,015_0014,015/015_0014.mp4,videos/015/015_0014.mp4,false,object_counting_global,Object Counting,Level 3: Cascading Reasoning,<015_0014.mp4>What's the maximum number of cups on the dining table?,A.one,B.two,C.three,D.four,C,,,,worker_10,2025-12-24T11:00:00,accepted,global_json_list
egomonth_qa_000823,015,015,015_0015,015/015_0015.mp4,videos/015/015_0015.mp4,false,detail_retrieval,Detail Retrieval,Level 2: Episodic Indexing,<015_0015.mp4>Which supermarket is this person shopping at?,A.Walmart.,B.Costco,C.Sam's Club,D.IKEA,C,,,,worker_10,2025-12-24T11:00:00,accepted,global_json_list
egomonth_qa_000824,015,015,015_0015,015/015_0015.mp4,videos/015/015_0015.mp4,false,object_counting_global,Object Counting,Level 3: Cascading Reasoning,<015_0015.mp4>What's in the shopping cart at the end?,A.Four items and one piece of clothing.,B.Four items,C.Two items and one piece of clothing.,D.Two items and one piece of clothing.,A,,,,worker_10,2025-12-24T11:00:00,accepted,global_json_list
egomonth_qa_000825,015,015,015_0015,015/015_0017.mp4,videos/015/015_0017.mp4,false,self_localization,Self-Localization,Level 2: Episodic Indexing,<015_0017.mp4>Where is this person?,A.in the car,B.in the livingroom,C.in the shop,D.in the restaurant,D,,,,worker_10,2025-12-24T11:00:00,accepted,global_json_list
egomonth_qa_000826,015,015,015_0018,015/015_0018.mp4,videos/015/015_0018.mp4,false,spatial_relation,Spatial Relation,Level 2: Episodic Indexing,<015_0018.mp4>Which floor is the electric bike parked on?,A.One,B.Two,C.Three,D.Four,B,,,,worker_10,2025-12-24T11:00:00,accepted,global_json_list
egomonth_qa_000827,015,015,015_0018,015/015_0018.mp4,videos/015/015_0018.mp4,false,direction_judgement,Direction Judgment,Level 3: Cascading Reasoning,"<015_0018.mp4>After riding the electric bike, which side this person park it on?",A.left,B.right,C.Not sure,D.None,B,,,,worker_10,2025-12-24T11:00:00,accepted,global_json_list
egomonth_qa_000828,016,016,016_0001,016/016_0001.mp4,videos/016/016_0001.mp4,true,object_counting_global,Object Counting,Level 3: Cascading Reasoning,<016_0001.mp4>How many rooms did she enter and exit?,A.five,B.two,C.three,D.seven,B,,living room_1|storeroom_1,she passed through the living room and storage room in total,worker_04,2025-12-8,accepted,global_json_list
egomonth_qa_000829,016,016,016_0001,016/016_0001.mp4,videos/016/016_0001.mp4,true,detail_retrieval,Detail Retrieval,Level 2: Episodic Indexing,<016_0001.mp4>what s in the words on her pants,A.sport,B.Red,C.American,D.tight,A,,0001_obj_trousers_02,1:44 displayed the logo on the pants,worker_04,2025-12-8,accepted,global_json_list
egomonth_qa_000830,016,016,016_0001,016/016_0001.mp4,videos/016/016_0001.mp4,true,detail_retrieval,Detail Retrieval,Level 2: Episodic Indexing,<016_0001.mp4>what color are her slippers,A.Red,B.Green,C.Blue,D.Yellow,A,,0001_obj_slippers_01,07:28 wear it on the feet,worker_04,2025-12-8,accepted,global_json_list
egomonth_qa_000831,016,016,016_0002,016/016_0002.mp4,videos/016/016_0002.mp4,true,habit_inference,Habit Inference,Level 1: Schema Consolidation,<016_0002.mp4>Does she usually like to tidy up,A.Yes,B.No,C.None,D.None,B,,,her house is very messy,worker_04,2025-12-8,accepted,global_json_list
egomonth_qa_000832,016,016,016_0002,016/016_0002.mp4,videos/016/016_0002.mp4,true,event_time,Event Time,Level 2: Episodic Indexing,<016_0002.mp4>How long did she watch the short videos,A.one minute,B.one hour,C.one day,D.ten hours,A,,,15:00-15:55,worker_04,2025-12-8,accepted,global_json_list
egomonth_qa_000833,016,016,016_0002,016/016_0002.mp4,videos/016/016_0002.mp4,true,detail_retrieval,Detail Retrieval,Level 2: Episodic Indexing,<016_0002.mp4>what did she throw into the pot first,A.pear,B.apple,C.greens,D.garlic,D,,,22:41-22:45,worker_04,2025-12-8,accepted,global_json_list
egomonth_qa_000834,016,016,016_0002,016/016_0002.mp4,videos/016/016_0002.mp4,true,procedure_planning,Procedure Planning,Level 3: Cascading Reasoning,<016_0002.mp4>what are the steps for her cooking,A.Take the vegetables from the refrigerator -> Wash -> cut the vegetables -> Put them in the pan -> stir-fry -> serve,B.Select vegetables -> Wash -> Take other things out of the fridge -> Put them in the pan -> stir-fry -> Serve,C.Wash -> Select vegetables -> Take other things out of the fridge -> Put in the pan -> stir-fry -> Serve,D.Take the vegetables from the refrigerator -> Put them in the pan -> stir-fry -> serve,D,,,16:45-27:50,worker_04,2025-12-8,accepted,global_json_list
egomonth_qa_000835,016,016,016_0002,016/016_0002.mp4,videos/016/016_0002.mp4,true,temporal_ordering,Temporal Ordering,Level 2: Episodic Indexing,<016_0002.mp4>should she eat first or tidy up the table first,A.eat,B.tidy up the table,C.None,D.None,D,ev_14,,16:45-27:50,worker_04,2025-12-8,accepted,global_json_list
egomonth_qa_000836,016,016,016_0002,016/016_0002.mp4,videos/016/016_0002.mp4,true,detail_retrieval,Detail Retrieval,Level 2: Episodic Indexing,<016_0002.mp4>28:59 what is the english on the book cover on the table,A.Explore the world,B.Love partners,C.Emerging Practices,D.hello world,C,,,28:59,worker_04,2025-12-8,accepted,global_json_list
egomonth_qa_000837,016,016,016_0002,016/016_0002.mp4,videos/016/016_0002.mp4,true,habit_inference,Habit Inference,Level 1: Schema Consolidation,<016_0002.mp4>what does she like to do during meals,A.watch videos,B.read books,C.standing,D.None,A,,,she often watches videos while eating,worker_04,2025-12-8,accepted,global_json_list
egomonth_qa_000838,016,016,016_0002,016/016_0002.mp4,videos/016/016_0002.mp4,true,spatial_relation,Spatial Relation,Level 2: Episodic Indexing,<016_0002.mp4>Is her seasoning bottle on her left or right,A.left,B.right,C.None,D.None,A,ev_16,,40:37,worker_04,2025-12-8,accepted,global_json_list
egomonth_qa_000839,016,016,016_0002,016/016_0002.mp4,videos/016/016_0002.mp4,true,event_counting,Event Counting,Level 3: Cascading Reasoning,<016_0002.mp4>how many times did she take the express delivery,A.one,B.two,C.three,D.four,A,ev_09,0002_obj_package_01,there were only incidents of receiving packages at 6 30,worker_04,2025-12-8,accepted,global_json_list
egomonth_qa_000840,016,016,016_0002,016/016_0002.mp4,videos/016/016_0002.mp4,true,event_time,Event Time,Level 2: Episodic Indexing,<016_0002.mp4>4:30what did she eat,A.tomato,B.cookies,C.water,D.potato chips,A,ev_07,0002_obj_cookies_01,there were only incidents of receiving packages at 6 30,worker_04,2025-12-8,accepted,global_json_list
egomonth_qa_000841,016,016,016_0002,016/016_0002.mp4,videos/016/016_0002.mp4,true,self_localization,Self-Localization,Level 2: Episodic Indexing,<016_0002.mp4>08:09 where is she,A.tomato,B.cookies,C.water,D.potato chips,B,ev_07,0002_obj_cookies_01,there were only incidents of receiving packages at 6 30,worker_04,2025-12-8,accepted,global_json_list
egomonth_qa_000842,016,016,016_0003,016/016_0003.mp4,videos/016/016_0003.mp4,false,event_time,Event Time,Level 2: Episodic Indexing,<016_0003.mp4>did she stand up throughout the entire video,A.Yes,B.No,C.None,D.None,B,,,she remained seated throughout the entire video,worker_04,2025-12-8,accepted,global_json_list
egomonth_qa_000843,016,016,016_0004,016/016_0004.mp4,videos/016/016_0004.mp4,false,habit_inference,Habit Inference,Level 1: Schema Consolidation,<016_0004.mp4>does she like singing when she was at home,A.Yes,B.No,C.None,D.None,A,,,she sang songs in multiple videos at home such as 1:40 in 0004,worker_04,2025-12-8,accepted,global_json_list
egomonth_qa_000844,016,016,016_0004,016/016_0004.mp4,videos/016/016_0004.mp4,false,temporal_ordering,Temporal Ordering,Level 2: Episodic Indexing,<016_0004.mp4>should she put her phone or ipad in her bag first,A.mobile phone,B.ipad,C.None,D.None,A,,,03:25,worker_04,2025-12-8,accepted,global_json_list
egomonth_qa_000845,016,016,016_0004,016/016_0004.mp4,videos/016/016_0004.mp4,false,temporal_ordering,Temporal Ordering,Level 2: Episodic Indexing,<016_0004.mp4>should she put her phone or ipad in her bag first,A.mobile phone,B.ipad,C.None,D.None,A,,,03:25,worker_04,2025-12-8,accepted,global_json_list
egomonth_qa_000846,016,016,016_0004,016/016_0004.mp4,videos/016/016_0004.mp4,false,cross_view_spatial_reasoning,Cross-View Spatial Reasoning,Level 3: Cascading Reasoning,<016_0004.mp4>where is her living room connected to,A.kitchen、balcony、corridor,B.kitchen、washroom、corridor,C.washroom、balcony、corridor,D.storeroom、corridor,A,,,"her living room has doors leading to the kitchen, balcony, and corridor",worker_04,2025-12-8,accepted,global_json_list
egomonth_qa_000847,016,016,016_0005,016/016_0005.mp4,videos/016/016_0005.mp4,false,procedure_planning,Procedure Planning,Level 3: Cascading Reasoning,<016_0005.mp4>what is the process of her going out,A.Pack up -> Send a message -> Turn off the lights -> Open the door -> Leave,B.Pack up -> Send a message -> Open the door -> Take out the trash -> Leave,C.Pack up -> Turn off the lights -> Open the door -> Leave,D.Send a message -> Turn off the lights -> Open the door -> Take out the trash -> Leave,A,,,"based on the content of video 0004, 0005, her order of going out is to tidy up things, send messages, turn off the lights, open the door, leave",worker_04,2025-12-9,accepted,global_json_list
egomonth_qa_000848,016,016,016_0006,016/016_0006.mp4,videos/016/016_0006.mp4,false,object_location,Object Location,Level 2: Episodic Indexing,<016_0006.mp4>what did she bring out of the room,A.milk tea,B.watermelon,C.mineral water,D.computer,A,,0006_obj_milk tea_01,at 00:15 she took the milk tea from the room and went out,worker_04,2025-12-9,accepted,global_json_list
egomonth_qa_000849,016,016,016_0006,016/016_0006.mp4,videos/016/016_0006.mp4,false,detail_retrieval,Detail Retrieval,Level 2: Episodic Indexing,<016_0006.mp4>which floor does she live on,A.18,B.3,C.16,D.5,C,ev_21,0006_obj_elevator_01,01:27 the elevator shows the 16th floor,worker_04,2025-12-9,accepted,global_json_list
egomonth_qa_000850,016,016,016_0006,016/016_0006.mp4,videos/016/016_0006.mp4,false,route_reasoning,Route Reasoning,Level 3: Cascading Reasoning,<016_0006.mp4>how should she go from the elevator to the street in the community,A.Turn left -> Turn right -> Turn left -> Go straight,B.Turn left -> Turn left -> Turn left -> Go straight,C.Turn left -> Turn right,D.Turn right -> Turn right -> Go straight,A,,,"Based on the video, after exiting the elevator, she turns left, then right, turns left again, and goes straight to reach the road in the community.",worker_04,2025-12-9,accepted,global_json_list
egomonth_qa_000851,016,016,016_0006,016/016_0006.mp4,videos/016/016_0006.mp4,false,self_localization,Self-Localization,Level 2: Episodic Indexing,<016_0006.mp4>at 04:09 did she turn left or right,A.Turn left,B.Turn right,C.None,D.None,B,,,"At 04:09, she turns right",worker_04,2025-12-9,accepted,global_json_list
egomonth_qa_000852,016,016,016_0007,016/016_0007.mp4,videos/016/016_0007.mp4,false,event_time,Event Time,Level 2: Episodic Indexing,<016_0007.mp4>did she wipe her hands with paper after washing them at 00:12,A.Yes,B.No,C.None,D.None,A,,,"At 00:12, she wiped her hands with paper after washing them",worker_04,2025-12-9,accepted,global_json_list
egomonth_qa_000853,016,016,016_0007,016/016_0007.mp4,videos/016/016_0007.mp4,false,event_counting,Event Counting,Level 3: Cascading Reasoning,<016_0007.mp4>How many times did she pour water into the rice?,A.One,B.Two,C.Four,D.Five,D,ev_23,,She poured water into the rice four times,worker_04,2025-12-9,accepted,global_json_list
egomonth_qa_000854,016,016,016_0007,016/016_0007.mp4,videos/016/016_0007.mp4,false,event_counting,Event Counting,Level 3: Cascading Reasoning,<016_0007.mp4>How many times did she pour water into the rice?,A.One,B.Two,C.Four,D.Five,D,ev_23,,She poured water into the rice four times,worker_04,2025-12-9,accepted,global_json_list
egomonth_qa_000855,016,016,016_0007,016/016_0007.mp4,videos/016/016_0007.mp4,false,procedure_planning,Procedure Planning,Level 3: Cascading Reasoning,<016_0007.mp4>what did she cut in sequence in the video,A.Tomato -> eggplant -> garlic -> scallion,B.Tofu -> Tomato -> garlic -> scallion,C.Tofu -> garlic -> eggplant-> scallion,D.Tofu -> eggplant -> garlic -> scallion,D,ev_25|ev_26,,"She cut tofu first, followed by eggplant, then garlic, and finally scallion",worker_04,2025-12-9,accepted,global_json_list
egomonth_qa_000856,016,016,016_0007,016/016_0007.mp4,videos/016/016_0007.mp4,false,event_time,Event Time,Level 2: Episodic Indexing,<016_0007.mp4>24:30 what is she doing,A.flip the tofu over,B.cut tofu,C.wash eggplant,D.cut scallion,A,ev_28,0007_obj_pot_01,She flipped the tofu over at 24:30,worker_04,2025-12-9,accepted,global_json_list
egomonth_qa_000857,016,016,016_0007,016/016_0007.mp4,videos/016/016_0007.mp4,false,event_time,Event Time,Level 2: Episodic Indexing,<016_0007.mp4>25:07 what is the text on the stove,A.Libai,B.Simon,C.FOTILE,D.Xiaomi,C,,,She flipped the tofu over at 24:30,worker_04,2025-12-9,accepted,global_json_list
egomonth_qa_000858,016,016,016_0007,016/016_0007.mp4,videos/016/016_0007.mp4,false,event_time,Event Time,Level 2: Episodic Indexing,<016_0007.mp4>38:15 is the detergent on the left or right side of the sink,A.Left,B.Right,C.None,D.None,A,,,"At 38:15, the detergent is on the left side of the sink",worker_04,2025-12-9,accepted,global_json_list
egomonth_qa_000859,016,016,016_0007,016/016_0007.mp4,videos/016/016_0007.mp4,false,event_time,Event Time,Level 2: Episodic Indexing,<016_0007.mp4>38:15 is the detergent on the left or right side of the sink,A.Left,B.Right,C.None,D.None,A,,,"At 38:15, the detergent is on the left side of the sink",worker_04,2025-12-9,accepted,global_json_list
egomonth_qa_000860,016,016,016_0007,016/016_0007.mp4,videos/016/016_0007.mp4,false,procedure_planning,Procedure Planning,Level 3: Cascading Reasoning,<016_0007.mp4>what is the cleaning process for users after cooking,A.Cooking → Clean the cookware immediately,B.Wipe with a paper towel without rinsing,"C.Clean the bottom of the pot, leaving no residue inside",D.Put the pot directly back on the stove without cleaning it,A,,,37:49 The cleaning process for users after cooking is to clean the cookware immediately,worker_04,2025-12-9,accepted,global_json_list
egomonth_qa_000861,016,016,016_0007,016/016_0007.mp4,videos/016/016_0007.mp4,false,spatial_relation,Spatial Relation,Level 2: Episodic Indexing,<016_0007.mp4>which of the following positions is the spice rack usually located in this kitchen,"A.On the left side of the gas stove, against the wall",B.It's inside the cupboard,C.On the upper right corner hanger of the washbasin,D.On the windowsill,A,,,"The spice rack is usually located on the left side of the gas stove, against the wall",worker_04,2025-12-9,accepted,global_json_list
egomonth_qa_000862,016,016,016_0007,016/016_0007.mp4,videos/016/016_0007.mp4,false,habit_inference,Habit Inference,Level 1: Schema Consolidation,<016_0007.mp4>what are the habits and characteristics of users when cooking,A.conducted separately in sequence without crossing or mixing,B.prepare seasoning while cleaning with a staggered process,C.None,D.None,B,,,The user prepares seasoning while cleaning with a staggered process when cooking,worker_04,2025-12-9,accepted,global_json_list
egomonth_qa_000863,016,016,016_0007,016/016_0007.mp4,videos/016/016_0007.mp4,false,detail_retrieval,Detail Retrieval,Level 2: Episodic Indexing,<016_0007.mp4>06:52what vegetables are in the sink,"A.Lettuce, eggplant, scallion","B.Celery, tomatoes, ginger","C.Cabbage, carrots, lettuce","D.Eggplant, lettuce, spinach",A,,,"06:52 there are lettuce, eggplant, and scallion in the sink",worker_04,2025-12-9,accepted,global_json_list
egomonth_qa_000864,016,016,016_0007,016/016_0007.mp4,videos/016/016_0007.mp4,false,habit_inference,Habit Inference,Level 1: Schema Consolidation,<016_0007.mp4>where does she usually place the cutting board when cooking,A.Beside the pot,B.Right side of the sink,C.In the drawer,D.On the gas stove,B,ev_25|ev_26,0007_obj_chopping board_01,She usually places the cutting board on the right side of the sink when cooking,worker_04,2025-12-9,accepted,global_json_list
egomonth_qa_000865,016,016,016_0007,016/016_0007.mp4,videos/016/016_0007.mp4,false,spatial_relation,Spatial Relation,Level 2: Episodic Indexing,<016_0007.mp4>00:51where did the person put the bowl,A.In the hand,B.On the stove,C.In the sink,D.On the table,A,,,She put the bowl in her hand at 00:51,worker_04,2025-12-9,accepted,global_json_list
egomonth_qa_000866,016,016,016_0008,016/016_0008.mp4,videos/016/016_0008.mp4,false,event_time,Event Time,Level 2: Episodic Indexing,<016_0008.mp4>02:40has the leopard print headband been picked up by the user,A.Yes,B.No,C.None,D.None,A,ev_31,0008_obj_leopard print headband_01,"At 02:40, she picked up the leopard print headband",worker_04,2025-12-10,accepted,global_json_list
egomonth_qa_000867,016,016,016_0008,016/016_0008.mp4,videos/016/016_0008.mp4,false,procedure_planning,Procedure Planning,Level 3: Cascading Reasoning,<016_0008.mp4>what is the order of user behavior in the first 3 minutes,A.Tidy up the desk -> Walk back to the entrance hall -> Take out the shoulder straps,B.Take items from the table -> Sort and store them -> Switch scenes to the living room,C.Rummaging through the desktop -> cleaning the cabinets -> tying a rope at the door,D.Put the things from the basket onto the table -> Put the things back into the basket,D,,,"In the first 3 minutes, the user first puts the things from the basket onto the table, then puts the things back into the basket",worker_04,2025-12-10,accepted,global_json_list
egomonth_qa_000868,016,016,016_0008,016/016_0008.mp4,videos/016/016_0008.mp4,false,event_counting,Event Counting,Level 3: Cascading Reasoning,<016_0008.mp4>how many times did the boy look good in the video,A.One,B.Two,C.Three,D.Four,B,ev_31,0008_obj_leopard print headband_01,once for glasses and once for leopard print headband,worker_04,2025-12-10,accepted,global_json_list
egomonth_qa_000869,016,016,016_0009,016/016_0009.mp4,videos/016/016_0009.mp4,false,detail_retrieval,Detail Retrieval,Level 2: Episodic Indexing,<016_0009.mp4>which layer has the most bottled preparations in the two tier structure of the drug storage rack,A.One,B.Two,C.None,D.None,B,,0009_obj_placing medicine rack_01,The second layer has the most bottled preparations in the two tier structure of the drug storage rack,worker_04,2025-12-11,accepted,global_json_list
egomonth_qa_000870,016,016,016_0009,016/016_0009.mp4,videos/016/016_0009.mp4,false,event_counting,Event Counting,Level 3: Cascading Reasoning,<016_0009.mp4>how many times did she pour medicine from the medicine can or tablet in total,A.One,B.Nine,C.Five,D.Seven,B,,0009_obj_placing medicine rack_01,She poured medicine from the medicine can or tablet a total of nine times,worker_04,2025-12-11,accepted,global_json_list
egomonth_qa_000871,016,016,016_0009,016/016_0009.mp4,videos/016/016_0009.mp4,false,event_counting,Event Counting,Level 3: Cascading Reasoning,<016_0009.mp4>how many times did she pour medicine from the medicine can or tablet in total,A.One,B.Nine,C.Five,D.Seven,B,,0009_obj_placing medicine rack_01,She poured medicine from the medicine can or tablet a total of nine times,worker_04,2025-12-11,accepted,global_json_list
egomonth_qa_000872,016,016,016_0009,016/016_0009.mp4,videos/016/016_0009.mp4,false,event_counting,Event Counting,Level 3: Cascading Reasoning,<016_0009.mp4>how many medicine boxes does she have in total,A.One,B.Nine,C.Five,D.Two,D,,0009_obj_medicine box_01|0009_obj_medicine box_02,She has a total of two medicine boxes,worker_04,2025-12-11,accepted,global_json_list
egomonth_qa_000873,016,016,016_0009,016/016_0009.mp4,videos/016/016_0009.mp4,false,detail_retrieval,Detail Retrieval,Level 2: Episodic Indexing,<016_0009.mp4>08:09what was the temperature displayed on the water dispenser when she received the water,A.50,B.30,C.90,D.40,D,ev_33,0009_obj_water dispenser_01,The temperature displayed on the water dispenser when she received the water was 40,worker_04,2025-12-11,accepted,global_json_list
egomonth_qa_000874,016,016,016_0009,016/016_0009.mp4,videos/016/016_0009.mp4,false,habit_inference,Habit Inference,Level 1: Schema Consolidation,<016_0009.mp4>based on the behavioral process which medication management approach does the user prefer,A.used in combination manually obtained as needed,B.randomly select before use,C.only eat when sick,D.None,A,ev_32,0009_obj_placing medicine rack_01|0009_obj_medicine box_01|0009_obj_medicine box_02,"The user prefers the medication management approach of using in combination manually obtained as needed, as evidenced by their organized storage and systematic retrieval of medications.",worker_04,2025-12-11,accepted,global_json_list
egomonth_qa_000875,016,016,016_0009,016/016_0009.mp4,videos/016/016_0009.mp4,false,habit_inference,Habit Inference,Level 1: Schema Consolidation,<016_0009.mp4>Which drug dispensing tools do users use at different time periods?,"A.Small button-and-pull medicine box, palm-sized medicine pick-up and retrieval assistance","B.Tweezers for holding medicine, medicine bottle auxiliary cylinder",C.Use sealed bags,D.Medicine dispenser at the health care station + classification label,A,ev_32,0009_obj_medicine box_01|0009_obj_medicine box_02,The user utilizes small button-and-pull medicine boxes and palm-sized medicine pick-up and retrieval assistance tools at different time periods for effective medication management.,worker_04,2025-12-11,accepted,global_json_list
egomonth_qa_000876,016,016,016_0009,016/016_0009.mp4,videos/016/016_0009.mp4,false,event_time,Event Time,Level 2: Episodic Indexing,<016_0009.mp4>which of the following operations is actually happening in frame 22:11,A.The user is pouring milk into a cup,B.The user is holding a bottle cap and getting ready to put it on,C.The user is putting the pills into the medicine box,D.The user is cleaning up tissues,A,,,"The user is pouring milk into a cup in frame 22:11, as indicated by the visual evidence in the video.",worker_04,2025-12-11,accepted,global_json_list
egomonth_qa_000877,016,016,016_0009,016/016_0009.mp4,videos/016/016_0009.mp4,false,object_location,Object Location,Level 2: Episodic Indexing,<016_0009.mp4>08:38what fruit is on the table,A.longan,B.grape,C.cherry tomato,D.kiwi fruit,A,,0009_obj_longan_01,"At 08:38, there is longan on the table",worker_04,2025-12-11,accepted,global_json_list
egomonth_qa_000878,016,016,016_0010,016/016_0010.mp4,videos/016/016_0010.mp4,false,detail_retrieval,Detail Retrieval,Level 2: Episodic Indexing,<016_0010.mp4>07:18which of the following seasoning bottles has a transparent round lid,A.salt shaker,B.vinegar,C.soy sauce,D.oil bottle,D,,0010_obj_oil bottle_01,"At 07:18, the oil bottle with a transparent round cap is identified",worker_04,2025-12-13,accepted,global_json_list
egomonth_qa_000879,016,016,016_0010,016/016_0010.mp4,videos/016/016_0010.mp4,false,event_time,Event Time,Level 2: Episodic Indexing,<016_0010.mp4>when were the sliced chili and garlic added to the pot,A.11:21,B.08:32,C.03:30,D.05:09,D,ev_36,,"At 05:09, the sliced chili and garlic were added to the pot",worker_04,2025-12-13,accepted,global_json_list
egomonth_qa_000880,016,016,016_0010,016/016_0010.mp4,videos/016/016_0010.mp4,false,event_time,Event Time,Level 2: Episodic Indexing,<016_0010.mp4>30:56what ingredients are in the pot,"A.tofu, minced, meat, chili, garlic","B.eggplant, tofu, minced, meat, chili","C.tofu, eggplant, minced, meat, garlic","D.tofu, eggplant, minced, meat, chili, garlic",A,ev_36,,"30:56 the ingredients in the pot are tofu, minced meat, chili, and garlic",worker_04,2025-12-13,accepted,global_json_list
egomonth_qa_000881,016,016,016_0010,016/016_0010.mp4,videos/016/016_0010.mp4,false,spatial_relation,Spatial Relation,Level 2: Episodic Indexing,<016_0010.mp4>36:02what is the position of the pot lid,A.hold it in your hand,B.cover tightly,C.not appearing in the video,D.on the right side of the pot,A,ev_36,,"At 36:02, the pot lid is held in the hand",worker_04,2025-12-13,accepted,global_json_list
egomonth_qa_000882,016,016,016_0010,016/016_0010.mp4,videos/016/016_0010.mp4,false,procedure_planning,Procedure Planning,Level 3: Cascading Reasoning,<016_0010.mp4>which of the following is the correct sequence for this cooking process,A.tofu->stir in eggplant->stir in chili->serve,B.tofu->stir in eggplant->stir in minced meat->serve,C.minced meat->stir in tofu->eggplant->serve,D.chili->minced meat->tofu->stir in chili and minced meat->eggplant->serve,D,ev_36,,The correct sequence for this cooking process is chili->minced meat->tofu->stir in chili and minced meat->eggplant->serve,worker_04,2025-12-13,accepted,global_json_list
egomonth_qa_000883,016,016,016_0010,016/016_0010.mp4,videos/016/016_0010.mp4,false,temporal_ordering,Temporal Ordering,Level 2: Episodic Indexing,<016_0010.mp4>which comes first washing vegetables or cutting chili peppers,A.washing vegetables comes first,B.cutting chili peppers comes first,C.both happen simultaneously,D.unable to determine,B,ev_36,,Washing vegetables happens after cutting chili peppers,worker_04,2025-12-13,accepted,global_json_list
egomonth_qa_000884,016,016,016_0010,016/016_0010.mp4,videos/016/016_0010.mp4,false,habit_inference,Habit Inference,Level 1: Schema Consolidation,<016_0010.mp4>does the user have a clear preference for continuous cooking techniques when cooking,A.gradually add ingredients and stir in stages,B.almost all ingredients are put into the pot at the same time,C.put only main ingredients without seasoning,D.add seasoning last without stirring,A,ev_36,,"016_0007,016_0010,The user gradually adds ingredients and stirs in stages when cooking",worker_04,2025-12-13,accepted,global_json_list
egomonth_qa_000885,016,016,016_0010,016/016_0010.mp4,videos/016/016_0010.mp4,false,habit_inference,Habit Inference,Level 1: Schema Consolidation,<016_0010.mp4>what is the user s preference for vegetable processing methods,A.the evolution of peeling picking and washing steps,B.wash the whole piece and cut it into pieces then stir fry,C.wash and cut simultaneously,D.put into the pot without washing,A,ev_36,,"016_0007,016_0010,The user prefers the evolution of peeling picking and washing steps for vegetable processing methods",worker_04,2025-12-13,accepted,global_json_list
egomonth_qa_000886,016,016,016_0010,016/016_0010.mp4,videos/016/016_0010.mp4,false,cross_view_spatial_reasoning,Cross-View Spatial Reasoning,Level 3: Cascading Reasoning,<016_0010.mp4>how should users follow the cooking path from the vegetable washing table to the stove,A.go straight through nakajima terrace and turn right,B.turn around directly from the sink,C.winding out from the short side of the l shaped kitchen,D.turn into the enclosed kitchen area on one side,B,ev_36,,"From the vegetable washing table to the stove, users should turn around directly from the sink",worker_04,2025-12-13,accepted,global_json_list
egomonth_qa_000887,016,016,016_0010,016/016_0010.mp4,videos/016/016_0010.mp4,false,event_counting,Event Counting,Level 3: Cascading Reasoning,<016_0010.mp4>how many different seasonings were added to the pot from 39:08 to 42:42,A.One,B.Two,C.Three,D.Four,D,ev_36|ev_37,0010_obj_oyster sauce_01,"From 39:08 to 42:42, four different seasonings were added to the pot",worker_04,2025-12-13,accepted,global_json_list
egomonth_qa_000888,016,016,016_0010,016/016_0010.mp4,videos/016/016_0010.mp4,false,habit_inference,Habit Inference,Level 1: Schema Consolidation,<016_0010.mp4>can you guess what kind of job a boy has,A.programmer,B.doctor,C.teacher,D.lawyer,A,,,code appears on the male computer screen in multiple videos such as 08:45 in 016_0010,worker_04,2025-12-13,accepted,global_json_list
egomonth_qa_000889,016,016,016_0010,016/016_0010.mp4,videos/016/016_0010.mp4,false,habit_inference,Habit Inference,Level 1: Schema Consolidation,<016_0010.mp4>what ingredients do girls like to use when cooking,"A.tofu, garlic, chili, minced meat","B.tomato, eggplant, tofu","C.eggplant, garlic, chili, corn","D.corn, tomato, minced meat",A,,,"girls like to use tofu, garlic, chili, and minced meat when cooking, appears in both 0007 and 0010",worker_04,2025-12-13,accepted,global_json_list
egomonth_qa_000890,016,016,016_0010,016/016_0010.mp4,videos/016/016_0010.mp4,false,event_time,Event Time,Level 2: Episodic Indexing,<016_0010.mp4>what is the condition of the ingredients in the wok at 0:20:02,A.just cooked tofu,B.stir fry all until cooked,C.only seasoning left,D.added meat already,A,ev_36,,"At 20:02, the condition of the ingredients in the wok is just cooked tofu",worker_04,2025-12-13,accepted,global_json_list
egomonth_qa_000891,016,016,016_0010,016/016_0010.mp4,videos/016/016_0010.mp4,false,event_time,Event Time,Level 2: Episodic Indexing,<016_0010.mp4>at 0:42:49 what container was the dish poured from the frying pan into,A.ceramic bowl with ears,B.metal bowl,C.red plastic basin,D.glass lunch box,B,ev_36,,"At 42:49, the dish was poured from the frying pan into a metal bowl",worker_04,2025-12-13,accepted,global_json_list
egomonth_qa_000892,016,016,016_0010,016/016_0010.mp4,videos/016/016_0010.mp4,false,event_counting,Event Counting,Level 3: Cascading Reasoning,<016_0010.mp4>how many bowls or plates were used to prepare the ingredients from processing to boiling,A.One,B.Four,C.Eleven,D.Twenty,B,ev_36,,A total of four bowls or plates were used to prepare the ingredients from processing to boiling,worker_04,2025-12-13,accepted,global_json_list
egomonth_qa_000893,016,016,016_0011,016/016_0011.mp4,videos/016/016_0011.mp4,false,spatial_relation,Spatial Relation,Level 2: Episodic Indexing,<016_0011.mp4>05:43where did she put the stir fried vegetables,A.on the table,B.still in the kitchen,C.in the pot,D.put it on the chair,A,,0011_obj_greens_01,"At 05:43, she put the stir fried vegetables on the table",worker_04,2025-12-13,accepted,global_json_list
egomonth_qa_000894,016,016,016_0011,016/016_0011.mp4,videos/016/016_0011.mp4,false,event_counting,Event Counting,Level 3: Cascading Reasoning,<016_0011.mp4>how many times did she add seasoning when stir frying vegetables,A.One,B.Two,C.Three,D.Four,A,ev_40,0011_obj_greens_01,"At 05:43, she put the stir fried vegetables on the table",worker_04,2025-12-13,accepted,global_json_list
egomonth_qa_000895,016,016,016_0012,016/016_0012.mp4,videos/016/016_0012.mp4,false,detail_retrieval,Detail Retrieval,Level 2: Episodic Indexing,<016_0012.mp4>00:21how many kiwis are there in the picture,A.Thirty,B.Ten,C.Three,D.Twenty,D,ev_41,0012_obj_kiwi fruit_01,00:21there are a total of twenty kiwis in the picture,worker_04,2025-12-13,accepted,global_json_list
egomonth_qa_000896,016,016,016_0013,016/016_0013.mp4,videos/016/016_0013.mp4,false,object_counting_global,Object Counting,Level 3: Cascading Reasoning,<016_0013.mp4>how many rooms does her family have in total excluding the living room and balcony,A.Five,B.Ten,C.Three,D.Twenty,A,,,"one bedroom, two storage rooms, one toilet and one kitchen",worker_04,2025-12-13,accepted,global_json_list
egomonth_qa_000897,016,016,016_0013,016/016_0013.mp4,videos/016/016_0013.mp4,false,direction_judgement,Direction Judgment,Level 3: Cascading Reasoning,<016_0013.mp4>standing in the living room how to get to her bedroom,A.go straight first then turn left,B.go straight ahead,C.go straight first then turn right,D.turn right directly,A,,,"From the living room to her bedroom, go straight first then turn left",worker_04,2025-12-13,accepted,global_json_list
egomonth_qa_000898,016,016,016_0013,016/016_0013.mp4,videos/016/016_0013.mp4,false,spatial_relation,Spatial Relation,Level 2: Episodic Indexing,<016_0013.mp4>which room is next to the bedroom,A.storeroom,B.toilet,C.kitchen,D.balcony,A,,,The room next to the bedroom is the storeroom,worker_04,2025-12-13,accepted,global_json_list
egomonth_qa_000899,016,016,016_0013,016/016_0013.mp4,videos/016/016_0013.mp4,false,habit_inference,Habit Inference,Level 1: Schema Consolidation,<016_0013.mp4>how does she usually handle the desktop area after meals,A.timely cleaning and keeping the work area clean,B.leave food residue untouched,C.None,D.None,B,,,there are often physical residues on the desktop,worker_04,2025-12-13,accepted,global_json_list
egomonth_qa_000900,016,016,016_0013,016/016_0014.mp4,videos/016/016_0014.mp4,false,detail_retrieval,Detail Retrieval,Level 2: Episodic Indexing,<016_0014.mp4>05:24what color is the comb on the table,A.black,B.white,C.red,D.purple,D,,0013_obj_comb_01,"At 05:24, the comb on the table is purple",worker_04,2025-12-13,accepted,global_json_list
egomonth_qa_000901,016,016,016_0014,016/016_0014.mp4,videos/016/016_0014.mp4,false,event_time,Event Time,Level 2: Episodic Indexing,<016_0014.mp4>what did the user do between the segments 01:05 and 01:36 in the video,A.observe the hallway after coming out of the room,B.take clothes from the hallway into the room,C.retrieve a box of clothing from the storage area and prepare to move it away,D.throw the organized clothes on the ground,C,ev_47,,"Between the segments 01:05 and 01:36 in the video, the user retrieved a box of clothing from the storage area and prepared to move it away.",worker_04,2025-12-14,accepted,global_json_list
egomonth_qa_000902,016,016,016_0014,016/016_0014.mp4,videos/016/016_0014.mp4,false,habit_inference,Habit Inference,Level 1: Schema Consolidation,<016_0014.mp4>what are users preferences for categorizing and placing items,A.organize by color,B.all mixed in one box,C.use multiple boxes to separate,D.use only simple bags for storage,C,ev_47|ev_48,0014_obj_storage box_01|0014_obj_storage box_02,"The user prefers to use multiple boxes to separate items for categorizing and placing, as evidenced by the use of different storage boxes in the video.",worker_04,2025-12-14,accepted,global_json_list
egomonth_qa_000903,016,016,016_0014,016/016_0014.mp4,videos/016/016_0014.mp4,false,spatial_relation,Spatial Relation,Level 2: Episodic Indexing,<016_0014.mp4>02:22where is her transparent storage box placed,A.on the right side of her foot,B.on the left side of her foot,C.on the table,D.in her hand,A,ev_47,0014_obj_storage box_01,"At 02:22, her transparent storage box is placed on the right side of her foot",worker_04,2025-12-14,accepted,global_json_list
egomonth_qa_000904,016,016,016_0014,016/016_0014.mp4,videos/016/016_0014.mp4,false,event_time,Event Time,Level 2: Episodic Indexing,<016_0014.mp4>what is she mainly doing in this video,A.cleaning and tidying up,B.play games,C.cooking,D.eat a meal,A,,,"In this video, she is mainly engaged in cleaning and tidying up.",worker_04,2025-12-14,accepted,global_json_list
egomonth_qa_000905,016,016,016_0015,016/016_0015.mp4,videos/016/016_0015.mp4,false,detail_retrieval,Detail Retrieval,Level 2: Episodic Indexing,<016_0015.mp4>how many people were there while drying the sheets,A.One,B.Two,C.Three,D.Four,B,ev_49,,"While drying the sheets, there were two people present as seen in the video segment.",worker_04,2025-12-14,accepted,global_json_list
egomonth_qa_000906,016,016,016_0015,016/016_0015.mp4,videos/016/016_0015.mp4,false,detail_retrieval,Detail Retrieval,Level 2: Episodic Indexing,<016_0015.mp4>01:28 what is the writing on the wall about,A.delicacy,B.her plans and strategies,C.the clothes to wear tomorrow,D.favorite movies,B,,,"At 01:28, the writing on the wall is about her plans and strategies.",worker_04,2025-12-14,accepted,global_json_list
egomonth_qa_000907,016,016,016_0015,016/016_0015.mp4,videos/016/016_0015.mp4,false,event_time,Event Time,Level 2: Episodic Indexing,<016_0015.mp4>07:20what did she do immediately after her boyfriend left,A.organize the hats hanging on the doorknob,B.eat a meal,C.put on a hat,D.go to the bathroom,A,,,"At 07:20, immediately after her boyfriend left, she organized the hats hanging on the doorknob.",worker_04,2025-12-14,accepted,global_json_list
egomonth_qa_000908,016,016,016_0015,016/016_0015.mp4,videos/016/016_0015.mp4,false,event_counting,Event Counting,Level 3: Cascading Reasoning,<016_0015.mp4>how many times did she enter the storage room throughout the entire video,A.One,B.Two,C.Three,D.Four,C,,,She entered the storage room three times throughout the entire video,worker_04,2025-12-14,accepted,global_json_list
egomonth_qa_000909,016,016,016_0016,016/016_0016.mp4,videos/016/016_0016.mp4,false,detail_retrieval,Detail Retrieval,Level 2: Episodic Indexing,<016_0016.mp4>how many bags did she carry when she left home,A.One,B.Two,C.Three,D.Four,B,,,a bag for personal belongings and a bag for food,worker_04,2025-12-14,accepted,global_json_list
egomonth_qa_000910,016,016,016_0016,016/016_0016.mp4,videos/016/016_0016.mp4,false,route_reasoning,Route Reasoning,Level 3: Cascading Reasoning,<016_0016.mp4>what was the route she took from leaving the community to meeting her boyfriend,A.go straight->turn right->turn right->turn left->turn right,B.go straight->turn right->turn right,C.go straight->turn left->turn right,D.go straight->turn left->turn right->turn left,A,,,she went straight first then turned right turned right again then left again and finally turned right to reach the place where she met her boyfriend,worker_04,2025-12-14,accepted,global_json_list
egomonth_qa_000911,016,016,016_0016,016/016_0016.mp4,videos/016/016_0016.mp4,false,event_counting,Event Counting,Level 3: Cascading Reasoning,<016_0016.mp4>how many times did she clearly wait for traffic lights in the entire video,A.One,B.Two,C.Three,D.Four,D,,,she clearly waited for traffic lights four times in the entire video,worker_04,2025-12-14,accepted,global_json_list
egomonth_qa_000912,016,016,016_0016,016/016_0016.mp4,videos/016/016_0016.mp4,false,detail_retrieval,Detail Retrieval,Level 2: Episodic Indexing,<016_0016.mp4>16:55 what operation did she perform on the phone,A.navigation,B.listen to music,C.reply message,D.watch short videos,A,,,she used navigation on the phone at 16:55,worker_04,2025-12-14,accepted,global_json_list
egomonth_qa_000913,016,016,016_0016,016/016_0016.mp4,videos/016/016_0016.mp4,false,detail_retrieval,Detail Retrieval,Level 2: Episodic Indexing,<016_0016.mp4>40:07 how many people were at their table,A.One,B.Two,C.Three,D.Four,D,,,"Besides her and her boyfriend, there were two other people at their table",worker_04,2025-12-14,accepted,global_json_list
egomonth_qa_000914,016,016,016_0016,016/016_0016.mp4,videos/016/016_0016.mp4,false,detail_retrieval,Detail Retrieval,Level 2: Episodic Indexing,<016_0016.mp4>00:24what is the humanoid figure with headphones on the table actually,A.tissue box,B.speaker,C.ashtray,D.water dispenser,A,,,there are tissues in the human mouth so it s a tissue box,worker_04,2025-12-14,accepted,global_json_list
egomonth_qa_000915,016,016,016_0016,016/016_0016.mp4,videos/016/016_0016.mp4,false,habit_inference,Habit Inference,Level 1: Schema Consolidation,<016_0016.mp4>what does she like to do while riding a bike,A.listen to music and sing,B.play on the phone,C.stay silent,D.eat snacks,A,,,She always prepares her headphones to listen to music before riding a bike,worker_04,2025-12-14,accepted,global_json_list
egomonth_qa_000916,016,016,016_0016,016/016_0016.mp4,videos/016/016_0016.mp4,false,direction_judgement,Direction Judgment,Level 3: Cascading Reasoning,<016_0016.mp4>06:09what was her turn at the intersection,A.turn right,B.turn left,C.go straight,D.make a U-turn,A,,,"At 06:09, her turn at the intersection was to turn right",worker_04,2025-12-14,accepted,global_json_list
egomonth_qa_000917,016,016,016_0016,016/016_0016.mp4,videos/016/016_0016.mp4,false,event_time,Event Time,Level 2: Episodic Indexing,<016_0016.mp4>08:30what is she doing,A.wait for the traffic light,B.cross the road quickly,C.eat snacks,D.play on the phone,A,,,"At 08:30, she was waiting for the traffic light",worker_04,2025-12-14,accepted,global_json_list
egomonth_qa_000918,016,016,016_0016,016/016_0016.mp4,videos/016/016_0016.mp4,false,spatial_relation,Spatial Relation,Level 2: Episodic Indexing,<016_0016.mp4>where did she put her green food bag while riding her bike,A.on the bike handlebar,B.place it on the foot pedal,C.hang it on the back of the bike seat,D.put it in the basket in front of the bike,B,,,She placed her green food bag on the foot pedal while riding her bike,worker_04,2025-12-14,accepted,global_json_list
egomonth_qa_000919,016,016,016_0016,016/016_0016.mp4,videos/016/016_0016.mp4,false,detail_retrieval,Detail Retrieval,Level 2: Episodic Indexing,<016_0016.mp4>what is the maximum speed of her electric scooter in kilometers per hour,A.30 km/h,B.15 km/h,C.20 km/h,D.25 km/h,D,,,the screen of the electric scooter displays,worker_04,2025-12-14,accepted,global_json_list
egomonth_qa_000920,016,016,016_0017,016/016_0017.mp4,videos/016/016_0017.mp4,false,detail_retrieval,Detail Retrieval,Level 2: Episodic Indexing,<016_0017.mp4>04:11can you tell from the delivery box which brand her water dispenser is,A.xiaomi,B.Apple,C.Siemens,D.Master Kong,A,ev_60,0017_obj_water dispenser_01|0017_obj_hose_01,"From the delivery box, her water dispenser is of the Xiaomi brand.",worker_04,2025-12-16,accepted,global_json_list
egomonth_qa_000921,016,016,016_0017,016/016_0017.mp4,videos/016/016_0017.mp4,false,event_counting,Event Counting,Level 3: Cascading Reasoning,<016_0017.mp4>how many packages did she unpack in the video,A.one,B.two,C.three,D.four,B,ev_60,,She unpacked two packages in the video.,worker_04,2025-12-16,accepted,global_json_list
egomonth_qa_000922,016,016,016_0018,016/016_0018.mp4,videos/016/016_0018.mp4,false,procedure_planning,Procedure Planning,Level 3: Cascading Reasoning,<016_0018.mp4>what is the order in which she goes out to prepare for work,A.Put on the helmet -> take the bag -> Put on the scarf -> take the clothes,B.Put on the scarf -> Put on the helmet -> take the bag -> take the clothes,C.Put on the helmet -> take the bag -> take the clothes -> Put on the scarf,D.take the clothes -> take the bag -> Put on the helmet -> Put on the scarf,B,,0018_obj_helmet_01,"She first puts on the scarf, then puts on the helmet, takes the bag, and finally takes the clothes to prepare for work.",worker_04,2025-12-16,accepted,global_json_list
egomonth_qa_000923,016,016,016_0019,016/016_0019.mp4,videos/016/016_0019.mp4,false,temporal_ordering,Temporal Ordering,Level 2: Episodic Indexing,<016_0019.mp4>what did she do before eating pizza,A.wear an apron,B.wear gloves,C.wash hands,D.take off clothes,B,,0019_obj_pizza_01,"Before eating pizza, she wore gloves to maintain hygiene",worker_04,2025-12-17,accepted,global_json_list
egomonth_qa_000924,016,016,016_0019,016/016_0019.mp4,videos/016/016_0019.mp4,false,detail_retrieval,Detail Retrieval,Level 2: Episodic Indexing,<016_0019.mp4>Did she use her left hand or right hand to eat pizza?,A.left hand,B.right hand,C.None,D.None,A,,0019_obj_pizza_01,She used her left hand to eat pizza.,worker_04,2025-12-17,accepted,global_json_list
egomonth_qa_000925,016,016,016_0019,016/016_0019.mp4,videos/016/016_0019.mp4,false,detail_retrieval,Detail Retrieval,Level 2: Episodic Indexing,<016_0019.mp4>What is written on the new laptop box at 09:08?,A.Dell XPS,B.MacBook Air,C.HP Spectre,D.Lenovo ThinkPad,B,,0019_obj_laptop_box_01,The new laptop box at 09:08 has 'MacBook Air' written on it.,worker_04,2025-12-17,accepted,global_json_list
egomonth_qa_000926,016,016,016_0021,016/016_0021.mp4,videos/016/016_0021.mp4,false,detail_retrieval,Detail Retrieval,Level 2: Episodic Indexing,<016_0021.mp4>what types of products are most of the parcels she bought this time,A.skincare products,B.electronic products,C.clothing,D.food,A,ev_75,,"Most of the parcels she bought this time are skincare products, as indicated by the items she unboxed in the video",worker_04,2025-12-17,accepted,global_json_list
egomonth_qa_000927,016,016,016_0021,016/016_0021.mp4,videos/016/016_0021.mp4,false,event_time,Event Time,Level 2: Episodic Indexing,<016_0021.mp4>What task is the user performing at 13:35?,A.Cleaning the table surface,B.Reading product instructions,C.Trying to connect the socket,D.Assembling the floor lamp,A,ev_74,0021_obj_table_01,The task they carried out at 13:35 was to clean the desktop,worker_04,2025-12-17,accepted,global_json_list
egomonth_qa_000928,016,016,016_0021,016/016_0021.mp4,videos/016/016_0021.mp4,false,habit_inference,Habit Inference,Level 1: Schema Consolidation,<016_0021.mp4>what is the main storage mode that users prefer,A.sort by storage box,B.unified labeling of label paper,C.vertical cabinet drawer style closure,D.concentrated stacking of compressed bags,A,ev_77,0021_obj_storage box_01,The user was sorting items by storage box,worker_04,2025-12-17,accepted,global_json_list
egomonth_qa_000929,016,016,016_0022,016/016_0022.mp4,videos/016/016_0022.mp4,false,event_time,Event Time,Level 2: Episodic Indexing,<016_0022.mp4>What was the user doing at 09:22?,A.view the user manual on your phone,B.close a packaging box,C.remove the foam protective layer,D.operate the power button,A,ev_78,,The user was viewing the user manual on her phone at 09:22,worker_04,2025-12-18,accepted,global_json_list
egomonth_qa_000930,016,016,016_0022,016/016_0022.mp4,videos/016/016_0022.mp4,false,spatial_relation,Spatial Relation,Level 2: Episodic Indexing,"<016_0022.mp4>At 21:46, where is the position of the white floor-standing fan relative to the green folding chair?",A.lower left,B.upper right,C.upper left,D.center stacked,A,,0022_obj_chair_01|0022_obj_electric fan_01,The white floor-standing fan is positioned lower left relative to the green folding chair at 21:46,worker_04,2025-12-18,accepted,global_json_list
egomonth_qa_000931,016,016,016_0022,016/016_0022.mp4,videos/016/016_0022.mp4,false,self_localization,Self-Localization,Level 2: Episodic Indexing,<016_0022.mp4>where did the user organize and store it,A.living room,B.kitchen,C.bedroom,D.study,A,,,The user organized and stored it in the living room,worker_04,2025-12-18,accepted,global_json_list
egomonth_qa_000932,016,016,016_0023,016/016_0023.mp4,videos/016/016_0023.mp4,false,procedure_planning,Procedure Planning,Level 3: Cascading Reasoning,<016_0023.mp4>which of the following describes the correct sequence of the user s mac book unboxing operation in the video,A.Take out the packaging box -> Unwrap the tape -> Open the cover of the laptop -> Connect the power adapter,B.Unwrap the tape -> Take out the packaging box -> Connect the power adapter -> Open the cover of the laptop,C.Take out the packaging box -> Unwrap the tape -> Open the cover of the laptop -> Remove the protective film -> Power on,D.Take out the packaging box -> Unwrap the tape -> Open the cover of the laptop -> Power on,C,ev_79,0023_obj_laptop_01,The correct sequence of the user's MacBook unboxing operation in the video is: Take out the packaging box -> Unwrap the tape -> Open the cover of the laptop -> Remove the protective film -> Power on.,worker_04,2025-12-18,accepted,global_json_list
egomonth_qa_000933,016,016,016_0024,016/016_0024.mp4,videos/016/016_0024.mp4,false,detail_retrieval,Detail Retrieval,Level 2: Episodic Indexing,<016_0024.mp4>00:13what s on her finger,A.band aid,B.glove,C.ring,D.dirt,A,,0024_obj_band-aid_01,The band aid on her finger is visible at 00:13 in the video,worker_04,2025-12-18,accepted,global_json_list
egomonth_qa_000934,016,016,016_0024,016/016_0024.mp4,videos/016/016_0024.mp4,false,habit_inference,Habit Inference,Level 1: Schema Consolidation,<016_0024.mp4>what are her habits when looking for her phone,A.calling siri,B.using another phone to call her phone,C.asking others for help,D.searching silently,A,,,The user calls Siri when looking for her phone in the video.,worker_04,2025-12-18,accepted,global_json_list
egomonth_qa_000935,016,016,016_0025,016/016_0025.mp4,videos/016/016_0025.mp4,false,habit_inference,Habit Inference,Level 1: Schema Consolidation,<016_0025.mp4>what is her habit of organizing snacks,A.unpack the packaging and place it haphazardly,B.open the packaging and put it in the snack cart in pieces,C.put it directly into the snack cart without unpacking,D.ununpacking and disorderly placement,B,,,The user opens the packaging and puts the snacks in the snack cart in pieces in the video.,worker_04,2025-12-19,accepted,global_json_list
egomonth_qa_000936,016,016,016_0025,016/016_0025.mp4,videos/016/016_0025.mp4,false,spatial_relation,Spatial Relation,Level 2: Episodic Indexing,<016_0025.mp4>10:15where are the consumption receipts placed,A.place it in the bottom left corner of the table,B.place it in the upper right corner of the table,C.place it in the center of the table,D.hold it in hand,A,ev_85,0025_obj_consumption receipts_01,The user opens the packaging and puts the snacks in the snack cart in pieces in the video.,worker_04,2025-12-19,accepted,global_json_list
egomonth_qa_000937,016,016,016_0025,016/016_0025.mp4,videos/016/016_0025.mp4,false,event_time,Event Time,Level 2: Episodic Indexing,<016_0025.mp4>01:24what is this person doing,A.cut open the outer packaging of the beverage,B.cleaning the floor,C.wash fruits,D.packing luggage,A,ev_84,0025_obj_a box of beverages_01,The user cuts open the outer packaging of the beverage in the video.,worker_04,2025-12-19,accepted,global_json_list
egomonth_qa_000938,016,016,016_0025,016/016_0025.mp4,videos/016/016_0025.mp4,false,spatial_relation,Spatial Relation,Level 2: Episodic Indexing,<016_0025.mp4>which of the following positions in the video does a weight scale appear,A.on the table,B.against the wall in the exercise area,C.by the sink,D.at the wardrobe door,B,,0025_obj_weighing scale_01,"At 21:13, a weight scale appears against the wall in the exercise area on the right side.",worker_04,2025-12-19,accepted,global_json_list
egomonth_qa_000939,016,016,016_0025,016/016_0025.mp4,videos/016/016_0025.mp4,false,habit_inference,Habit Inference,Level 1: Schema Consolidation,<016_0025.mp4>how do users handle receipts after shopping,A.discard directly from the trash can,B.placed in a diary,C.photo archive,D.throw it in the bag,C,ev_85,0025_obj_consumption receipts_01,The user handles receipts by photo archiving them after shopping in the video.,worker_04,2025-12-19,accepted,global_json_list
egomonth_qa_000940,016,016,016_0025,016/016_0025.mp4,videos/016/016_0025.mp4,false,cross_view_spatial_reasoning,Cross-View Spatial Reasoning,Level 3: Cascading Reasoning,<016_0025.mp4>how should i go from the table where the rat cage is placed to the table where drinks and computers are placed,A.turn around and walk straight ahead,B.turn around and walk ahead to the left,C.turn around and walk forward to the right,D.go straight ahead to the right,B,ev_85,0025_obj_a bottle of water_01|0025_obj_computer_01,The user turns around and walks ahead to the left from the table where the rat cage is placed to the table where drinks and computers are placed in the video.,worker_04,2025-12-19,accepted,global_json_list
egomonth_qa_000941,016,016,016_0026,016/016_0026.mp4,videos/016/016_0026.mp4,false,self_localization,Self-Localization,Level 2: Episodic Indexing,<016_0026.mp4>which room do users prefer to paint their makeup in,A.toilet,B.bedroom,C.living room,D.kitchen,A,ev_93,,Users prefer to paint their makeup in the toilet in the video.,worker_04,2025-12-19,accepted,global_json_list
egomonth_qa_000942,016,016,016_0026,016/016_0026.mp4,videos/016/016_0026.mp4,false,habit_inference,Habit Inference,Level 1: Schema Consolidation,<016_0026.mp4>what do users like to do before applying makeup,A.first clean the powder puff,B.wash her face first,C.directly use the makeup tools taken out of the makeup box,D.wash both her face and the powder puff,A,ev_101,0026_obj_powder puff_01,The user first cleans the powder puff before applying makeup in the video.,worker_04,2025-12-19,accepted,global_json_list
egomonth_qa_000943,016,016,016_0026,016/016_0026.mp4,videos/016/016_0026.mp4,false,procedure_planning,Procedure Planning,Level 3: Cascading Reasoning,<016_0026.mp4>what is the main order of user makeup,A.foundation -> eyeshadow blush -> powder compact -> shadow -> Highlight -> powder compact -> lipstick,B.eyeshadow blush -> foundation -> powder compact -> shadow -> Highlight -> powder compact -> lipstick,C.foundation -> eyeshadow blush -> powder compact -> lipstick -> shadow -> Highlight -> powder compact,D.foundation -> Highlight -> eyeshadow blush -> powder compact -> shadow -> powder compact -> lipstick,B,ev_93,0026_obj_cosmetic box_01,her makeup sequence is to apply eye shadow powder blusher first then foundation make up then loose powder then eye shadow highlight and finally lipstick,worker_04,2025-12-19,accepted,global_json_list
egomonth_qa_000944,016,016,016_0026,016/016_0026.mp4,videos/016/016_0026.mp4,false,habit_inference,Habit Inference,Level 1: Schema Consolidation,<016_0026.mp4>What habitual action does the user frequently perform in the video?,A.put your hands in front of the camera and shake them twice,B.suddenly sit down,C.keep silent,D.read a book,A,,,for example at the beginning and end of video 26 users habitually place their hands in front of the camera and shake them twice,worker_04,2025-12-19,accepted,global_json_list
egomonth_qa_000945,016,016,016_0026,016/016_0026.mp4,videos/016/016_0026.mp4,false,habit_inference,Habit Inference,Level 1: Schema Consolidation,<016_0026.mp4>which design concept is most suitable for users to choose when storing these makeup products,A.grouping styles by color,B.using frequency + function side by side,C.only use vertical containers for quick access,D.products stored by brand in boxes,C,ev_93,0026_obj_cosmetic box_01,"The user arranges the makeup products in vertical containers for quick access, indicating a preference for this storage method.",worker_04,2025-12-19,accepted,global_json_list
egomonth_qa_000946,016,016,016_0026,016/016_0026.mp4,videos/016/016_0026.mp4,false,habit_inference,Habit Inference,Level 1: Schema Consolidation,<016_0026.mp4>How does the user habitually use the cushion powder compact?,A.complete it all at once,B.use multiple staged adjustments to the base makeup,C.None,D.None,B,ev_93,0026_obj_powder_01,The user habitually uses multiple staged adjustments to the base makeup with the cushion powder compact.,worker_04,2025-12-19,accepted,global_json_list
egomonth_qa_000947,016,016,016_0026,016/016_0026.mp4,videos/016/016_0026.mp4,false,spatial_relation,Spatial Relation,Level 2: Episodic Indexing,<016_0026.mp4>has the position of the kimtrue can shaped skincare product in the upper left corner of the entire video changed,A.it has never been passive,B.after being picked up and used put it back,C.it was moved to the lower right in the middle,D.it was moved to the lower left in the middle,A,ev_93,,The position of the kimtrue can shaped skincare product in the upper left corner of the entire video has never been passive.,worker_04,2025-12-19,accepted,global_json_list
egomonth_qa_000948,016,016,016_0026,016/016_0026.mp4,videos/016/016_0026.mp4,false,event_counting,Event Counting,Level 3: Cascading Reasoning,<016_0026.mp4>00:06how many bowls or boxes of food are placed on the dining table in the picture,A.1,B.2,C.3,D.4,B,,,"At 00:06, there are 2 bowls or boxes of food placed on the dining table in the picture.",worker_04,2025-12-19,accepted,global_json_list
egomonth_qa_000949,016,016,016_0027,016/016_0027.mp4,videos/016/016_0027.mp4,false,detail_retrieval,Detail Retrieval,Level 2: Episodic Indexing,<016_0027.mp4>03:07what/can/be/inferred/from/her/phone/screen/and/the/computer/in/front/of/her/now,A.she learned how to use a computer touch screen tutorial on her phone,B.watch short videos,C.watch tv series,D.write code,A,ev_103|ev_104,0027_obj_laptop_01|0027_obj_mobile_phone_01,she learned how to use a computer touch screen tutorial through her phone in front of the computer,worker_04,2025-12-19,accepted,global_json_list
egomonth_qa_000950,016,016,016_0027,016/016_0027.mp4,videos/016/016_0027.mp4,false,object_location,Object Location,Level 2: Episodic Indexing,<016_0027.mp4>there are several drawers on the left side of the table she uses,A.One,B.Two,C.Three,D.Four,C,,,11:50can see that the cabinet has three handles,worker_04,2025-12-19,accepted,global_json_list
egomonth_qa_000951,016,016,016_0027,016/016_0027.mp4,videos/016/016_0027.mp4,false,habit_inference,Habit Inference,Level 1: Schema Consolidation,<016_0027.mp4>what do users like to do while sitting in front of a computer to work,A.leg shaking,B.stay still,C.eat a meal,D.read novels,A,,,the camera keeps shaking,worker_04,2025-12-19,accepted,global_json_list
egomonth_qa_000952,016,016,016_0027,016/016_0027.mp4,videos/016/016_0027.mp4,false,habit_inference,Habit Inference,Level 1: Schema Consolidation,<016_0027.mp4>can we infer from this video that the user is a focused person?,A.Yes,B.No,C.None,D.None,A,ev_102,,she never got up while using the computer,worker_04,2025-12-19,accepted,global_json_list
egomonth_qa_000953,017,017,017_0003,017/017_0003.mp4,videos/017/017_0003.mp4,true,detail_retrieval,Detail Retrieval,Level 2: Episodic Indexing,<017_0003.mp4>Where is the hair dryer placed?,A.on the table,B.in bed,C.in the drawer,D.in the wardrobe,C,ev_02,0003_obj_hair dryer_01,The hair dryer appeared in the video at 00:04:48-00:04:55,worker_06,2025-12-6,accepted,global_json_list
egomonth_qa_000954,017,017,017_0003,017/017_0003.mp4,videos/017/017_0003.mp4,true,detail_retrieval,Detail Retrieval,Level 2: Episodic Indexing,<017_0003.mp4>What is the embroidered pattern on the sleeves of the shirt I am wearing?,A.MICKEY Mouse,B.elephant,C.dog,D.cat,A,ev_03,,The MICKEY Mouse appeared in the video at 00:06:09-00:06:23,worker_06,2025-12-6,accepted,global_json_list
egomonth_qa_000955,017,017,017_0003,017/017_0003.mp4,videos/017/017_0003.mp4,true,habit_inference,Habit Inference,Level 1: Schema Consolidation,<017_0003.mp4>What flavors of food do the people in the video like?,A.light,B.greasy,C.None,D.None,A,ev_04,0003_obj_mobile phone_01,The habit of searching for recipes.,worker_06,2025-12-6,accepted,global_json_list
egomonth_qa_000956,017,017,017_0003,017/017_0003.mp4,videos/017/017_0003.mp4,true,object_counting_global,Object Counting,Level 3: Cascading Reasoning,<017_0003.mp4>How many marker pens are there on the wall?,A.1,B.3,C.4,D.5,D,ev_05,0003_obj_pen_01,The pen appeared in the video at 00:18:40-00:18:53,worker_06,2025-12-6,accepted,global_json_list
egomonth_qa_000957,017,017,017_0003,017/017_0003.mp4,videos/017/017_0003.mp4,true,object_location,Object Location,Level 2: Episodic Indexing,"<017_0003.mp4>Is there a banana in the food taken out of the refrigerator,yes or no?",A.yes,B.no,C.None,D.None,A,ev_06,0003_obj_banana_01,The banana appeared in the video at 00:20:26-00:20:37,worker_06,2025-12-6,accepted,global_json_list
egomonth_qa_000958,017,017,017_0003,017/017_0003.mp4,videos/017/017_0003.mp4,true,object_location,Object Location,Level 2: Episodic Indexing,<017_0003.mp4>How many beds are there in the room?,A.1,B.2,C.3,D.4,A,ev_07,0003_obj_bed_01,The bed appeared in the video at 00:26:40-00:27:10,worker_06,2025-12-6,accepted,global_json_list
egomonth_qa_000959,017,017,017_0003,017/017_0003.mp4,videos/017/017_0003.mp4,true,object_location,Object Location,Level 2: Episodic Indexing,<017_0003.mp4>What utensils are used during meals?,A.chopsticks,B.spoon,C.None,D.None,B,ev_07,0003_obj_spoon_01,The spoon appeared in the video at 00:31:05-00:31:36,worker_06,2025-12-6,accepted,global_json_list
egomonth_qa_000960,017,017,017_0003,017/017_0003.mp4,videos/017/017_0003.mp4,true,object_location,Object Location,Level 2: Episodic Indexing,"<017_0003.mp4>After turning on the computer, what day of the week is displayed on the desktop?",A.Mondey,B.Tuesday,C.Wednesday,D.Thursday,B,ev_08,0003_obj_laptop_01,The laptop appeared in the video at 00:39:00-00:39:10,worker_06,2025-12-6,accepted,global_json_list
egomonth_qa_000961,017,017,017_0004,017/017_0004.mp4,videos/017/017_0004.mp4,false,object_location,Object Location,Level 2: Episodic Indexing,<017_0004.mp4>Where is the thermos cup placed in the rest corner?,A.on the ground,B.on the table,C.on the sofa,D.on the chair,B,ev_09,0004_obj_thermos cup_01,The thermos cup appeared in the video at 00:00:10-00:00:35,worker_06,2025-12-7,accepted,global_json_list
egomonth_qa_000962,017,017,017_0004,017/017_0004.mp4,videos/017/017_0004.mp4,false,object_location,Object Location,Level 2: Episodic Indexing,<017_0004.mp4>how many books are there on the table in the rest corner?,A.two,B.three,C.four,D.five,A,ev_09,0004_obj_books_01,The books appeared in the video at 00:00:07-00:00:35,worker_06,2025-12-7,accepted,global_json_list
egomonth_qa_000963,017,017,017_0004,017/017_0004.mp4,videos/017/017_0004.mp4,false,route_reasoning,Route Reasoning,Level 3: Cascading Reasoning,<017_0004.mp4>How many minutes did it take to take the subway?,A.2 minutes,B.12 minutes,C.22 minutes,D.32 minutes,C,ev_10,,The subway ride time is 00:13:27-00:34:59,worker_06,2025-12-7,accepted,global_json_list
egomonth_qa_000964,017,017,017_0004,017/017_0004.mp4,videos/017/017_0004.mp4,false,route_reasoning,Route Reasoning,Level 3: Cascading Reasoning,"<017_0004.mp4>Are there any available seats on the subway,yes or no?",A.yes,B.no,C.None,D.None,B,ev_10,,The subway ride time is 00:13:27-00:34:59,worker_06,2025-12-7,accepted,global_json_list
egomonth_qa_000965,017,017,017_0004,017/017_0004.mp4,videos/017/017_0004.mp4,false,object_location,Object Location,Level 2: Episodic Indexing,<017_0004.mp4>Where is the fire extinguisher?,A.on the table,B.no the ground,C.on the ceiling,D.on the wall,D,ev_11,,The fire extinguisher is 00:35:27-00:41:12,worker_06,2025-12-7,accepted,global_json_list
egomonth_qa_000966,017,017,017_0005,017/017_0005.mp4,videos/017/017_0005.mp4,false,object_location,Object Location,Level 2: Episodic Indexing,<017_0005.mp4>Where is the rag?,A.on the table,B.on the ground,C.on the faucet,D.on the wall,C,ev_12,,The rag is 00:21:27-00:21:50,worker_06,2025-12-8,accepted,global_json_list
egomonth_qa_000967,017,017,017_0005,017/017_0005.mp4,videos/017/017_0005.mp4,false,procedure_planning,Procedure Planning,Level 3: Cascading Reasoning,<017_0005.mp4>Is oil or water added first when cooking?,A.oil,B.water,C.None,D.None,A,ev_14,,This scene appeared at 00:32:15-00:34:01,worker_06,2025-12-8,accepted,global_json_list
egomonth_qa_000968,017,017,017_0005,017/017_0005.mp4,videos/017/017_0005.mp4,false,procedure_planning,Procedure Planning,Level 3: Cascading Reasoning,<017_0005.mp4>What is the order of cleaning utensils after meals?,A.bowl-pot-chooping board-rag,B.pot-bowl-chooping board-rag,C.bowl-chooping board-pot-rag,D.chooping board-bowl-rag-pot,A,ev_17,,This scene appeared at 01:26:36-01:33:59,worker_06,2025-12-8,accepted,global_json_list
egomonth_qa_000969,017,017,017_0005,017/017_0005.mp4,videos/017/017_0005.mp4,false,temporal_ordering,Temporal Ordering,Level 2: Episodic Indexing,<017_0005.mp4>Do girls put mushrooms or noodles first when making mushroom noodles?,A.noodles,B.mushrooms,C.None,D.None,B,ev_18,,This scene appeared at 01:35:00-01:52:58,worker_06,2025-12-8,accepted,global_json_list
egomonth_qa_000970,017,017,017_0005,017/017_0005.mp4,videos/017/017_0005.mp4,false,temporal_ordering,Temporal Ordering,Level 2: Episodic Indexing,<017_0005.mp4>Is the utensil used by girls to eat mushroom noodles a pot or a bowl?,A.pot,B.bowl,C.None,D.None,A,ev_19,,This scene appeared at 01:53:19-02:13:20,worker_06,2025-12-8,accepted,global_json_list
egomonth_qa_000971,017,017,017_0005,017/017_0005.mp4,videos/017/017_0005.mp4,false,temporal_ordering,Temporal Ordering,Level 2: Episodic Indexing,<017_0005.mp4>Where are the scallions used by girls to make mushroom noodles?,A.on the ground,B.on the windowsill,C.under the table,D.bedside,B,ev_18,,This scene appeared at 01:39:05-01:40:16,worker_06,2025-12-8,accepted,global_json_list
egomonth_qa_000972,017,017,017_0005,017/017_0005.mp4,videos/017/017_0005.mp4,false,temporal_ordering,Temporal Ordering,Level 2: Episodic Indexing,<017_0005.mp4>Where does a girl put her phone when cleaning dishes?,A.in bed,B.on the windowsill,C.Beside the sink,D.on the chair,C,ev_20,,This scene appeared at 02:13:19-02:21:20,worker_06,2025-12-8,accepted,global_json_list
egomonth_qa_000973,017,017,017_0005,017/017_0005.mp4,videos/017/017_0005.mp4,false,temporal_ordering,Temporal Ordering,Level 2: Episodic Indexing,<017_0005.mp4>Where are the instant noodles?,A.In the drawer,B.on the windowsill,C.Beside the sink,D.on the chair,A,ev_21,,This scene appeared at 02:23:05-02:23:26,worker_06,2025-12-8,accepted,global_json_list
egomonth_qa_000974,017,017,017_0005,017/017_0005.mp4,videos/017/017_0005.mp4,false,detail_retrieval,Detail Retrieval,Level 2: Episodic Indexing,<017_0005.mp4>What seasoning did the girl add to the seasoning box?,A.soy sauce,B.vinegar,C.black pepper,D.star anise,C,ev_22,,This scene appeared at 02:26:00-02:32:06,worker_06,2025-12-8,accepted,global_json_list
egomonth_qa_000975,017,017,017_0006,017/017_0006.mp4,videos/017/017_0006.mp4,false,event_counting,Event Counting,Level 3: Cascading Reasoning,<017_0006.mp4>How many minutes did the girl walk home from the store?,A.8 minutes,B.18 minutes,C.28 minutes,D.38 minutes,C,ev_24,,This scene appeared at 00:02:26-00:29:29,worker_06,2025-12-8,accepted,global_json_list
egomonth_qa_000976,017,017,017_0006,017/017_0006.mp4,videos/017/017_0006.mp4,false,event_counting,Event Counting,Level 3: Cascading Reasoning,<017_0006.mp4>How many benches did the girl see on the road?,A.1,B.2,C.3,D.greater than 5,D,ev_24,,This scene appeared at 00:02:26-00:29:29,worker_06,2025-12-8,accepted,global_json_list
egomonth_qa_000977,017,017,017_0006,017/017_0006.mp4,videos/017/017_0006.mp4,false,event_counting,Event Counting,Level 3: Cascading Reasoning,<017_0006.mp4>How many roadside bins did you see on your way home?,A.1,B.2,C.3,D.greater than 4,D,ev_24,,This scene appeared at 00:02:26-00:29:29,worker_06,2025-12-8,accepted,global_json_list
egomonth_qa_000978,017,017,017_0006,017/017_0006.mp4,videos/017/017_0006.mp4,false,object_location,Object Location,Level 2: Episodic Indexing,<017_0006.mp4>Did you see a woman pushing a baby stroller on the road?,A.yes,B.No,C.None,D.None,A,ev_24,,This scene appeared at 00:25:09-00:25:16,worker_06,2025-12-8,accepted,global_json_list
egomonth_qa_000979,017,017,017_0006,017/017_0006.mp4,videos/017/017_0006.mp4,false,object_location,Object Location,Level 2: Episodic Indexing,<017_0006.mp4>What does the warning sign in the apartment building say?,A.No occupation of fire escape routes.,B.Pay attention to electrical safety.,C.No high-rise littering.,D.Work in Progress,D,ev_25,,This scene appeared at 00:30:09-00:31:16,worker_06,2025-12-8,accepted,global_json_list
egomonth_qa_000980,017,017,017_0006,017/017_0006.mp4,videos/017/017_0006.mp4,false,detail_retrieval,Detail Retrieval,Level 2: Episodic Indexing,<017_0006.mp4>What floor does the girl live on?,A.3,B.5,C.6,D.7,B,ev_25,,This scene appeared at 00:31:40-00:31:57,worker_06,2025-12-8,accepted,global_json_list
egomonth_qa_000981,017,017,017_0007,017/017_0007.mp4,videos/017/017_0007.mp4,false,object_location,Object Location,Level 2: Episodic Indexing,<017_0007.mp4>What is poured onto the bread?,A.vinegar,B.milk,C.water,D.soy sauce,B,ev_26,,This scene appeared at 00:04:10-00:04:20,worker_06,2025-12-9,accepted,global_json_list
egomonth_qa_000982,017,017,017_0007,017/017_0007.mp4,videos/017/017_0007.mp4,false,object_location,Object Location,Level 2: Episodic Indexing,<017_0007.mp4>What do you want to cut with a small knife?,A.banana,B.apple,C.pear,D.orange,A,ev_26,,This scene appeared at 00:05:40-00:06:13,worker_06,2025-12-9,accepted,global_json_list
egomonth_qa_000983,017,017,017_0007,017/017_0007.mp4,videos/017/017_0007.mp4,false,object_location,Object Location,Level 2: Episodic Indexing,<017_0007.mp4>What is the pattern on the sleeping pants?,A.MICKEY Mouse,B.elephant,C.dog,D.cat,A,ev_27,,This scene appeared at 00:13:25-00:15:06,worker_06,2025-12-9,accepted,global_json_list
egomonth_qa_000984,017,017,017_0007,017/017_0007.mp4,videos/017/017_0007.mp4,false,detail_retrieval,Detail Retrieval,Level 2: Episodic Indexing,<017_0007.mp4>Are shrimp fresh or frozen?,A.fresh,B.frozen,C.None,D.None,B,ev_30,,This scene appeared at 00:32:15-00:37:50,worker_06,2025-12-9,accepted,global_json_list
egomonth_qa_000985,017,017,017_0007,017/017_0007.mp4,videos/017/017_0007.mp4,false,object_location,Object Location,Level 2: Episodic Indexing,<017_0007.mp4>What should be added before stir frying cucumbers?,A.Onion?,B.water,C.None,D.None,A,ev_32,,This scene appeared at 00:47:50-00:49:00,worker_06,2025-12-9,accepted,global_json_list
egomonth_qa_000986,017,017,017_0007,017/017_0007.mp4,videos/017/017_0007.mp4,false,object_location,Object Location,Level 2: Episodic Indexing,<017_0007.mp4>What was cleaned before eating?,A.rag?,B.chooping board,C.spice box,D.pot,A,ev_34,,This scene appeared at 00:59:00-01:02:00,worker_06,2025-12-9,accepted,global_json_list
egomonth_qa_000987,017,017,017_0009,017/017_0009.mp4,videos/017/017_0009.mp4,false,object_location,Object Location,Level 2: Episodic Indexing,<017_0009.mp4>Where are the glasses?,A.on the table,B.in bed,C.in the drawer,D.in the wardrobe,A,ev_44,,This scene appeared at 00:08:40-00:08:50,worker_06,2025-12-9,accepted,global_json_list
egomonth_qa_000988,017,017,017_0009,017/017_0009.mp4,videos/017/017_0009.mp4,false,object_location,Object Location,Level 2: Episodic Indexing,<017_0009.mp4>How many pens are there on the whiteboard?,A.1,B.2,C.3,D.4,B,ev_44,,This scene appeared at 00:09:10,worker_06,2025-12-9,accepted,global_json_list
egomonth_qa_000989,017,017,017_0009,017/017_0009.mp4,videos/017/017_0009.mp4,false,detail_retrieval,Detail Retrieval,Level 2: Episodic Indexing,<017_0009.mp4>What did the girl eat?,A.milk+blueberries+noodles,B.Bread+noodles+rice+burger,C.Bread+milk+burger,D.Bread+milk+blueberries,D,ev_45,,This scene appeared at 00:09:10,worker_06,2025-12-9,accepted,global_json_list
egomonth_qa_000990,017,017,017_0010,017/017_0010.mp4,videos/017/017_0010.mp4,false,object_location,Object Location,Level 2: Episodic Indexing,<017_0010.mp4>What is the shape of the watch?,A.rotundity,B.square,C.oval,D.triangle,C,ev_46,,This scene appeared at 00:00:00-00:00:15,worker_06,2025-12-9,accepted,global_json_list
egomonth_qa_000991,017,017,017_0010,017/017_0010.mp4,videos/017/017_0010.mp4,false,object_counting_global,Object Counting,Level 3: Cascading Reasoning,<017_0010.mp4>How many potted plants are there on the windowsill?,A.2,B.3,C.4,D.5,D,ev_50,,This scene appeared at 00:04:00-00:04:40,worker_06,2025-12-9,accepted,global_json_list
egomonth_qa_000992,017,017,017_0010,017/017_0010.mp4,videos/017/017_0010.mp4,false,procedure_planning,Procedure Planning,Level 3: Cascading Reasoning,<017_0010.mp4>The order of making noodles?,A.Spinach-mushrooms-water-noodles,B.mushrooms-water-noodles-Spinach,C.water-noodles-Spinach-mushrooms,D.noodles-Spinach-mushrooms-water,A,ev_51,,This scene appeared at 00:05:00-00:13:40,worker_06,2025-12-9,accepted,global_json_list
egomonth_qa_000993,017,017,017_0010,017/017_0010.mp4,videos/017/017_0010.mp4,false,object_location,Object Location,Level 2: Episodic Indexing,<017_0010.mp4>Are there napkins on the table?,A.Yes,B.No,C.None,D.None,A,ev_52,,This scene appeared at 00:14:00-00:14:40,worker_06,2025-12-9,accepted,global_json_list
egomonth_qa_000994,017,017,017_0010,017/017_0010.mp4,videos/017/017_0010.mp4,false,object_location,Object Location,Level 2: Episodic Indexing,<017_0010.mp4>What color is the mouse?,A.white,B.green,C.blue,D.yellow,A,ev_52,,This scene appeared at 00:14:00-00:14:40,worker_06,2025-12-9,accepted,global_json_list
egomonth_qa_000995,017,017,017_0010,017/017_0010.mp4,videos/017/017_0010.mp4,false,object_counting_global,Object Counting,Level 3: Cascading Reasoning,<017_0010.mp4>How many minutes did it take to eat noodles?,A.15,B.5,C.25,D.35,A,ev_52,,This scene appeared at 00:13:45-00:28:29,worker_06,2025-12-9,accepted,global_json_list
egomonth_qa_000996,017,017,017_0001,017/017_0001.mp4,videos/017/017_0001.mp4,false,object_location,Object Location,Level 2: Episodic Indexing,<017_0001.mp4>Is the girl going out through a revolving door?,A.yes,B.No,C.None,D.None,A,ev_53,,This scene appeared at 00:00:27-00:01:30,worker_06,2025-12-9,accepted,global_json_list
egomonth_qa_000997,017,017,017_0001,017/017_0001.mp4,videos/017/017_0001.mp4,false,detail_retrieval,Detail Retrieval,Level 2: Episodic Indexing,<017_0001.mp4>Is the supermarket automatic checkout or manual checkout?,A.automatic checkout,B.manual checkout,C.None,D.None,A,ev_59,,This scene appeared at 00:13:22-00:20:30,worker_06,2025-12-9,accepted,global_json_list
egomonth_qa_000998,017,017,017_0008,017/017_0008.mp4,videos/017/017_0008.mp4,true,object_location,Object Location,Level 2: Episodic Indexing,<017_0008.mp4>Where is the spoon?,A.white dish,B.red dish,C.blue dish,D.green dish,A,ev_60,,This scene appeared at 00:01:00-00:1:33,worker_06,2025-12-9,accepted,global_json_list
egomonth_qa_000999,017,017,017_0008,017/017_0008.mp4,videos/017/017_0008.mp4,true,temporal_ordering,Temporal Ordering,Level 2: Episodic Indexing,<017_0008.mp4>Is the egg or spinach taken out of the fridge first?,A.spinach,B.egg,C.None,D.None,B,ev_61,,This scene appeared at 00:01:00-00:1:33,worker_06,2025-12-9,accepted,global_json_list
egomonth_qa_001000,017,017,017_0008,017/017_0008.mp4,videos/017/017_0008.mp4,true,object_location,Object Location,Level 2: Episodic Indexing,<017_0008.mp4>What color is the rope on the wrist?,A.blue,B.black,C.red,D.pink,D,ev_63,,This scene appeared at 00:17:03-00:17:07,worker_06,2025-12-9,accepted,global_json_list
egomonth_qa_001001,017,017,017_0008,017/017_0008.mp4,videos/017/017_0008.mp4,true,object_location,Object Location,Level 2: Episodic Indexing,<017_0008.mp4>Which hand holds the pumpkin when cutting it?,A.left hand,B.right hand,C.None,D.None,A,ev_65,,This scene appeared at 00:31:32-00:31:52,worker_06,2025-12-9,accepted,global_json_list
egomonth_qa_001002,017,017,017_0008,017/017_0008.mp4,videos/017/017_0008.mp4,true,event_counting,Event Counting,Level 3: Cascading Reasoning,<017_0008.mp4>How long did it take to eat?,A.2 minutes,B.15 minutes,C.30 minutes,D.60 minutes,B,ev_68|ev_69,,This scene appeared at 00:42:48-00:56:18,worker_06,2025-12-9,accepted,global_json_list
egomonth_qa_001003,017,017,017_0015,017/017_0015.mp4,videos/017/017_0015.mp4,false,object_location,Object Location,Level 2: Episodic Indexing,<017_0015.mp4>Did the girl bring a water bottle on the way?,A.Yes,B.No,C.None,D.None,A,ev_91,,This scene appeared at 00:06:09-00:06:21,worker_06,2025-12-11,accepted,global_json_list
egomonth_qa_001004,017,017,017_0015,017/017_0015.mp4,videos/017/017_0015.mp4,false,detail_retrieval,Detail Retrieval,Level 2: Episodic Indexing,<017_0015.mp4>Is it raining too much or too little for the girl from the apartment to school?,A.too little,B.too much,C.None,D.None,B,ev_92|ev_95|ev_98,,This scene appeared at 00:03:10-00:34:58,worker_06,2025-12-11,accepted,global_json_list
egomonth_qa_001005,017,017,017_0015,017/017_0015.mp4,videos/017/017_0015.mp4,false,detail_retrieval,Detail Retrieval,Level 2: Episodic Indexing,<017_0015.mp4>Is the girl standing or sitting between 00:13:49 and 00:19:51?,A.standing,B.sitting,C.None,D.None,A,ev_94|ev_95,,This scene appeared at 00:03:10-00:34:58,worker_06,2025-12-11,accepted,global_json_list
egomonth_qa_001006,017,017,017_0015,017/017_0015.mp4,videos/017/017_0015.mp4,false,object_location,Object Location,Level 2: Episodic Indexing,<017_0015.mp4>What is the man wearing a blue shirt on the train wearing in his ears?,A.wireless earphones,B.wired earphones,C.None,D.None,A,ev_95,,This scene appeared at 00:19:49-00:19:50,worker_06,2025-12-11,accepted,global_json_list
egomonth_qa_001007,017,017,017_0015,017/017_0015.mp4,videos/017/017_0015.mp4,false,detail_retrieval,Detail Retrieval,Level 2: Episodic Indexing,<017_0015.mp4>On which finger does the girl wear the ring?,A.index finger,B.middle finger,C.ring finger,D.little finger,B,ev_99,,This scene appeared at 00:19:49-00:19:50,worker_06,2025-12-11,accepted,global_json_list
egomonth_qa_001008,017,017,017_0015,017/017_0015.mp4,videos/017/017_0015.mp4,false,object_counting_global,Object Counting,Level 3: Cascading Reasoning,<017_0015.mp4>How long did it take for the girl to ride by car?,A.7 minutes,B.17 minutes,C.27 minutes,D.37 minutes,B,ev_95|ev_96,,This scene appeared at 00:13:49-00:29:02,worker_06,2025-12-11,accepted,global_json_list
egomonth_qa_001009,017,017,017_0016,017/017_0016.mp4,videos/017/017_0016.mp4,false,object_location,Object Location,Level 2: Episodic Indexing,<017_0016.mp4>What is used to wash the pot?,A.by hand,B.with a brush,C.with a cloth,D.None,C,ev_101,,This scene appeared at 00:06:11-00:07:55,worker_06,2025-12-11,accepted,global_json_list
egomonth_qa_001010,017,017,017_0016,017/017_0016.mp4,videos/017/017_0016.mp4,false,object_location,Object Location,Level 2: Episodic Indexing,<017_0016.mp4>What is the value on the banknotes in the wallet?,A.100,B.20,C.50,D.None,B,ev_101,,This scene appeared at 00:09:25-00:10:11,worker_06,2025-12-11,accepted,global_json_list
egomonth_qa_001011,017,017,017_0016,017/017_0016.mp4,videos/017/017_0016.mp4,false,detail_retrieval,Detail Retrieval,Level 2: Episodic Indexing,<017_0016.mp4>Is the iPad charging while playing games?,A.Yes,B.No,C.None,D.None,A,ev_104,,This scene appeared at 00:17:26-00:18:13,worker_06,2025-12-11,accepted,global_json_list
egomonth_qa_001012,017,017,017_0013,017/017_0013.mp4,videos/017/017_0013.mp4,false,object_location,Object Location,Level 2: Episodic Indexing,<017_0013.mp4>Where did the chicken come from?,A.drawer,B.refrigerator,C.None,D.None,B,ev_107,,This scene appeared at 00:01:00-00:02:00,worker_06,2025-12-11,accepted,global_json_list
egomonth_qa_001013,017,017,017_0013,017/017_0013.mp4,videos/017/017_0013.mp4,false,object_location,Object Location,Level 2: Episodic Indexing,<017_0013.mp4>What else is in the box besides chili peppers?,A.Sichuan pepper,B.star anise,C.ginger,D.onion,C,ev_108,,This scene appeared at 00:02:23-00:02:29,worker_06,2025-12-11,accepted,global_json_list
egomonth_qa_001014,017,017,017_0013,017/017_0013.mp4,videos/017/017_0013.mp4,false,object_counting_global,Object Counting,Level 3: Cascading Reasoning,<017_0013.mp4>How many times have you taken spinach?,A.1,B.2,C.3,D.4,B,ev_109,,This scene appeared at 00:3:20-00:04:30,worker_06,2025-12-11,accepted,global_json_list
egomonth_qa_001015,017,017,017_0013,017/017_0013.mp4,videos/017/017_0013.mp4,false,object_location,Object Location,Level 2: Episodic Indexing,<017_0013.mp4>Where should I put the peeled potatoes?,A.in the bowl,B.on the plate,C.in the pot,D.in the pool,B,ev_110,,This scene appeared at 00:10:20-00:10:44,worker_06,2025-12-11,accepted,global_json_list
egomonth_qa_001016,017,017,017_0013,017/017_0013.mp4,videos/017/017_0013.mp4,false,temporal_ordering,Temporal Ordering,Level 2: Episodic Indexing,<017_0013.mp4>Chicken processing steps?,A.thaw chicken->cut diced chicken->add seasoning,B.cut diced chicken->thaw chicken->add seasoning,C.thaw chicken->add seasoning->cut diced chicken,D.None,A,ev_111|ev_112|ev_113,,This scene appeared at 00:10:20-00:10:44,worker_06,2025-12-11,accepted,global_json_list
egomonth_qa_001017,017,017,017_0014,017/017_0014.mp4,videos/017/017_0014.mp4,false,object_location,Object Location,Level 2: Episodic Indexing,<017_0014.mp4>Is there a chair by the window?,A.Yes,B.No,C.None,D.None,A,ev_118,,This scene appeared at 00:00:00-00:00:16,worker_06,2025-12-11,accepted,global_json_list
egomonth_qa_001018,017,017,017_0014,017/017_0014.mp4,videos/017/017_0014.mp4,false,object_location,Object Location,Level 2: Episodic Indexing,<017_0014.mp4>Where should I put the sliced butter?,A.in the bowl,B.on the plate,C.in the pot,D.in the pool,C,ev_119,,This scene appeared at 00:01:01-00:03:33,worker_06,2025-12-11,accepted,global_json_list
egomonth_qa_001019,017,017,017_0014,017/017_0014.mp4,videos/017/017_0014.mp4,false,detail_retrieval,Detail Retrieval,Level 2: Episodic Indexing,<017_0014.mp4>How many slices of bread were taken out from the bread bag in total?,A.2,B.3,C.5,D.6,B,ev_119|ev_120|ev_121,,This scene appeared at 00:05:01-00:09:52,worker_06,2025-12-11,accepted,global_json_list
egomonth_qa_001020,017,017,017_0014,017/017_0014.mp4,videos/017/017_0014.mp4,false,object_location,Object Location,Level 2: Episodic Indexing,<017_0014.mp4>Is there a trash can under the desk?,A.Yes,B.No,C.None,D.None,A,ev_125,,This scene appeared at 00:17:43-00:20:38,worker_06,2025-12-11,accepted,global_json_list
egomonth_qa_001021,017,017,017_0014,017/017_0014.mp4,videos/017/017_0014.mp4,false,object_location,Object Location,Level 2: Episodic Indexing,<017_0014.mp4>What is the pattern on the slippers?,A.MICKEY Mouse,B.elephant,C.dog,D.cat,A,ev_126,,This scene appeared at 00:26:00-00:27:00,worker_06,2025-12-11,accepted,global_json_list
egomonth_qa_001022,017,017,017_0017,017/017_0017.mp4,videos/017/017_0017.mp4,false,object_location,Object Location,Level 2: Episodic Indexing,<017_0017.mp4>Where should I put the milk bucket back?,A.on the table,B.on the chair,C.refrigerator,D.in the drawer,C,ev_127,,This scene appeared at 00:01:20-00:02:20,worker_06,2025-12-12,accepted,global_json_list
egomonth_qa_001023,017,017,017_0017,017/017_0017.mp4,videos/017/017_0017.mp4,false,object_location,Object Location,Level 2: Episodic Indexing,<017_0017.mp4>Is there a green cutting board next to the pool?,A.yes,B.No,C.None,D.None,A,ev_128,,This scene appeared at 00:02:53,worker_06,2025-12-12,accepted,global_json_list
egomonth_qa_001024,017,017,017_0017,017/017_0017.mp4,videos/017/017_0017.mp4,false,object_location,Object Location,Level 2: Episodic Indexing,<017_0017.mp4>Where is the milk heated?,A.bowl,B.pot,C.plate,D.eleelectric kettle,B,ev_129,,This scene appeared at 00:05:05-00:05:10,worker_06,2025-12-12,accepted,global_json_list
egomonth_qa_001025,017,017,017_0017,017/017_0017.mp4,videos/017/017_0017.mp4,false,procedure_planning,Procedure Planning,Level 3: Cascading Reasoning,<017_0017.mp4>What are the steps for a girl to steam milk?,A.Pour milk into a bowl->Put the seasoning into another bowl and stir->Pour the mixed seasonings into a milk bowl->Put the milk bowl in the steamer,B.Pour the seasonings into a milk bowl->Put the milk bowl in the steamer,C.None,D.None,A,ev_142,,This scene appeared at 00:15:26-00:20:02,worker_06,2025-12-12,accepted,global_json_list
egomonth_qa_001026,017,017,017_0018,017/017_0018.mp4,videos/017/017_0018.mp4,false,event_counting,Event Counting,Level 3: Cascading Reasoning,<017_0018.mp4>How many dishes did the girl wash?,A.1,B.2,C.3,D.4,B,ev_133,,This scene appeared at 00:01:10-00:02:13,worker_06,2025-12-12,accepted,global_json_list
egomonth_qa_001027,017,017,017_0018,017/017_0018.mp4,videos/017/017_0018.mp4,false,event_counting,Event Counting,Level 3: Cascading Reasoning,<017_0018.mp4>How many seasoning packets were included in the instant noodle soup?,A.1,B.2,C.3,D.4,C,ev_134,,This scene appeared at 00:04:50-00:06:18,worker_06,2025-12-12,accepted,global_json_list
egomonth_qa_001028,017,017,017_0018,017/017_0018.mp4,videos/017/017_0018.mp4,false,object_location,Object Location,Level 2: Episodic Indexing,<017_0018.mp4>Is there a napkin on the table?,A.yes,B.No,C.None,D.None,A,ev_137,,This scene appeared at 00:16:23,worker_06,2025-12-12,accepted,global_json_list
egomonth_qa_001029,017,017,017_0018,017/017_0018.mp4,videos/017/017_0018.mp4,false,object_location,Object Location,Level 2: Episodic Indexing,<017_0018.mp4>What shape is the pot?,A.rotundity,B.square,C.None,D.None,A,ev_139,,This scene appeared at 00:26:34-00:27:04,worker_06,2025-12-12,accepted,global_json_list
egomonth_qa_001030,017,017,017_0018,017/017_0018.mp4,videos/017/017_0018.mp4,false,event_counting,Event Counting,Level 3: Cascading Reasoning,<017_0018.mp4>How long did it take to eat milk jelly?,A.1 minutes,B.6 minutes,C.16 minutes,D.26 minutes,B,ev_141,,This scene appeared at 00:30:48-00:36:07,worker_06,2025-12-12,accepted,global_json_list
egomonth_qa_001031,017,017,017_0042,017/017_0042.mp4,videos/017/017_0042.mp4,false,object_location,Object Location,Level 2: Episodic Indexing,<017_0042.mp4>Should the girl take the stairs or the elevator downstairs?,A.the stairs,B.the elevator,C.None,D.None,B,ev_144,,This scene appeared at 00:03:48-00:04:10,worker_06,2025-12-13,accepted,global_json_list
egomonth_qa_001032,017,017,017_0042,017/017_0042.mp4,videos/017/017_0042.mp4,false,object_location,Object Location,Level 2: Episodic Indexing,<017_0042.mp4>Is there a bench on the way to the supermarket?,A.yes,B.No,C.None,D.None,A,ev_145,,This scene appeared at 00:07:11-00:07:18,worker_06,2025-12-13,accepted,global_json_list
egomonth_qa_001033,017,017,017_0042,017/017_0042.mp4,videos/017/017_0042.mp4,false,object_location,Object Location,Level 2: Episodic Indexing,<017_0042.mp4>What is the first fruit you see when entering the supermarket?,A.apple,B.orange,C.pear,D.banana,D,ev_146,,This scene appeared at 00:09:52-00:09:54,worker_06,2025-12-13,accepted,global_json_list
egomonth_qa_001034,017,017,017_0042,017/017_0042.mp4,videos/017/017_0042.mp4,false,object_location,Object Location,Level 2: Episodic Indexing,<017_0042.mp4>What color are the shoulder straps of a girl's backpack?,A.brown,B.black,C.blue,D.red,A,ev_146,,This scene appeared at 00:15:40-00:15:54,worker_06,2025-12-13,accepted,global_json_list
egomonth_qa_001035,017,017,017_0042,017/017_0042.mp4,videos/017/017_0042.mp4,false,object_location,Object Location,Level 2: Episodic Indexing,<017_0042.mp4>What did the girl buy at the second supermarket?,A.oil,B.vegetable,C.rice,D.seasoning,D,ev_149,,This scene appeared at 00:20:18-00:20:33,worker_06,2025-12-13,accepted,global_json_list
egomonth_qa_001036,017,017,017_0042,017/017_0042.mp4,videos/017/017_0042.mp4,false,event_time,Event Time,Level 2: Episodic Indexing,<017_0042.mp4>Is the checkout at the girls' supermarket manual or automatic?,A.manual?,B.automatic,C.None,D.None,A,ev_148,,This scene appeared at 00:16:18-00:16:28,worker_06,2025-12-13,accepted,global_json_list
egomonth_qa_001037,017,017,017_0042,017/017_0042.mp4,videos/017/017_0042.mp4,false,event_time,Event Time,Level 2: Episodic Indexing,<017_0042.mp4>Did you shop in the frozen area of the supermarket?,A.Yes,B.No,C.None,D.None,B,ev_153,,This scene appeared at 00:38:30-00:38:34,worker_06,2025-12-13,accepted,global_json_list
egomonth_qa_001038,017,017,017_0042,017/017_0042.mp4,videos/017/017_0042.mp4,false,object_location,Object Location,Level 2: Episodic Indexing,<017_0042.mp4>Did you see a baby stroller on the way back to the dormitory?,A.Yes,B.No,C.None,D.None,A,ev_156,,This scene appeared at 00:38:30-00:38:34,worker_06,2025-12-13,accepted,global_json_list
egomonth_qa_001039,017,017,017_0042,017/017_0042.mp4,videos/017/017_0042.mp4,false,object_location,Object Location,Level 2: Episodic Indexing,<017_0042.mp4>Where are the facial tissues placed?,A.in the cupboard,B.in bed,C.in the drawer,D.on the ground,A,ev_157,,This scene appeared at 00:53:27-00:53:30,worker_06,2025-12-13,accepted,global_json_list
egomonth_qa_001040,017,017,017_0042,017/017_0042.mp4,videos/017/017_0042.mp4,false,object_location,Object Location,Level 2: Episodic Indexing,<017_0042.mp4>What utensils are used for eating instant noodles?,A.pot,B.bowl,C.plate,D.None,A,ev_157,,This scene appeared at 00:53:27-00:53:30,worker_06,2025-12-13,accepted,global_json_list
egomonth_qa_001041,017,017,017_0042,017/017_0042.mp4,videos/017/017_0042.mp4,false,event_counting,Event Counting,Level 3: Cascading Reasoning,<017_0042.mp4>How long did it take for a girl to eat noodles?,A.1 minutes,B.30 minutes,C.50 minutes,D.60 minutes,B,ev_152,,This scene appeared at 01:09:36-01:38:37,worker_06,2025-12-13,accepted,global_json_list
egomonth_qa_001042,017,017,017_0042,017/017_0042.mp4,videos/017/017_0042.mp4,false,event_counting,Event Counting,Level 3: Cascading Reasoning,<017_0042.mp4>How long did the girl spend shopping in the supermarket?,A.6 minutes,B.36 minutes,C.2 hours,D.3 hours,B,ev_146|ev_147|ev_149|ev_151|ev_152|ev_153,,This scene appeared at 00:09:50-00:15:20 and 00:16:18-00:17:23 and 00:26:17-00:39:00,worker_06,2025-12-13,accepted,global_json_list
egomonth_qa_001043,017,017,017_0048,017/017_0048.mp4,videos/017/017_0048.mp4,false,object_location,Object Location,Level 2: Episodic Indexing,<017_0048.mp4>Is the cardboard box on the left or right side of the white pot?,A.on the left,B.on the right,C.None,D.None,B,ev_162,,This scene appeared at 00:00:07-00:00:15 ,worker_06,2025-12-13,accepted,global_json_list
egomonth_qa_001044,017,017,017_0048,017/017_0048.mp4,videos/017/017_0048.mp4,false,object_location,Object Location,Level 2: Episodic Indexing,<017_0048.mp4>Which vegetable did not appear when washing vegetables?,A.tomato,B.mushrooms,C.spinach,D.None,C,ev_162,,This scene appeared at 00:02:00-00:03:20 ,worker_06,2025-12-13,accepted,global_json_list
egomonth_qa_001045,017,017,017_0048,017/017_0048.mp4,videos/017/017_0048.mp4,false,event_time,Event Time,Level 2: Episodic Indexing,<017_0048.mp4>How many cups of water did the girl put into the pot?,A.1,B.2,C.3,D.4,B,ev_163,,This scene appeared at 00:03:30-00:03:55 ,worker_06,2025-12-13,accepted,global_json_list
egomonth_qa_001046,017,017,017_0048,017/017_0048.mp4,videos/017/017_0048.mp4,false,detail_retrieval,Detail Retrieval,Level 2: Episodic Indexing,<017_0048.mp4>How many small spoons are there in the seasoning box?,A.1,B.2,C.3,D.4,D,ev_164,,This scene appeared at 00:07:30-00:07:50 ,worker_06,2025-12-13,accepted,global_json_list
egomonth_qa_001047,017,017,017_0048,017/017_0048.mp4,videos/017/017_0048.mp4,false,detail_retrieval,Detail Retrieval,Level 2: Episodic Indexing,<017_0048.mp4>Is the girl chatting with the same person?,A.Yes,B.No,C.None,D.None,B,ev_170,,This scene appeared at 00:28:50-00:32:00 ,worker_06,2025-12-13,accepted,global_json_list
egomonth_qa_001048,017,017,017_0048,017/017_0048.mp4,videos/017/017_0048.mp4,false,object_location,Object Location,Level 2: Episodic Indexing,<017_0048.mp4>How many colors are there for the text on the whiteboard?,A.1,B.2,C.3,D.4,B,ev_170,,This scene appeared at 00:36:30-00:36:32 ,worker_06,2025-12-13,accepted,global_json_list
egomonth_qa_001049,017,017,017_0048,017/017_0048.mp4,videos/017/017_0048.mp4,false,object_location,Object Location,Level 2: Episodic Indexing,<017_0048.mp4>How many whiteboard pens are there on the whiteboard?,A.1,B.3,C.5,D.7,C,ev_170,,This scene appeared at 00:39:14-00:39:23 ,worker_06,2025-12-13,accepted,global_json_list
egomonth_qa_001050,017,017,017_0049,017/017_0049.mp4,videos/017/017_0049.mp4,false,object_location,Object Location,Level 2: Episodic Indexing,<017_0049.mp4>What was added to the rice when cooking?,A.scallion,B.onion,C.None,D.None,A,ev_172,,This scene appeared at 00:01:06-00:02:29 ,worker_06,2025-12-13,accepted,global_json_list
egomonth_qa_001051,017,017,017_0049,017/017_0049.mp4,videos/017/017_0049.mp4,false,event_time,Event Time,Level 2: Episodic Indexing,<017_0049.mp4>How is pork thawed?,A.heat,B.Rinse with  water,C.None,D.None,B,ev_173,,This scene appeared at 00:02:29-00:03:05 ,worker_06,2025-12-13,accepted,global_json_list
egomonth_qa_001052,017,017,017_0049,017/017_0049.mp4,videos/017/017_0049.mp4,false,event_time,Event Time,Level 2: Episodic Indexing,<017_0049.mp4>Is pork cut into small pieces with scissors?,A.Yes,B.No,C.None,D.None,A,ev_175,,This scene appeared at 00:07:35-00:09:30 ,worker_06,2025-12-13,accepted,global_json_list
egomonth_qa_001053,017,017,017_0049,017/017_0049.mp4,videos/017/017_0049.mp4,false,object_location,Object Location,Level 2: Episodic Indexing,<017_0049.mp4>What tool did the girl use to pack the rice?,A.turner,B.chopsticks,C.small spoon,D.None,C,ev_177,,This scene appeared at 00:15:35-00:17:05 ,worker_06,2025-12-13,accepted,global_json_list
egomonth_qa_001054,017,017,017_0049,017/017_0049.mp4,videos/017/017_0049.mp4,false,object_location,Object Location,Level 2: Episodic Indexing,<017_0049.mp4>What did you add to the pot when you went to wash it?,A.water,B.dish soap,C.None,D.None,B,ev_182,,This scene appeared at 00:55:14-01:00:46 ,worker_06,2025-12-13,accepted,global_json_list
egomonth_qa_001055,017,017,017_0049,017/017_0049.mp4,videos/017/017_0049.mp4,false,procedure_planning,Procedure Planning,Level 3: Cascading Reasoning,<017_0049.mp4>What is the order in which the girl cooks between 00:17:35 and 00:32:50?,A.stir fried eggs->Stir fried cabbage->stir fried pork,B.Stir fried cabbage->stir fried eggs->stir fried pork,C.stir fried pork->Stir fried cabbage->stir fried eggs,D.None,B,ev_178|ev_179|ev_180,,This scene appeared at 00:17:15-00:32:50 ,worker_06,2025-12-13,accepted,global_json_list
egomonth_qa_001056,017,017,017_0050,017/017_0050.mp4,videos/017/017_0050.mp4,false,object_location,Object Location,Level 2: Episodic Indexing,<017_0050.mp4>What color is the newly purchased air fryer?,A.red,B.blue,C.white,D.pink,C,ev_183,,This scene appeared at 00:01:50-00:07:59 ,worker_06,2025-12-13,accepted,global_json_list
egomonth_qa_001057,017,017,017_0050,017/017_0050.mp4,videos/017/017_0050.mp4,false,event_counting,Event Counting,Level 3: Cascading Reasoning,<017_0050.mp4>How many pieces of clothing were taken out from the cardboard box in total?,A.3,B.5,C.6,D.9,D,ev_184,,This scene appeared at 00:08:44-00:11:37 ,worker_06,2025-12-13,accepted,global_json_list
egomonth_qa_001058,017,017,017_0050,017/017_0050.mp4,videos/017/017_0050.mp4,false,object_location,Object Location,Level 2: Episodic Indexing,<017_0050.mp4>In what container should potato chips be washed?,A.bowl,B.plate,C.pot,D.None,A,ev_188,,This scene appeared at 00:06:11-00:06:30 ,worker_06,2025-12-13,accepted,global_json_list
egomonth_qa_001059,017,017,017_0050,017/017_0050.mp4,videos/017/017_0050.mp4,false,object_location,Object Location,Level 2: Episodic Indexing,<017_0050.mp4>Do you mix potato chips by hand?,A.Yes,B.No,C.None,D.None,A,ev_189,,This scene appeared at 00:09:10-00:09:40 ,worker_06,2025-12-13,accepted,global_json_list
egomonth_qa_001060,017,017,017_0050,017/017_0050.mp4,videos/017/017_0050.mp4,false,object_location,Object Location,Level 2: Episodic Indexing,<017_0050.mp4>What color plate should I put the fried French fries on?,A.pink,B.black,C.white,D.blue,A,ev_192,,This scene appeared at 00:33:34-00:35:30 ,worker_06,2025-12-13,accepted,global_json_list
egomonth_qa_001061,017,017,017_0050,017/017_0050.mp4,videos/017/017_0050.mp4,false,event_counting,Event Counting,Level 3: Cascading Reasoning,<017_0050.mp4>How long did the potato chips last in the air fryer?,A.3 minutes,B.15 minutes,C.30 minutes,D.50 minutes,B,ev_189|ev_191|ev_192,,This scene appeared at 00:09:30-00:33:30 ,worker_06,2025-12-13,accepted,global_json_list
egomonth_qa_001062,017,017,017_0019,017/017_0019.mp4,videos/017/017_0019.mp4,false,detail_retrieval,Detail Retrieval,Level 2: Episodic Indexing,<017_0019.mp4>What did the girl cut on the windowsill and put in the pot?,A.scallion,B.Garlic sprouts,C.None,D.None,B,ev_195,,This scene appeared at 00:06:03-00:06:17 ,worker_06,2025-12-13,accepted,global_json_list
egomonth_qa_001063,017,017,017_0019,017/017_0019.mp4,videos/017/017_0019.mp4,false,object_location,Object Location,Level 2: Episodic Indexing,<017_0019.mp4>How many pieces did you cut the salmon on the chopping board?,A.1,B.3,C.5,D.7,C,ev_196,,This scene appeared at 00:07:50-00:08:50 ,worker_06,2025-12-13,accepted,global_json_list
egomonth_qa_001064,017,017,017_0019,017/017_0019.mp4,videos/017/017_0019.mp4,false,object_location,Object Location,Level 2: Episodic Indexing,<017_0019.mp4>What color is the seasoning box?,A.white,B.black,C.green,D.red,C,ev_197,,This scene appeared at 00:09:06-00:09:14 ,worker_06,2025-12-13,accepted,global_json_list
egomonth_qa_001065,017,017,017_0019,017/017_0019.mp4,videos/017/017_0019.mp4,false,procedure_planning,Procedure Planning,Level 3: Cascading Reasoning,<017_0019.mp4>What are the steps for the girl to stir fry spinach between 00:17:16 and 00:20:46?,A.Add oil ->Add garlic sprouts->Add spinach->Add seasoning,B.Add oil->Add garlic sprouts->Add seasoning->Add spinach,C.Add oil->Add seasoning->Add spinach->Add garlic sprouts,D.None,A,ev_200,,This scene appeared at 00:17:16-00:20:46 ,worker_06,2025-12-13,accepted,global_json_list
egomonth_qa_001066,017,017,017_0019,017/017_0019.mp4,videos/017/017_0019.mp4,false,object_location,Object Location,Level 2: Episodic Indexing,<017_0019.mp4>What utensils are used during meals?,A.chopsticks,B.spoon,C.None,D.None,B,ev_205,0003_obj_spoon_01,The spoon appeared in the video at 00:31:50-00:32:02,worker_06,2025-12-6,accepted,global_json_list
egomonth_qa_001067,017,017,017_0019,017/017_0019.mp4,videos/017/017_0019.mp4,false,object_location,Object Location,Level 2: Episodic Indexing,<017_0019.mp4>What did the girl take from the fridge between 00:43:00 and 00:43:20?,A.banana,B.yogurt,C.apple,D.milk,B,ev_206,,This scene appeared at 00:43:00-00:43:20 ,worker_06,2025-12-13,accepted,global_json_list
egomonth_qa_001068,017,017,017_0022,017/017_0022.mp4,videos/017/017_0022.mp4,false,detail_retrieval,Detail Retrieval,Level 2: Episodic Indexing,<017_0022.mp4>Is the girl running fast or jogging between 00:15:01 and 00:15:45?,A.running fast,B.jogging,C.None,D.None,B,ev_210,,This scene appeared at 00:15:01-00:15:45 ,worker_06,2025-12-15,accepted,global_json_list
egomonth_qa_001069,017,017,017_0052,017/017_0052.mp4,videos/017/017_0052.mp4,false,object_location,Object Location,Level 2: Episodic Indexing,<017_0052.mp4>Which floor does the girl take the elevator downstairs to?,A.0,B.1,C.2,D.3,A,ev_211,,This scene appeared at 00:01:28-00:01:38 ,worker_06,2025-12-15,accepted,global_json_list
egomonth_qa_001070,017,017,017_0052,017/017_0052.mp4,videos/017/017_0052.mp4,false,detail_retrieval,Detail Retrieval,Level 2: Episodic Indexing,<017_0052.mp4>Does the girl's friend live in the same apartment building as her?,A.Yes,B.No,C.None,D.None,A,ev_211|ev_229,,This scene appeared at 00:02:09-00:02:15 and 00:44:10-00:45:26 ,worker_06,2025-12-15,accepted,global_json_list
egomonth_qa_001071,017,017,017_0052,017/017_0052.mp4,videos/017/017_0052.mp4,false,detail_retrieval,Detail Retrieval,Level 2: Episodic Indexing,<017_0052.mp4>Did the girl finally buy the matcha powder she wanted?,A.Yes,B.No,C.None,D.None,B,ev_220|ev_226,,This scene appeared at 00:02:09-00:02:15 and 00:21:27-00:23:58 and 00:39:00-00:39:20 ,worker_06,2025-12-15,accepted,global_json_list
egomonth_qa_001072,017,017,017_0052,017/017_0052.mp4,videos/017/017_0052.mp4,false,object_location,Object Location,Level 2: Episodic Indexing,<017_0052.mp4>What payment method was used during the checkout period from 00:26:50-00:27:01?,A.in  cash,B.Pay with a mobile phone,C.swipe the bank card,D.None,C,ev_221,,This scene appeared at 00:26:27-00:27:10 ,worker_06,2025-12-15,accepted,global_json_list
egomonth_qa_001073,017,017,017_0052,017/017_0052.mp4,videos/017/017_0052.mp4,false,object_location,Object Location,Level 2: Episodic Indexing,"<017_0052.mp4>Back in the dormitory, where did the girl put the chicken?",A.Put it in the drawer,B.Put it on the table,C.Place it on the windowsill,D.Put it in the fridge,D,ev_229,,This scene appeared at 00:48:27-00:49:00 ,worker_06,2025-12-15,accepted,global_json_list
egomonth_qa_001074,017,017,017_0043,017/017_0043.mp4,videos/017/017_0043.mp4,false,object_location,Object Location,Level 2: Episodic Indexing,<017_0043.mp4>What color are the chopsticks used by girls when eating noodles?,A.blue,B.green,C.white,D.black,A,ev_235,,This scene appeared at 00:07:45-00:08:09 ,worker_06,2025-12-15,accepted,global_json_list
egomonth_qa_001075,017,017,017_0043,017/017_0043.mp4,videos/017/017_0043.mp4,false,object_location,Object Location,Level 2: Episodic Indexing,<017_0043.mp4>What is the tool for girls to open express boxes?,A.knife,B.scissors,C.None,D.None,B,ev_249,,This scene appeared at 00:53:20-00:55:49 ,worker_06,2025-12-15,accepted,global_json_list
egomonth_qa_001076,017,017,017_0043,017/017_0043.mp4,videos/017/017_0043.mp4,false,event_counting,Event Counting,Level 3: Cascading Reasoning,<017_0043.mp4>How many meatballs did the girl take from the box between 00:02:55 and 00:03:13?,A.1,B.2,C.3,D.4,C,ev_231,,This scene appeared at 00:06:58-00:07:05 ,worker_06,2025-12-15,accepted,global_json_list
egomonth_qa_001077,017,017,017_0043,017/017_0043.mp4,videos/017/017_0043.mp4,false,event_counting,Event Counting,Level 3: Cascading Reasoning,<017_0043.mp4>How many seasoning bottles are there in the kitchen row?,A.3,B.5,C.7,D.9,C,ev_238,,This scene appeared at 00:19:32-00:20:48 ,worker_06,2025-12-15,accepted,global_json_list
egomonth_qa_001078,017,017,017_0043,017/017_0043.mp4,videos/017/017_0043.mp4,false,detail_retrieval,Detail Retrieval,Level 2: Episodic Indexing,<017_0043.mp4>What color is the clothes worn by the girl when she goes to pick up the package?,A.blue,B.green,C.red,D.black,D,ev_246,,This scene appeared at 00:44:42-00:47:08 ,worker_06,2025-12-15,accepted,global_json_list
egomonth_qa_001079,017,017,017_0043,017/017_0043.mp4,videos/017/017_0043.mp4,false,detail_retrieval,Detail Retrieval,Level 2: Episodic Indexing,<017_0043.mp4>How many seasoning bottles are there in the kitchen row?,A.10,B.15,C.19,D.22,C,ev_247,,This scene appeared at 00:51:04-00:51:06 ,worker_06,2025-12-15,accepted,global_json_list
egomonth_qa_001080,017,017,017_0043,017/017_0043.mp4,videos/017/017_0043.mp4,false,detail_retrieval,Detail Retrieval,Level 2: Episodic Indexing,<017_0043.mp4>What is the time displayed on the phone when the video is at 01:41:44?,A.17:35,B.18:35,C.19:35,D.22:35,B,ev_254,,This scene appeared at 01:41:44 ,worker_06,2025-12-15,accepted,global_json_list
egomonth_qa_001081,017,017,017_0044,017/017_0044.mp4,videos/017/017_0044.mp4,false,object_location,Object Location,Level 2: Episodic Indexing,<017_0044.mp4>What is used to stir the chicken seasoning between 00:22:59 and 00:23:48?,A.Using chopsticks,B.Using spoons,C.Using  hands,D.None,C,ev_260,,This scene appeared at 00:22:59-00:23:48 ,worker_06,2025-12-16,accepted,global_json_list
egomonth_qa_001082,017,017,017_0044,017/017_0044.mp4,videos/017/017_0044.mp4,false,detail_retrieval,Detail Retrieval,Level 2: Episodic Indexing,<017_0044.mp4>Did the girl put dishwashing detergent into the pot during the time slot of 00:42:25 and 00:42:51 in this video?,A.Yes,B.No,C.None,D.None,B,ev_272,,This scene appeared at 00:42:25-00:42:51 ,worker_06,2025-12-16,accepted,global_json_list
egomonth_qa_001083,017,017,017_0044,017/017_0044.mp4,videos/017/017_0044.mp4,false,detail_retrieval,Detail Retrieval,Level 2: Episodic Indexing,<017_0044.mp4>Did the girl finish all the potatoes and chicken in this video?,A.Yes,B.No,C.None,D.None,B,ev_276,,This scene appeared at 01:08:36-01:08:41 ,worker_06,2025-12-16,accepted,global_json_list
egomonth_qa_001084,017,017,017_0044,017/017_0044.mp4|017/017_0005.mp4,videos/017/017_0044.mp4|videos/017/017_0005.mp4,false,object_location,Object Location,Level 2: Episodic Indexing,"<017_0044.mp4><017_0005.mp4>From these two videos, it can be seen that where do girls usually put their cloths?",A.on the table,B.beside the pool,C.on the faucet,D.on the wall,C,In the ev_256 in the video <017_0044.mp4>|In the ev_12 in the video <017_0005.mp4>,,This scene appeared at 00:06:41 in the <017_0044.mp4> and at 00:21:27-00:21:50 in the <017_0005.mp4>,worker_06,2025-12-16,accepted,global_json_list
egomonth_qa_001085,017,017,017_0044,017/017_0044.mp4,videos/017/017_0044.mp4,false,detail_retrieval,Detail Retrieval,Level 2: Episodic Indexing,"<017_0044.mp4>In this video, is the laptop in the bag on or off?",A.on,B.off,C.None,D.None,A,ev_270,,This scene appeared at 00:39:50-00:39:55 ,worker_06,2025-12-16,accepted,global_json_list
egomonth_qa_001086,017,017,017_0023,017/017_0043.mp4|017/017_0023.mp4,videos/017/017_0043.mp4|videos/017/017_0023.mp4,false,habit_inference,Habit Inference,Level 1: Schema Consolidation,<017_0043.mp4><017_0023.mp4>When do girls usually take out the trash in these two videos?,A.Take out the trash while going out,B.Specially going out to take out the garbage,C.None,D.None,A,ev_246|ev_278,,The girl always takes out the trash casually when she goes out,worker_06,2025-12-16,accepted,global_json_list
egomonth_qa_001087,017,017,017_0023,017/017_0023.mp4,videos/017/017_0023.mp4,false,event_time,Event Time,Level 2: Episodic Indexing,<017_0023.mp4>How long does the girl stay in the sofa rest area downstairs from the apartment?,A.2 minutes,B.4 minutes,C.6 minutes,D.8 miniutes,A,ev_278,,This scene appeared at 00:05:03-00:07:03 ,worker_06,2025-12-16,accepted,global_json_list
egomonth_qa_001088,017,017,017_0023,017/017_0023.mp4,videos/017/017_0023.mp4,false,detail_retrieval,Detail Retrieval,Level 2: Episodic Indexing,<017_0023.mp4>Is there a man wearing a watch on the subway?,A.yes,B.no,C.None,D.None,A,ev_281,,This scene appeared at 00:15:30-00:16:07 ,worker_06,2025-12-16,accepted,global_json_list
egomonth_qa_001089,017,017,017_0023,017/017_0023.mp4,videos/017/017_0023.mp4,false,event_counting,Event Counting,Level 3: Cascading Reasoning,<017_0023.mp4>How many police officers passed by on the way back to school?,A.1,B.2,C.3,D.4,C,ev_283,,This scene appeared at 00:36:03-00:36:05 ,worker_06,2025-12-16,accepted,global_json_list
egomonth_qa_001090,017,017,017_0023,017/017_0023.mp4,videos/017/017_0023.mp4,false,direction_judgement,Direction Judgment,Level 3: Cascading Reasoning,<017_0023.mp4>How can a girl get to a traffic light intersection between 00:42:28 and 00:42:40 in the video?,A.Turn left,B.go straight,C.turn right,D.None,C,ev_283,,This scene appeared at 00:42:28-00:42:40 ,worker_06,2025-12-16,accepted,global_json_list
egomonth_qa_001091,017,017,017_0024,017/017_0024.mp4,videos/017/017_0024.mp4,false,event_counting,Event Counting,Level 3: Cascading Reasoning,<017_0024.mp4>How many travel buses did the girl pass by in the video from 00:00:00 to 00:01:29?,A.1,B.2,C.3,D.4,C,ev_285,,This scene appeared at 00:00:00-00:01:29,worker_06,2025-12-17,accepted,global_json_list
egomonth_qa_001092,017,017,017_0024,017/017_0024.mp4,videos/017/017_0024.mp4,false,event_counting,Event Counting,Level 3: Cascading Reasoning,<017_0024.mp4>How many people are there in the painting that appears in the hallway at 13:34 in the video?,A.1,B.2,C.3,D.4,C,ev_289,,This scene appeared at 00:13:34,worker_06,2025-12-17,accepted,global_json_list
egomonth_qa_001093,017,017,017_0024,017/017_0024.mp4,videos/017/017_0024.mp4,false,event_counting,Event Counting,Level 3: Cascading Reasoning,<017_0024.mp4>How long did it take for a girl to go from the last traffic light to the next?,A.1 minute and 10 seconds,B.2 minute and 10 seconds,C.3 minute and 10 seconds,D.None,B,ev_286|ev_287,,This scene appeared at 00:09:00-00:11:10,worker_06,2025-12-17,accepted,global_json_list
egomonth_qa_001094,017,017,017_0025,017/017_0025.mp4,videos/017/017_0025.mp4,false,event_counting,Event Counting,Level 3: Cascading Reasoning,<017_0025.mp4>How many meatballs did the girl take?,A.1,B.2,C.3,D.None,C,ev_291,,This scene appeared at 00:00:34-00:03:00,worker_06,2025-12-18,accepted,global_json_list
egomonth_qa_001095,017,017,017_0025,017/017_0025.mp4,videos/017/017_0025.mp4,false,object_location,Object Location,Level 2: Episodic Indexing,<017_0025.mp4>Where should I put the cooked dishes?,A.on the table,B.On the coffee table,C.On the windowsill,D.None,A,ev_297,,This scene appeared at 00:15:56-00:16:10,worker_06,2025-12-18,accepted,global_json_list
egomonth_qa_001096,017,017,017_0025,017/017_0025.mp4,videos/017/017_0025.mp4,false,detail_retrieval,Detail Retrieval,Level 2: Episodic Indexing,<017_0025.mp4>Have the meatballs been cut into small pieces when placed in the pot?,A.Yes,B.No,C.None,D.None,A,ev_293,,This scene appeared at 00:06:49-00:08:12,worker_06,2025-12-18,accepted,global_json_list
egomonth_qa_001097,017,017,017_0025,017/017_0025.mp4,videos/017/017_0025.mp4,false,detail_retrieval,Detail Retrieval,Level 2: Episodic Indexing,<017_0025.mp4>Have the meatballs been cut into small pieces when placed in the pot?,A.Yes,B.No,C.None,D.None,A,ev_293,,This scene appeared at 00:06:49-00:08:12,worker_06,2025-12-18,accepted,global_json_list
egomonth_qa_001098,017,017,017_0045,017/017_0045.mp4,videos/017/017_0045.mp4,false,detail_retrieval,Detail Retrieval,Level 2: Episodic Indexing,<017_0045.mp4>What material is the door handle made of?,A.metal,B.wood,C.None,D.None,A,ev_299,,This scene appeared at 00:07:43,worker_06,2025-12-18,accepted,global_json_list
egomonth_qa_001099,017,017,017_0045,017/017_0045.mp4,videos/017/017_0045.mp4,false,detail_retrieval,Detail Retrieval,Level 2: Episodic Indexing,<017_0045.mp4>What method does a girl use to thaw chicken?,A.Rinse with cold water,B.heat,C.None,D.None,A,ev_300,,This scene appeared at 00:10:42-00:11:42,worker_06,2025-12-18,accepted,global_json_list
egomonth_qa_001100,017,017,017_0045,017/017_0045.mp4,videos/017/017_0045.mp4,false,object_location,Object Location,Level 2: Episodic Indexing,<017_0045.mp4>What tools are used to stir rice?,A.Using a spoon,B.by hand,C.None,D.None,A,ev_303,,This scene appeared at 00:23:03-00:23:11,worker_06,2025-12-18,accepted,global_json_list
egomonth_qa_001101,017,017,017_0045,017/017_0045.mp4,videos/017/017_0045.mp4,false,object_location,Object Location,Level 2: Episodic Indexing,<017_0045.mp4>What tools are used to stir rice?,A.Using a spoon,B.by hand,C.None,D.None,A,ev_303,,This scene appeared at 00:23:03-00:23:11,worker_06,2025-12-18,accepted,global_json_list
egomonth_qa_001102,017,017,017_0045,017/017_0045.mp4,videos/017/017_0045.mp4,false,detail_retrieval,Detail Retrieval,Level 2: Episodic Indexing,<017_0045.mp4>Has the rice used for cooking been washed?,A.Yes,B.No,C.None,D.None,B,ev_301,,This scene appeared at 00:15:17-00:15:32,worker_06,2025-12-18,accepted,global_json_list
egomonth_qa_001103,017,017,017_0045,017/017_0045.mp4|017/017_0044.mp4|017/017_0043.mp4,videos/017/017_0045.mp4|videos/017/017_0044.mp4|videos/017/017_0043.mp4,false,detail_retrieval,Detail Retrieval,Level 2: Episodic Indexing,"<017_0045.mp4><017_0044.mp4><017_0043.mp4>In these videos,What do girls usually put into rice when cooking?",A.garlic sprouts,B.potato,C.None,D.None,C,ev_301|ev_259|ev_240,,This scene appears in multiple videos,worker_06,2025-12-18,accepted,global_json_list
egomonth_qa_001104,017,017,017_0045,017/017_0045.mp4,videos/017/017_0045.mp4,false,event_counting,Event Counting,Level 3: Cascading Reasoning,<017_0045.mp4>How many spoons of flour did the girl dig from the flour bag and put into the bowl between 00:24:01 and 00:24:44?,A.4,B.3,C.None,D.None,B,ev_303,,This scene appeared at 00:24:01-00:24:44,worker_06,2025-12-18,accepted,global_json_list
egomonth_qa_001105,017,017,017_0045,017/017_0045.mp4,videos/017/017_0045.mp4,false,detail_retrieval,Detail Retrieval,Level 2: Episodic Indexing,<017_0045.mp4>Which language is spoken by the girl watching the drama on the tablet?,A.French,B.English,C.None,D.Korean,D,ev_313,,This scene appeared at 01:58:28-01:59:08,worker_06,2025-12-18,accepted,global_json_list
egomonth_qa_001106,017,017,017_0026,017/017_0026.mp4,videos/017/017_0026.mp4,false,event_counting,Event Counting,Level 3: Cascading Reasoning,<017_0026.mp4>How many times did the girl stop on the subway between 00:18:11-00:41:48 in the video?,A.4,B.3,C.None,D.5,C,ev_325,,This scene appeared at 00:18:11-00:41:48,worker_06,2025-12-19,accepted,global_json_list
egomonth_qa_001107,017,017,017_0027,017/017_0027.mp4,videos/017/017_0027.mp4,false,procedure_planning,Procedure Planning,Level 3: Cascading Reasoning,<017_0027.mp4>What are the steps for heating bread during the time period of 00:00:58-00:03:30 in the video??,A.Cut bread->Pot heating->Add butter->Put bread on->Bread flipping->out of the pot,B.Pot heating->Cut bread->Put bread on->Add butter->Bread flipping->out of the pot,C.None,D.None,A,ev_327,,This scene appeared at 00:00:58-00:03:30,worker_06,2025-12-19,accepted,global_json_list
egomonth_qa_001108,017,017,017_0027,017/017_0027.mp4,videos/017/017_0027.mp4,false,object_location,Object Location,Level 2: Episodic Indexing,<017_0027.mp4>What food did the girl take from the fridge during the time period of 00:05:31 to 00:05:52 in the video?,A.bread,B.milk,C.cola,D.yogurt,D,ev_328,,This scene appeared at 00:05:31-00:05:52,worker_06,2025-12-19,accepted,global_json_list
egomonth_qa_001109,017,017,017_0027,017/017_0027.mp4,videos/017/017_0027.mp4,false,object_location,Object Location,Level 2: Episodic Indexing,<017_0027.mp4>Where did the girl throw the finished yogurt box?,A.The trash can at the entrance,B.The trash can under the table,C.None,D.None,B,ev_330,,This scene appeared at 00:21:30-00:21:50,worker_06,2025-12-19,accepted,global_json_list
egomonth_qa_001110,017,017,017_0020,017/017_0020.mp4,videos/017/017_0020.mp4,false,object_location,Object Location,Level 2: Episodic Indexing,<017_0020.mp4>How many eggs did the girl take out of the fridge?,A.1,B.2,C.3,D.4,A,ev_331,,This scene appeared at 00:00:50-00:01:12,worker_06,2025-12-19,accepted,global_json_list
egomonth_qa_001111,017,017,017_0020,017/017_0020.mp4,videos/017/017_0020.mp4,false,detail_retrieval,Detail Retrieval,Level 2: Episodic Indexing,<017_0020.mp4>What year is the shelf life on the flour bag?,A.2025,B.2026,C.2027,D.2028,B,ev_331,,This scene appeared at 00:07:17-00:07:24,worker_06,2025-12-19,accepted,global_json_list
egomonth_qa_001112,017,017,017_0020,017/017_0020.mp4,videos/017/017_0020.mp4,false,event_counting,Event Counting,Level 3: Cascading Reasoning,<017_0020.mp4>How many cakes did the girl share in the pot?,A.2,B.5,C.6,D.7,D,ev_332|ev_333,,This scene appeared at 00:10:22-00:21:02,worker_06,2025-12-19,accepted,global_json_list
egomonth_qa_001113,017,017,017_0021,017/017_0021.mp4,videos/017/017_0021.mp4,false,detail_retrieval,Detail Retrieval,Level 2: Episodic Indexing,<017_0021.mp4>How many cups of water were added to the pot after adding rice?,A.1,B.2,C.3,D.4,B,ev_336,,This scene appeared at 00:04:33-00:04:47,worker_06,2025-12-19,accepted,global_json_list
egomonth_qa_001114,017,017,017_0021,017/017_0021.mp4,videos/017/017_0021.mp4,false,detail_retrieval,Detail Retrieval,Level 2: Episodic Indexing,<017_0021.mp4>How many mushrooms did the girl take?,A.1,B.2,C.3,D.4,D,ev_338,,This scene appeared at 00:09:00-00:09:40,worker_06,2025-12-19,accepted,global_json_list
egomonth_qa_001115,017,017,017_0021,017/017_0021.mp4,videos/017/017_0021.mp4,false,object_location,Object Location,Level 2: Episodic Indexing,<017_0021.mp4>Is there any cucumber in the fridge?,A.Yes,B.No,C.None,D.None,A,ev_344,,This scene appeared at 00:46:05-00:46:16,worker_06,2025-12-19,accepted,global_json_list
egomonth_qa_001116,017,017,017_0002,017/017_0002.mp4,videos/017/017_0002.mp4,false,object_location,Object Location,Level 2: Episodic Indexing,<017_0002.mp4>What tool is used to connect water?,A.mug,B.pot,C.None,D.None,B,ev_346,,This scene appeared at 00:05:24-00:05:42,worker_06,2025-12-20,accepted,global_json_list
egomonth_qa_001117,017,017,017_0002,017/017_0002.mp4,videos/017/017_0002.mp4,false,object_location,Object Location,Level 2: Episodic Indexing,<017_0002.mp4>Are vegetables taken out of the refrigerator?,A.Yes,B.No,C.None,D.None,A,ev_345,,This scene appeared at 00:00:34-00:00:50,worker_06,2025-12-20,accepted,global_json_list
egomonth_qa_001118,017,017,017_0002,017/017_0002.mp4,videos/017/017_0002.mp4,false,procedure_planning,Procedure Planning,Level 3: Cascading Reasoning,<017_0002.mp4>What are the steps for the girl to cook noodles in the video from 00:07:52 to 00:15:20?,A.Put in the noodles-> Add vegetables->Add seasoning->Add shrimp->Add garlic sprouts,B.Add vegetables-Put in the noodles->>Add seasoning->Add shrimp->Add garlic sprouts,C.None,D.None,A,ev_347,,This scene appeared at 00:07:52-00:15:20,worker_06,2025-12-20,accepted,global_json_list
egomonth_qa_001119,017,017,017_0033,017/017_0033.mp4,videos/017/017_0033.mp4,false,detail_retrieval,Detail Retrieval,Level 2: Episodic Indexing,<017_0033.mp4>What was the girl carrying in her hand when she went out?,A.handbag,B.garbage,C.None,D.None,B,ev_348,,This scene appeared at 00:00:01-00:01:55,worker_06,2025-12-20,accepted,global_json_list
egomonth_qa_001120,017,017,017_0033,017/017_0033.mp4,videos/017/017_0033.mp4,false,detail_retrieval,Detail Retrieval,Level 2: Episodic Indexing,<017_0033.mp4>Which floor is the gym on in the elevator?,A.0,B.1,C.None,D.None,A,ev_348,,This scene appeared at 00:00:01-00:01:15,worker_06,2025-12-20,accepted,global_json_list
egomonth_qa_001121,017,017,017_0033,017/017_0033.mp4,videos/017/017_0033.mp4,false,object_location,Object Location,Level 2: Episodic Indexing,<017_0033.mp4>Where is the phone placed while running in this video?,A.in hand,B.In the bag,C.On the treadmill,D.None,C,ev_349,,This scene appeared at 00:02:36-00:47:57,worker_06,2025-12-20,accepted,global_json_list
egomonth_qa_001122,017,017,017_0028,017/017_0028.mp4,videos/017/017_0028.mp4,false,object_location,Object Location,Level 2: Episodic Indexing,<017_0028.mp4>What is the position of the electric kettle in the pot?,A.left,B.right,C.None,D.None,B,ev_351,,This scene appeared at 00:03:11-00:03:18,worker_06,2025-12-20,accepted,global_json_list
egomonth_qa_001123,017,017,017_0028,017/017_0028.mp4,videos/017/017_0028.mp4,false,event_counting,Event Counting,Level 3: Cascading Reasoning,<017_0028.mp4>How many times did the girl cut garlic sprouts from the windowsill and put them in the pot while cooking?,A.1,B.2,C.3,D.4,B,ev_353,,This scene appeared at 00:07:13-00:07:47,worker_06,2025-12-20,accepted,global_json_list
egomonth_qa_001124,017,017,017_0028,017/017_0028.mp4,videos/017/017_0028.mp4,false,detail_retrieval,Detail Retrieval,Level 2: Episodic Indexing,<017_0028.mp4>What is the weight written on the flour bag in kilograms?,A.1kg,B.1.5kg,C.2kg,"D.2,5kg",B,ev_354,,This scene appeared at 00:10:11-00:10:47,worker_06,2025-12-20,accepted,global_json_list
egomonth_qa_001125,017,017,017_0028,017/017_0028.mp4,videos/017/017_0028.mp4,false,procedure_planning,Procedure Planning,Level 3: Cascading Reasoning,<017_0028.mp4>What are the steps for the girl to make cucumber and scrambled eggs?,A.Stir fried cucumber->Pour in egg mixture and stir fry,B.Pour in the egg mixture and stir fry until served->Stir fried cucumber->Add the scrambled eggs,C.None,D.None,B,ev_358|ev_359|ev_360,,This scene appeared at 00:27:10-00:32:10,worker_06,2025-12-20,accepted,global_json_list
egomonth_qa_001126,017,017,017_0029,017/017_0029.mp4,videos/017/017_0029.mp4,false,object_location,Object Location,Level 2: Episodic Indexing,<017_0029.mp4>How many pots of garlic sprouts are there on the windowsill?,A.1,B.2,C.3,D.5,B,ev_363,,This scene appeared at 00:00:04-00:00:05,worker_06,2025-12-20,accepted,global_json_list
egomonth_qa_001127,017,017,017_0029,017/017_0029.mp4,videos/017/017_0029.mp4,false,object_location,Object Location,Level 2: Episodic Indexing,<017_0029.mp4>How many eggs are in the milk?,A.1,B.2,C.3,D.5,B,ev_365,,This scene appeared at 00:06:25-00:06:40,worker_06,2025-12-20,accepted,global_json_list
egomonth_qa_001128,017,017,017_0029,017/017_0029.mp4,videos/017/017_0029.mp4,false,event_counting,Event Counting,Level 3: Cascading Reasoning,<017_0029.mp4>How many spoons of flour did the girl add to the milk pot between 00:07:22 and 00:08:25 in the video?,A.1,B.2,C.3,D.5,C,ev_365,,This scene appeared at 00:07:22-00:08:25,worker_06,2025-12-20,accepted,global_json_list
egomonth_qa_001129,017,017,017_0030,017/017_0030.mp4,videos/017/017_0030.mp4,false,detail_retrieval,Detail Retrieval,Level 2: Episodic Indexing,<017_0030.mp4>Is there water in the electric kettle?,A.Yes,B.No,C.None,D.None,A,ev_369,,This scene appeared at 00:06:25-00:07:10,worker_06,2025-12-20,accepted,global_json_list
egomonth_qa_001130,017,017,017_0030,017/017_0030.mp4,videos/017/017_0030.mp4,false,object_location,Object Location,Level 2: Episodic Indexing,<017_0030.mp4>Where should I put the lid of the pot?,A.On the pot,B.on the table,C.Beside the pool,D.None,C,ev_369,,This scene appeared at 00:15:44-00:16:50,worker_06,2025-12-20,accepted,global_json_list
egomonth_qa_001131,017,017,017_0031,017/017_0031.mp4,videos/017/017_0031.mp4,false,object_location,Object Location,Level 2: Episodic Indexing,<017_0031.mp4>Is there a camera in the hallway of the apartment?,A.Yes,B.No,C.None,D.None,A,ev_371,,This scene appeared at 00:02:35-00:02:37,worker_06,2025-12-20,accepted,global_json_list
egomonth_qa_001132,017,017,017_0032,017/017_0032.mp4,videos/017/017_0032.mp4,false,object_location,Object Location,Level 2: Episodic Indexing,<017_0032.mp4>What oil is used for frying toast?,A.salad oil,B.butter,C.None,D.None,B,ev_375,,This scene appeared at 00:02:12-00:03:13,worker_06,2025-12-20,accepted,global_json_list
egomonth_qa_001133,017,017,017_0032,017/017_0032.mp4,videos/017/017_0032.mp4,false,detail_retrieval,Detail Retrieval,Level 2: Episodic Indexing,"<017_0032.mp4>During the time period from 00:13:48 to 00:15:20 in the video, are the friends of the girl chatting with boy or girl?",A.girl,B.boy,C.None,D.None,B,ev_376,,This scene appeared at 00:13:48-00:15:20,worker_06,2025-12-20,accepted,global_json_list
egomonth_qa_001134,017,017,017_0032,017/017_0032.mp4,videos/017/017_0032.mp4,false,detail_retrieval,Detail Retrieval,Level 2: Episodic Indexing,<017_0032.mp4>What is the content of the girl's video chat from 00:23:48 to 00:25:28?,A.About learning,B.About History,C.About pets at home,D.None,C,ev_378,,This scene appeared at 00:23:48-00:25:28,worker_06,2025-12-20,accepted,global_json_list
egomonth_qa_001135,017,017,017_0034,017/017_0034.mp4,videos/017/017_0034.mp4,false,detail_retrieval,Detail Retrieval,Level 2: Episodic Indexing,<017_0034.mp4>Which of the following is not taken out of the refrigerator?,A.chicken,B.egg,C.tomato,D.cucumber,D,ev_381,,This scene appeared at 00:03:36-00:05:44,worker_06,2025-12-21,accepted,global_json_list
egomonth_qa_001136,017,017,017_0034,017/017_0034.mp4,videos/017/017_0034.mp4,false,object_location,Object Location,Level 2: Episodic Indexing,"<017_0034.mp4>From 00:51:28 to 00:51:41 in the video, where is the phone on the desk on the Apple drive?",A.right,B.left,C.None,D.None,B,ev_387,,This scene appeared at 00:51:27-00:51:41,worker_06,2025-12-21,accepted,global_json_list
egomonth_qa_001137,017,017,017_0034,017/017_0034.mp4,videos/017/017_0034.mp4,false,event_time,Event Time,Level 2: Episodic Indexing,<017_0034.mp4>How long did it take to take the subway?,A.31 minutes,B.21 minutes,C.None,D.None,B,ev_390,,This scene appeared at 00:09:13-00:29:40,worker_06,2025-12-21,accepted,global_json_list
egomonth_qa_001138,017,017,017_0035,017/017_0035.mp4,videos/017/017_0035.mp4,false,event_time,Event Time,Level 2: Episodic Indexing,<017_0035.mp4>How long did it take to take the subway?,A.31 minutes,B.21 minutes,C.None,D.None,B,ev_390,,This scene appeared at 00:09:13-00:29:40,worker_06,2025-12-21,accepted,global_json_list
egomonth_qa_001139,017,017,017_0035,017/017_0035.mp4,videos/017/017_0035.mp4,false,detail_retrieval,Detail Retrieval,Level 2: Episodic Indexing,"<017_0035.mp4>At 00:42:14 in the video, where did the girl go?",A.cinema,B.cafe,C.None,D.None,A,ev_391,,This scene appeared at 00:42:14-00:43:00,worker_06,2025-12-21,accepted,global_json_list
egomonth_qa_001140,017,017,017_0038,017/017_0038.mp4,videos/017/017_0038.mp4,false,detail_retrieval,Detail Retrieval,Level 2: Episodic Indexing,<017_0038.mp4>Are the old and new computers from the same brand?,A.Yes,B.No,C.None,D.None,A,ev_393|ev_394,,This scene appeared at 00:04:42-00:10:38,worker_06,2025-12-21,accepted,global_json_list
egomonth_qa_001141,017,017,017_0038,017/017_0038.mp4,videos/017/017_0038.mp4,false,object_location,Object Location,Level 2: Episodic Indexing,<017_0038.mp4>How many tomatoes are there in the fridge?,A.2,B.3,C.4,D.None,C,ev_396,,This scene appeared at 00:25:45-00:25:55,worker_06,2025-12-21,accepted,global_json_list
egomonth_qa_001142,017,017,017_0038,017/017_0038.mp4,videos/017/017_0038.mp4,false,detail_retrieval,Detail Retrieval,Level 2: Episodic Indexing,<017_0038.mp4>What system is installed on the new computer?,A.PC,B.Mac,C.None,D.None,B,ev_403,,This scene appeared at 01:02:45-01:03:15,worker_06,2025-12-21,accepted,global_json_list
egomonth_qa_001143,017,017,017_0038,017/017_0038.mp4,videos/017/017_0038.mp4,false,detail_retrieval,Detail Retrieval,Level 2: Episodic Indexing,<017_0038.mp4>Did the girl wear shoes while eating?,A.Yes,B.No,C.None,D.None,B,ev_403,,This scene appeared at 01:08:53-01:09:25,worker_06,2025-12-21,accepted,global_json_list
egomonth_qa_001144,017,017,017_0038,017/017_0038.mp4,videos/017/017_0038.mp4,false,detail_retrieval,Detail Retrieval,Level 2: Episodic Indexing,<017_0038.mp4>Did the girl have breakfast or dinner?,A.breakfast,B.dinner,C.None,D.None,B,ev_397|ev_404,,This scene appeared at 00:28:28-01:11:00,worker_06,2025-12-21,accepted,global_json_list
egomonth_qa_001145,017,017,017_0036,017/017_0036.mp4,videos/017/017_0036.mp4,false,procedure_planning,Procedure Planning,Level 3: Cascading Reasoning,<017_0036.mp4>What are the steps to cook rice in video 00:00:20-00:03:33?,A.Add oil to the pot->Add rice->Add garlic sprouts,B.Add oil to the pot->Add garlic sprouts->Add rice,C.None,D.None,A,ev_406,,This scene appeared at 00:00:20-00:03:33,worker_06,2025-12-21,accepted,global_json_list
egomonth_qa_001146,017,017,017_0037,017/017_0037.mp4,videos/017/017_0037.mp4,false,procedure_planning,Procedure Planning,Level 3: Cascading Reasoning,<017_0037.mp4>What are the steps to Make sandwiches in video 00:00:15-00:08:00?,"A.Cut the tusi->Put toast in the pot->Put butter in the pot->Out of the pot, spread jam on the toast","B.Cut the tusi->Put butter in the pot->Put toast in the pot->Out of the pot, spread jam on the toast",C.None,D.None,B,ev_406,,This scene appeared at 00:00:15-00:08:00,worker_06,2025-12-21,accepted,global_json_list
egomonth_qa_001147,017,017,017_0039,017/017_0039.mp4,videos/017/017_0039.mp4,false,detail_retrieval,Detail Retrieval,Level 2: Episodic Indexing,<017_0039.mp4>Did the girl wear a hat when going out?,A.Yes,B.No,C.None,D.None,A,ev_412,,This scene appeared at 00:12:32-00:12:36,worker_06,2025-12-22,accepted,global_json_list
egomonth_qa_001148,017,017,017_0039,017/017_0039.mp4,videos/017/017_0039.mp4,false,detail_retrieval,Detail Retrieval,Level 2: Episodic Indexing,"<017_0039.mp4>On the way, did the girl and her friend use umbrellas separately?",A.Yes,B.No,C.None,D.None,B,ev_413,,This scene appeared at 00:17:05-00:17:11,worker_06,2025-12-22,accepted,global_json_list
egomonth_qa_001149,017,017,017_0039,017/017_0039.mp4,videos/017/017_0039.mp4,false,event_counting,Event Counting,Level 3: Cascading Reasoning,<017_0039.mp4>How many boys did the man who got on the car bring with him in the video 00:40:30-00:40:53?,A.1,B.2,C.5,D.7,B,ev_414,,This scene appeared at 00:40:30-00:40:53,worker_06,2025-12-22,accepted,global_json_list
egomonth_qa_001150,017,017,017_0039,017/017_0039.mp4,videos/017/017_0039.mp4,false,event_counting,Event Counting,Level 3: Cascading Reasoning,"<017_0039.mp4>In the video 00:25:00-00:40:53, how many stops did the girl make on her first subway ride?",A.3,B.7,C.8,D.9,D,ev_414,,This scene appeared at 00:25:00-00:40:53,worker_06,2025-12-22,accepted,global_json_list
egomonth_qa_001151,017,017,017_0046,017/017_0046.mp4,videos/017/017_0046.mp4,false,detail_retrieval,Detail Retrieval,Level 2: Episodic Indexing,<017_0046.mp4>Where did the girl watch the recipe for cooking in this video?,A.notebook,B.book,C.mobile phone,D.None,C,ev_419,,This scene appeared at 00:13:10-00:13:27,worker_06,2025-12-22,accepted,global_json_list
egomonth_qa_001152,017,017,017_0046,017/017_0046.mp4,videos/017/017_0046.mp4,false,procedure_planning,Procedure Planning,Level 3: Cascading Reasoning,<017_0046.mp4>Is the flour used for pickling meat processed?,A.Put it directly into the meat,B.Mix the flour with water and pour it into the meat,C.None,D.None,B,ev_419,,This scene appeared at 00:14:33-00:16:18,worker_06,2025-12-22,accepted,global_json_list
egomonth_qa_001153,017,017,017_0046,017/017_0046.mp4,videos/017/017_0046.mp4,false,detail_retrieval,Detail Retrieval,Level 2: Episodic Indexing,<017_0046.mp4>What tool should be used to spread the meat apart?,A.wood,B.hammer,C.Knife back,D.tip of the blade,C,ev_418,,This scene appeared at 00:09:37-00:11:58,worker_06,2025-12-22,accepted,global_json_list
egomonth_qa_001154,017,017,017_0046,017/017_0046.mp4,videos/017/017_0046.mp4,false,object_location,Object Location,Level 2: Episodic Indexing,<017_0046.mp4>Do potatoes have blood skin in this video?,A.Yes,B.No,C.None,D.None,B,ev_417,,This scene appeared at 00:03:52-00:05:03,worker_06,2025-12-22,accepted,global_json_list
egomonth_qa_001155,017,017,017_0041,017/017_0041.mp4,videos/017/017_0041.mp4,false,detail_retrieval,Detail Retrieval,Level 2: Episodic Indexing,<017_0041.mp4>Does the girl in the video have long hair or short hair?,A.long hair,B.short hair,C.None,D.None,B,ev_424,,This scene appeared at 00:05:19-00:05:24,worker_06,2025-12-23,accepted,global_json_list
egomonth_qa_001156,017,017,017_0041,017/017_0041.mp4,videos/017/017_0041.mp4,false,detail_retrieval,Detail Retrieval,Level 2: Episodic Indexing,<017_0041.mp4>Did the girl drink milk tea while cooking in this video?,A.Yes,B.No,C.None,D.None,A,ev_426,,This scene appeared at 00:10:37-00:10:53,worker_06,2025-12-23,accepted,global_json_list
egomonth_qa_001157,017,017,017_0041,017/017_0041.mp4,videos/017/017_0041.mp4,false,event_counting,Event Counting,Level 3: Cascading Reasoning,<017_0041.mp4>How many times did you add water to the pot during the cooking process?,A.1,B.2,C.4,D.None,B,ev_426,,This scene appeared at 00:14:12-00:15:20,worker_06,2025-12-23,accepted,global_json_list
egomonth_qa_001158,017,017,017_0041,017/017_0041.mp4,videos/017/017_0041.mp4,false,detail_retrieval,Detail Retrieval,Level 2: Episodic Indexing,<017_0041.mp4>Did the girl in the video wear contact lenses?,A.Yes,B.No,C.None,D.None,A,ev_430,,This scene appeared at 01:01:47-01:02:31,worker_06,2025-12-23,accepted,global_json_list
egomonth_qa_001159,017,017,017_0047,017/017_0047.mp4,videos/017/017_0047.mp4,false,event_counting,Event Counting,Level 3: Cascading Reasoning,"<017_0047.mp4>In this video, how many items did the girl buy while shopping at the supermarket?",A.3,B.4,C.5,D.6,C,ev_431,,This scene appeared at 00:10:00-00:13:00,worker_06,2025-12-23,accepted,global_json_list
egomonth_qa_001160,017,017,017_0047,017/017_0047.mp4,videos/017/017_0047.mp4,false,spatial_relation,Spatial Relation,Level 2: Episodic Indexing,<017_0047.mp4>What is the route from the revolving door to the elevator entrance after entering the apartment building?,A.Go straight through the revolving door and turn right->Go straight in and turn right->Go straight in and turn left->Turn left to the elevator entrance,B.Go straight through the revolving door and turn right->Go straight in and turn right->Go straight in and turn right->Turn left to the elevator entrance,C.None,D.None,A,ev_433,,This scene appeared at 00:18:10-00:19:00,worker_06,2025-12-23,accepted,global_json_list
egomonth_qa_001161,017,017,017_0047,017/017_0047.mp4,videos/017/017_0047.mp4,false,object_location,Object Location,Level 2: Episodic Indexing,<017_0047.mp4>Where did the girl put the eggs and bread after entering the house?,A.on the table,B.in the fridge,C.None,D.None,B,ev_434,,This scene appeared at 00:21:20-00:21:28,worker_06,2025-12-23,accepted,global_json_list
egomonth_qa_001162,017,017,017_0047,017/017_0047.mp4,videos/017/017_0047.mp4,false,procedure_planning,Procedure Planning,Level 3: Cascading Reasoning,<017_0047.mp4>What are the steps to make crispy potato cakes?,A.Shredded potatoes with flour->Add egg mixture ->add seasoning->Stir and fry in a pot,B.Shredded potatoes with egg mixture->add seasoning->Add flour->Stir and fry in a pot,C.None,D.None,A,ev_435,,This scene appeared at 00:36:40-00:52:07,worker_06,2025-12-23,accepted,global_json_list
egomonth_qa_001163,017,017,017_0047,017/017_0047.mp4,videos/017/017_0047.mp4,false,detail_retrieval,Detail Retrieval,Level 2: Episodic Indexing,<017_0047.mp4>What kind of sauce did the girl put on the potato pancake during the video period from 01:06:12 to 01:06:33?,A.salad dressing,B.ketchup,C.None,D.None,B,ev_437,,This scene appeared at 01:06:12-01:06:33,worker_06,2025-12-23,accepted,global_json_list
egomonth_qa_001164,017,017,017_0053,017/017_0053.mp4,videos/017/017_0053.mp4,false,procedure_planning,Procedure Planning,Level 3: Cascading Reasoning,<017_0053.mp4>What are the steps for the girl to make a cake in this video?,A.Cream cheese with sugar added->Add lemon juice->Crack in an egg->Add corn starch->Add milk->Mix evenly and pour into a baking tray to grill,B.Crack an egg into a bowl->Add cream cheese with sugar added->Add corn starch->Mix evenly and pour into a baking tray to grill,C.None,D.None,A,ev_440,,This scene appeared at 00:08:27-00:20:16,worker_06,2025-12-24,accepted,global_json_list
egomonth_qa_001165,017,017,017_0053,017/017_0053.mp4|017/017_0047.mp4|017/017_0041.mp4|017/017_0046.mp4,videos/017/017_0053.mp4|videos/017/017_0047.mp4|videos/017/017_0041.mp4|videos/017/017_0046.mp4,false,habit_inference,Habit Inference,Level 1: Schema Consolidation,"<017_0053.mp4><017_0047.mp4><017_0041.mp4><017_0046.mp4>Based on these videos, it can be inferred that the girl usually likes to cook and eat at home or go out to eat?",A.go out to eat,B.cook and eat at home,C.None,D.None,B,ev_440|ev_435|ev_427|ev_420,,This scene appeared at 00:26:46-00:34:19,worker_06,2025-12-24,accepted,global_json_list
egomonth_qa_001166,018,018,018_0001,018/018_0001.mp4,videos/018/018_0001.mp4,false,object_counting_global,Object Counting,Level 3: Cascading Reasoning,<018_0001.mp4>How many basins are under the sink,A.0,B.1,C.2,D.3,C,,0001_obj_basins_01,There are two basins under the sink,worker_10,2025-12-05T20:00:00,accepted,global_json_list
egomonth_qa_001167,018,018,018_0001,018/018_0001.mp4,videos/018/018_0001.mp4,false,temporal_ordering,Temporal Ordering,Level 2: Episodic Indexing,<018_0001.mp4> When did the other person in the dormitory bedroom appear,A.00:59,B.00:14,C.01:32,D.01:56,A,,,A person's lower body appears at 00:59,worker_10,2025-12-05T20:15:00,accepted,global_json_list
egomonth_qa_001168,018,018,018_0001,018/018_0001.mp4,videos/018/018_0001.mp4,false,self_localization,Self-Localization,Level 2: Episodic Indexing,"<018_0001.mp4> At 13:44, where is this person",A.washroom,B.bedroom,C.canteen,D.courier station,D,,,There were many shelves full of packages in front of this person,worker_10,2025-12-07T10:00:00,accepted,global_json_list
egomonth_qa_001169,018,018,018_0001,018/018_0001.mp4,videos/018/018_0001.mp4,false,temporal_ordering,Temporal Ordering,Level 2: Episodic Indexing,<018_0001.mp4> What did this person do before looking for a seat between 24:47 and 26:01 in this video,A.Handwashing,B.Walk around the coffee shop,C.Take a bite of food,D.Browse TikTok,B,ev_13|ev_14,0001_obj_cellphone_01,The person walked around the coffee shop before looking for a seat,worker_10,2025-12-07T10:00:00,accepted,global_json_list
egomonth_qa_001170,018,018,018_0001,018/018_0001.mp4,videos/018/018_0001.mp4,false,object_location,Object Location,Level 2: Episodic Indexing,<018_0001.mp4> Where is the red pen placed in this video,A.On the desk,B.On the road,C.On the floor,D.On the cabinet,A,,0001_obj_redpen_01,The red pen was placed on the desk,worker_10,2025-12-07T10:00:00,accepted,global_json_list
egomonth_qa_001171,018,018,018_0001,018/018_0001.mp4,videos/018/018_0001.mp4,false,cross_view_spatial_reasoning,Cross-View Spatial Reasoning,Level 3: Cascading Reasoning,"<018_0001.mp4> In this video, which floor of the dormitory building is the person's bedroom located on",A.First floor,B.Second floor,C.Third floor,D.Fourth floor,B,,,"The person went downstairs, walked down only a short flight of stairs, and then exited through the main entrance on the first floor",worker_10,2025-12-07T10:00:00,accepted,global_json_list
egomonth_qa_001172,018,018,018_0001,018/018_0001.mp4,videos/018/018_0001.mp4,false,direction_judgement,Direction Judgment,Level 3: Cascading Reasoning,<018_0001.mp4> Which way do I go at the first intersection on the way from the dormitory building to the courier station,A.go straight,B.turn left,C.turn right,D.None,B,ev_05,0001_obj_sharedbicycle_01,Turn left at the first intersection while riding bike,worker_10,2025-12-07T22:15:00,accepted,global_json_list
egomonth_qa_001173,018,018,018_0001,018/018_0001.mp4,videos/018/018_0001.mp4,false,detail_retrieval,Detail Retrieval,Level 2: Episodic Indexing,"<018_0001.mp4> From the text on the parcel shelf at 13:37, we can deduce which school this is",A.Hohai University,B.Wuhan University,C.Southeast University,D.None,A,,,The shelf has the logo of Hohai University,worker_10,2025-12-07T22:15:00,accepted,global_json_list
egomonth_qa_001174,018,018,018_0001,018/018_0001.mp4,videos/018/018_0001.mp4,false,temporal_ordering,Temporal Ordering,Level 2: Episodic Indexing,<018_0001.mp4> What time did this person enter the canteen,A.18:59,B.21:12,C.22:36,D.19:14,B,,,This person entered the canteen at 21:12,worker_10,2025-12-07T22:30:00,accepted,global_json_list
egomonth_qa_001175,018,018,018_0001,018/018_0001.mp4,videos/018/018_0001.mp4,false,event_counting,Event Counting,Level 3: Cascading Reasoning,<018_0001.mp4>How many times did the waiter add seasoning when this person ordered,A.1,B.2,C.3,D.4,D,ev_12,0001_obj_condimentbottles_01,"The waiter added the condiments twice initially, and then added them twice more at the customer's request",worker_10,2025-12-07T22:30:00,accepted,global_json_list
egomonth_qa_001176,018,018,018_0001,018/018_0001.mp4,videos/018/018_0001.mp4,false,object_location,Object Location,Level 2: Episodic Indexing,<018_0001.mp4> Where is the potted plants placed in this video,A.On the shelf,B.On the desk,C.On the floor,D.On the cabinet,A,ev_14,0001_obj_pottedplants_01,The potted plants was placed on the shelf in canteen,worker_10,2025-12-07T10:30:00,accepted,global_json_list
egomonth_qa_001177,018,018,018_0001,018/018_0001.mp4,videos/018/018_0001.mp4,false,event_counting,Event Counting,Level 3: Cascading Reasoning,<018_0001.mp4>How many times did this person ride the bike throughout the entire video,A.0,B.1,C.2,D.3,C,ev_05|ev_09,0001_obj_sharedbicycle_01,"The whole process involved first riding a shared bike from the dormitory to the courier station, and then riding to the canteen",worker_10,2025-12-07T22:50:00,accepted,global_json_list
egomonth_qa_001178,018,018,018_0001,018/018_0001.mp4,videos/018/018_0001.mp4,false,procedure_planning,Procedure Planning,Level 3: Cascading Reasoning,<018_0001.mp4>Which of the following locations appears in the correct order,A.corridor_1->corridor_2->courier station->bedroom->canteen,B.bedroom->corridor_1->corridor_2->courier station->canteen,C.courier station->corridor_1->canteen->corridor_2->bedroom,D.canteen->corridor_1->corridor_2->courier station->bedroom,B,,,"The whole process involved first riding a shared bike from the dormitory to the courier station, and then riding to the canteen",worker_10,2025-12-07T23:00:00,accepted,global_json_list
egomonth_qa_001179,018,018,018_0002,018/018_0002.mp4,videos/018/018_0002.mp4,false,object_location,Object Location,Level 2: Episodic Indexing,<018_0002.mp4>Which of the following items is NOT on the canteen table,A.bottle,B.paper bag,C.chopsticks,D.disposable gloves,C,,0001_obj_bottle_01|0002_obj_paperbags_01|0001_obj_disposablegloves_01,There are no chopsticks on the table,worker_10,2025-12-09T15:00:00,accepted,global_json_list
egomonth_qa_001180,018,018,018_0002,018/018_0002.mp4,videos/018/018_0002.mp4,false,event_counting,Event Counting,Level 3: Cascading Reasoning,<018_0002.mp4>How many times has this person gone to the coffee shop,A.1,B.2,C.3,D.4,B,ev_13|ev_16,,"The coffee wasn't ready when this person first went there,so this person went to collect coffee again later",worker_10,2025-12-09T15:00:00,accepted,global_json_list
egomonth_qa_001181,018,018,018_0002,018/018_0002.mp4,videos/018/018_0002.mp4,false,personality_inference,Personality Inference,Level 1: Schema Consolidation,<018_0002.mp4>What hair color do this person like in anime characters,A.pink,B.white,C.blue,D.yellow,A,ev_16|ev_19,0001_obj_cellphone_01|0002_obj_paperbags_01,"The anime character on the coffee bag has pink hair, and furthermore, all the emojis this person uses in WeChat chats are related to pink-haired anime characters",worker_10,2025-12-09T15:00:00,accepted,global_json_list
egomonth_qa_001182,018,018,018_0002,018/018_0002.mp4,videos/018/018_0002.mp4,false,detail_retrieval,Detail Retrieval,Level 2: Episodic Indexing,<018_0002.mp4>What is the order number for the coffee this person ordered,A.731,B.625,C.912,D.898,D,,0002_obj_paperbags_01,The receipt on the coffee bag shows 898,worker_10,2025-12-09T15:00:00,accepted,global_json_list
egomonth_qa_001183,018,018,018_0003,018/018_0003.mp4,videos/018/018_0003.mp4,false,detail_retrieval,Detail Retrieval,Level 2: Episodic Indexing,<018_0003.mp4>What is the license plate number of the electric vehicle that appears on the right at 11:36,A.XF306,B.KT487,C.DC924,D.MR076,A,,0003_obj_ebike_01,The license plate number of the electric vehicle is XF306,worker_10,2025-12-11T08:30:00,accepted,global_json_list
egomonth_qa_001184,018,018,018_0003,018/018_0003.mp4,videos/018/018_0003.mp4,false,temporal_ordering,Temporal Ordering,Level 2: Episodic Indexing,<018_0003.mp4> What did this person do before heading to the classroom after leaving the dormitory,A.Make a phone call,B.Obtain Hong Kong and Macau travel permit at the police station,C.Walking around the coffee shop,D.Browse TikTok,B,ev_24|ev_28,,The person obtained Hong Kong and Macau travel permit at the police station before heading to the classroom,worker_10,2025-12-11T08:30:00,accepted,global_json_list
egomonth_qa_001185,018,018,018_0003,018/018_0003.mp4,videos/018/018_0003.mp4,false,self_localization,Self-Localization,Level 2: Episodic Indexing,"<018_0003.mp4>At the very beginning of the video, where is this person",A.washroom,B.bedroom,C.classroom,D.courier station,B,,,The video begins with a bed and a large number of personal belongings scattered haphazardly,worker_10,2025-12-11T09:00:00,accepted,global_json_list
egomonth_qa_001186,018,018,018_0003,018/018_0003.mp4,videos/018/018_0003.mp4,false,object_counting_global,Object Counting,Level 3: Cascading Reasoning,<018_0003.mp4>How many desks are there in a row of classroom in teachingbuilding_1,A.8,B.9,C.10,D.11,C,,,"The classroom is divided into three sections: left, center, and right. There are three tables on the left, four tables in the center, and three tables on the right, for a total of ten tables",worker_10,2025-12-11T09:00:00,accepted,global_json_list
egomonth_qa_001187,018,018,018_0004,018/018_0004.mp4,videos/018/018_0004.mp4,false,event_counting,Event Counting,Level 3: Cascading Reasoning,<018_0004.mp4>How many times did this person exit the turnstile in total?,A.1,B.2,C.3,D.4,C,,0001_obj_turnstile_01,"This person exited the turnstile once each in videos 1, 3, and 4.",worker_10,2025-12-13T11:00:00,accepted,global_json_list
egomonth_qa_001188,018,018,018_0004,018/018_0004.mp4,videos/018/018_0004.mp4,false,personality_inference,Personality Inference,Level 1: Schema Consolidation,<018_0004.mp4>What are this student's study habit,A.Spend all her time studying,B.Balance work and rest,C.Never study,D.It cannot be inferred from the video,B,ev_15|ev_28,0001_obj_cellphone_01,This student watches in-depth interviews while eating and also uses her phone for leisure while studying in the classroom,worker_10,2025-12-13T11:00:00,accepted,global_json_list
egomonth_qa_001189,018,018,018_0004,018/018_0004.mp4,videos/018/018_0004.mp4,false,personality_inference,Personality Inference,Level 1: Schema Consolidation,<018_0004.mp4>What are this student's eating habit,A.She eats a simple diet,B.This person eats a lot,C.None,D.None,A,ev_15|ev_34,0002_obj_friedchickenwings_01|0002_obj_crispyfriedpork_01|0004_obj_soyegg_01|0004_obj_soymilk_01,"This person ate a small portion of fried food for their main meal, and had no carbohydrates for breakfast",worker_10,2025-12-13T11:00:00,accepted,global_json_list
egomonth_qa_001190,018,018,018_0004,018/018_0004.mp4,videos/018/018_0004.mp4,false,personality_inference,Personality Inference,Level 1: Schema Consolidation,<018_0004.mp4>What are this student's habit of filling water,A.only warm water,B.only hot water,"C.warm water first, then hot water","D.hot water first, then warm water",C,ev_03|ev_36,0001_obj_bottle_01|0001_obj_waterdispenser_01|0004_obj_waterdispenser_01,"This person always gets warm water first, then hot water",worker_10,2025-12-13T11:00:00,accepted,global_json_list
egomonth_qa_001191,019,019,019_0001,019/019_0001.mp4,videos/019/019_0001.mp4,false,detail_retrieval,Detail Retrieval,Level 2: Episodic Indexing,<019_0001.mp4> What is the mode of transportation used for travel,A.car,B.Train,C.bicycle,D.airplane,C,ev_01,,The two wheeled tool with pedals appearing in the camera fully conforms to the characteristics of a bicycle,worker_05,2025-12-6,accepted,global_json_list
egomonth_qa_001192,019,019,019_0001,019/019_0001.mp4,videos/019/019_0001.mp4,false,object_location,Object Location,Level 2: Episodic Indexing,<019_0001.mp4> Where did put the handbag,A.None,B.On the stool,C.on the ground,D.None,A,,0001_obj_handbag_01,4:17 Place the handbag on the table,worker_05,2025-12-6,accepted,global_json_list
egomonth_qa_001193,019,019,019_0001,019/019_0001.mp4,videos/019/019_0001.mp4,false,detail_retrieval,Detail Retrieval,Level 2: Episodic Indexing,<019_0001.mp4>What color pants do I wear,A.black,B.white,C.pink,D.green,B,,,5:00 can see the white pants.,worker_05,2025-12-5,accepted,global_json_list
egomonth_qa_001194,019,019,019_0001,019/019_0001.mp4,videos/019/019_0001.mp4,false,object_location,Object Location,Level 2: Episodic Indexing,<019_0001.mp4> Where did put the handbag,A.None,B.On the stool,C.on the ground,D.None,B,,0001_obj_schoolbag_01,11:08 Place the schoolbag on the stool,worker_05,2025-12-6,accepted,global_json_list
egomonth_qa_001195,019,019,019_0001,019/019_0001.mp4,videos/019/019_0001.mp4,false,detail_retrieval,Detail Retrieval,Level 2: Episodic Indexing,<019_0001.mp4>What color is the watch strap,A.yellow,B.white,C.pink,D.blue,C,,,5:01 can see the pink watch strap,worker_05,2025-12-6,accepted,global_json_list
egomonth_qa_001196,019,019,019_0001,019/019_0001.mp4,videos/019/019_0001.mp4,false,detail_retrieval,Detail Retrieval,Level 2: Episodic Indexing,<019_0001.mp4> What did you take out of your schoolbag,A.book,B.Charger,C.Bluetooth earphones,D.bottle,B,ev_08,,11:28 I took out the charger,worker_05,2025-12-6,accepted,global_json_list
egomonth_qa_001197,019,019,019_0001,019/019_0001.mp4,videos/019/019_0001.mp4,false,detail_retrieval,Detail Retrieval,Level 2: Episodic Indexing,<019_0001.mp4>What color is the charger cable ,A.black,B.grey,C.golden,D.red,D,,,11:34 can see that the color of the charger cable is red ,worker_05,2025-12-6,accepted,global_json_list
egomonth_qa_001198,019,019,019_0001,019/019_0001.mp4,videos/019/019_0001.mp4,false,object_counting_global,Object Counting,Level 3: Cascading Reasoning,<019_0001.mp4> How many sheets of tissue were pulled out in total,A.1,B.2,C.3,D.4,A,ev_10,0001_obj_tissue_01, I pulled out a tissue in total,worker_05,2025-12-6,accepted,global_json_list
egomonth_qa_001199,019,019,019_0001,019/019_0001.mp4,videos/019/019_0001.mp4,false,procedure_planning,Procedure Planning,Level 3: Cascading Reasoning,<019_0001.mp4> What is the order of the following actions performed by the user,A.take out the charger->Open schoolbag  ->Charge the smartphone with a charger->Pull the zipper of the schoolbag,B.Open schoolbag -> take out the charger->Charge the smartphone with a charger->Pull the zipper of the schoolbag,C.Charge the smartphone with a charger->Open schoolbag  ->take out the charger->Pull the zipper of the schoolbag,D.Pull the zipper of the schoolbag-> take out the charger->Charge the smartphone with a charger->Open schoolbag,B,ev_07|ev_08|ev_09|ev_11,,"The user first opens the drawer of the chopsticks, then takes out a pair of chopsticks from the drawer where they are stored, and finally opens the packaging of chopsticks ",worker_05,2025-12-6,accepted,global_json_list
egomonth_qa_001200,019,019,019_0001,019/019_0001.mp4,videos/019/019_0001.mp4,false,procedure_planning,Procedure Planning,Level 3: Cascading Reasoning,<019_0001.mp4> What is the order of the following actions performed by the user,A.Open the drawer of the chopsticks -> Take out a pair of chopsticks from the drawer where they are stored->Open the packaging of chopsticks,B.Take out a pair of chopsticks from the drawer where they are stored->Open the drawer of the chopsticks ->Open the packaging of chopsticks,C.Open the packaging of chopsticks-> Take out a pair of chopsticks from the drawer where they are stored->Open the drawer of the chopsticks,D.None,A,ev_12|ev_13|ev_14,,"The user first opens the drawer of the chopsticks, then takes out a pair of chopsticks from the drawer where they are stored, and finally opens the packaging of chopsticks ",worker_05,2025-12-6,accepted,global_json_list
egomonth_qa_001201,019,019,019_0001,019/019_0001.mp4,videos/019/019_0001.mp4,false,habit_inference,Habit Inference,Level 1: Schema Consolidation,"<019_0001.mp4>The user planned to pick up milk tea  from milk tea shop,  checked the navigation before departure but did not confirm the store number. After arriving at the first store, it was found that it was not the target store. Later, when went to the second store of the same brand, it still did not match. Finally,  picked up milk tea at the third store. Considering the user's behavior and the fact that the user has repeatedly relied on navigation but ignored detailed information, please determine which of the following best reflects the user's travel habits ",A.Prioritize navigation when traveling but do not verify specific information,B.Preference for selecting the nearest store,C.Habits of randomly selecting stores of the same brand,D.None,A,ev_30|ev_37|ev_46,0001_obj_tissue_01,"The user planned to pick up milk tea. After checking the navigation, went to three stores of the same brand, and only found the target store at the third one. After communicating with the staff, picked up the milk tea, and had repeatedly experienced the situation of 'relying on navigation but ignoring detailed information' before",worker_05,2025-12-6,accepted,global_json_list
egomonth_qa_001202,019,019,019_0001,019/019_0001.mp4,videos/019/019_0001.mp4,false,detail_retrieval,Detail Retrieval,Level 2: Episodic Indexing,<019_0001.mp4>What color is the charging cable for charging Bluetooth earphones ,A.red,B.black,C.None,D.None,A,ev_21|ev_22,0001_obj_Bluetooth_earphones_01,28:10The red charging cable is plugged into the charging port of the Bluetooth earphones,worker_05,2025-12-7,accepted,global_json_list
egomonth_qa_001203,019,019,019_0001,019/019_0001.mp4,videos/019/019_0001.mp4,false,event_counting,Event Counting,Level 3: Cascading Reasoning,<019_0001.mp4>At which store did the user receive milk tea ,A.the first one,B.The second one,C.The third one,D.None,C,ev_30|ev_37|ev_46,,"At first, the user did not get the milk tea, and  did not get it the second time. Finally, the user get it the third time",worker_05,2025-12-7,accepted,global_json_list
egomonth_qa_001204,019,019,019_0001,019/019_0001.mp4,videos/019/019_0001.mp4,false,detail_retrieval,Detail Retrieval,Level 2: Episodic Indexing,<019_0001.mp4> What did Ido when stopped bike at the bus stop,A.drink milk tea,B.talk to someone,C.Use smartphone,D.None,B,ev_50,,Stop next to the bus stop and talk to someone,worker_05,2025-12-7,accepted,global_json_list
egomonth_qa_001205,019,019,019_0001,019/019_0001.mp4,videos/019/019_0001.mp4,false,detail_retrieval,Detail Retrieval,Level 2: Episodic Indexing,<019_0001.mp4>What color chair did you sit on after getting on the bus ,A.blue,B.red,C.yellow,D.None,C,ev_58,,"After getting on the bus, I sat on a yellow chair",worker_05,2025-12-7,accepted,global_json_list
egomonth_qa_001206,019,019,019_0002,019/019_0002.mp4,videos/019/019_0002.mp4,false,detail_retrieval,Detail Retrieval,Level 2: Episodic Indexing,<019_0002.mp4> What did you take out of your schoolbag,A.smartphone,B.Bluetooth earphones,C.charger,D.None,A,ev_62,0001_obj_smartphone_01,took out smartphone from schoolbag,worker_05,2025-12-7,accepted,global_json_list
egomonth_qa_001207,019,019,019_0003,019/019_0003.mp4,videos/019/019_0003.mp4,false,event_time,Event Time,Level 2: Episodic Indexing,<019_0003.mp4> What is the starting time for walking to the dormitory building across the street,A.00:03,B.00:48,C.00:59,D.01:12,A,ev_67,,00:03Start heading to the dormitory building,worker_05,2025-12-14,accepted,global_json_list
egomonth_qa_001208,019,019,019_0003,019/019_0003.mp4,videos/019/019_0003.mp4,false,detail_retrieval,Detail Retrieval,Level 2: Episodic Indexing,<019_0003.mp4>What was placed on the table ,A.smartphone,B.Bluetooth earphones,C.schoolbag,D.documents,D,ev_68,,01:02 Put documents on the table,worker_05,2025-12-8,accepted,global_json_list
egomonth_qa_001209,019,019,019_0003,019/019_0003.mp4,videos/019/019_0003.mp4,false,detail_retrieval,Detail Retrieval,Level 2: Episodic Indexing,<019_0003.mp4>What did you do with your smartphone ,A.make a phone call,B.typing,C.Take a photo,D.None,C,ev_69,0001_obj_smartphone_01,01:12 Take a photo with a smartphone,worker_05,2025-12-8,accepted,global_json_list
egomonth_qa_001210,019,019,019_0003,019/019_0003.mp4,videos/019/019_0003.mp4,false,detail_retrieval,Detail Retrieval,Level 2: Episodic Indexing,<019_0003.mp4>What car did you get on ,A.automobile,B.coach,C.bicycle,D.None,B,ev_71,,Get on the coach,worker_05,2025-12-9,accepted,global_json_list
egomonth_qa_001211,019,019,019_0003,019/019_0003.mp4,videos/019/019_0003.mp4,false,self_localization,Self-Localization,Level 2: Episodic Indexing,<019_0003.mp4>where am I,A.on coach,B.at home,C.at supermarket,D.At amusement park,A,ev_71|ev_72,,"Get on the coach  ,then find a seat on the coach and sit down",worker_05,2025-12-9,accepted,global_json_list
egomonth_qa_001212,019,019,019_0003,019/019_0003.mp4,videos/019/019_0003.mp4,false,detail_retrieval,Detail Retrieval,Level 2: Episodic Indexing,<019_0003.mp4>Did the user wear a seat belt,A.yes,B.no,C.None,D.None,A,ev_73,,4:49 Fasten seat belt on the seat,worker_05,2025-12-9,accepted,global_json_list
egomonth_qa_001213,019,019,019_0003,019/019_0003.mp4,videos/019/019_0003.mp4,false,detail_retrieval,Detail Retrieval,Level 2: Episodic Indexing,<019_0003.mp4>What color are headphones,A.black,B.green,C.pink,D.blue,C,ev_75,,06:00The headphones are pink in color,worker_05,2025-12-10,accepted,global_json_list
egomonth_qa_001214,019,019,019_0003,019/019_0003.mp4,videos/019/019_0003.mp4,false,temporal_ordering,Temporal Ordering,Level 2: Episodic Indexing,<019_0003.mp4>What is the sequence of events for ev_71-ev_76,A.Get on the coach->find seat->Fasten seatbelt->Open schoolbag->Get smartphone->Using a smartphone,B.find seat->Get on the coach->Fasten seatbelt->Open schoolbag->Get smartphone->Using a smartphone,C.Open schoolbag->Get on the coach->Fasten seatbelt->find seat->Get smartphone->Using a smartphone,D.find seat->Using a smartphone->Fasten seatbelt->Open schoolbag->Get smartphone->Get on the coach,C,ev_71|ev_72|ev_73|ev_74|ev_75|ev_76,"After getting on the car, sitting down, and fastening the seat belt, the person immediately opened their backpack to search, took out their headphones, and operated their smartphone.",,worker_05,2025-12-14,accepted,global_json_list
egomonth_qa_001215,019,019,019_0003,019/019_0003.mp4,videos/019/019_0003.mp4,false,detail_retrieval,Detail Retrieval,Level 2: Episodic Indexing,<019_0003.mp4>How many times does the behavior involving 'using a smartphone' appear in video 019_0003,A.one,B.two,C.three,D.zero,B,ev_69|ev_76,,"Take a photo with a smartphone at 01:11 seconds in in video 019_0003, and use a smartphone at 06:16",worker_05,2025-12-14,accepted,global_json_list
egomonth_qa_001216,019,019,019_0004,019/019_0004.mp4,videos/019/019_0004.mp4,false,spatial_relation,Spatial Relation,Level 2: Episodic Indexing,<019_0004.mp4>What is the orientation of the electric bicycle parking spot relative to the charging socket,A.Front of socket,B.Left side of socket,C.Right side of socket,D.Rear of socket,B,ev_84,,Electric bicycle parking point relative to the charging socket socket,worker_05,2025-12-14,accepted,global_json_list
egomonth_qa_001217,019,019,"019_0003,019_0004",019/019_0003.mp4|019/019_0004.mp4,videos/019/019_0003.mp4|videos/019/019_0004.mp4,false,event_time,Event Time,Level 2: Episodic Indexing,"<019_0003.mp4>,<019_0004.mp4>How many times does the behavior related to 'walk' appear in videos 019_0003 and 019_0004?",A.2,B.3,C.4,D.5,B,ev_67|ev_70|ev_79,,"The first time I walked to the opposite dormitory building to deliver documents, the second time I walked to take a bus, and the third time I got off and walked to find an electric bike",worker_05,2025-12-14,accepted,global_json_list
egomonth_qa_001218,019,019,019_0004,019/019_0004.mp4,videos/019/019_0004.mp4,false,spatial_relation,Spatial Relation,Level 2: Episodic Indexing,<019_0004.mp4>Where am I after getting off the bus,A.Inside the bus,B.outdoors,C.inside the dormitory,D.Teaching Building,B,ev_78,,"After getting off the car,  went outdoors",worker_05,2025-12-15,accepted,global_json_list
egomonth_qa_001219,019,019,019_0004,019/019_0004.mp4,videos/019/019_0004.mp4,false,self_localization,Self-Localization,Level 2: Episodic Indexing,<019_0004.mp4>What is the sound that can be heard near an electric vehicle,A.Electric vehicle unlocking sound,B.dormitory knocking sound,C.bus horn sound,D.mobile phone ringtone,A,ev_80,,There is an electric vehicle unlocking sound when in contact with an electric vehicle,worker_05,2025-12-15,accepted,global_json_list
egomonth_qa_001220,019,019,"019_0003,019_0004",019/019_0003.mp4|019/019_0004.mp4,videos/019/019_0003.mp4|videos/019/019_0004.mp4,false,object_counting_global,Object Counting,Level 3: Cascading Reasoning,"<019_0003.mp4>,<019_0004.mp4>How many modes of transportation have appeared in videos 019_0003 and 019_0004?",A.1,B.2,C.3,D.4,B,ev_71|ev_81,,"Choose public transportation first, then electric vehicles",worker_05,2025-12-15,accepted,global_json_list
egomonth_qa_001221,019,019,019_0005,019/019_0005.mp4,videos/019/019_0005.mp4,false,object_location,Object Location,Level 2: Episodic Indexing,<019_0005.mp4>What is the placement of the firdge,A.living room,B.dining room,C.bathroom,D.bedroom,B,ev_114,,firdge in dining room,worker_05,2025-12-15,accepted,global_json_list
egomonth_qa_001222,019,019,019_0005,019/019_0005.mp4,videos/019/019_0005.mp4,false,spatial_relation,Spatial Relation,Level 2: Episodic Indexing,<019_0005.mp4>Where is the insulation bag located in the bathroom during cleaning,A.In the sink,B.next to the faucet on the floor,C.on the shelf,D.next to the toilet,A,ev_117,,Wash the insulation bag in the sink,worker_05,2025-12-15,accepted,global_json_list
egomonth_qa_001223,019,019,019_0005,019/019_0005.mp4,videos/019/019_0005.mp4,false,event_time,Event Time,Level 2: Episodic Indexing,<019_0005.mp4>What was the time when the refrigerator was opened,A.05:20-05:25,B.05:30-05:35,C.05:40-05:45,D.05:50-05:55,B,ev_114,,05:30-05:35Opened the fridge,worker_05,2025-12-15,accepted,global_json_list
egomonth_qa_001224,019,019,019_0005,019/019_0005.mp4,videos/019/019_0005.mp4,false,detail_retrieval,Detail Retrieval,Level 2: Episodic Indexing,<019_0005.mp4>What is the container for ice cubes,A.cup,B.bowl,C.plate,D.basin,A,ev_120,,07:35 Take out a cup,worker_05,2025-12-15,accepted,global_json_list
egomonth_qa_001225,019,019,019_0005,019/019_0005.mp4,videos/019/019_0005.mp4,false,procedure_planning,Procedure Planning,Level 3: Cascading Reasoning,<019_0005.mp4>What are the steps to put ice cubes in the fridge,A.Put the ice cubes in the fridge->Open the fridge->Close fridge door,B.Close fridge door->Put the ice cubes in the fridge->Open the fridge,C.Open the fridge->Put the ice cubes in the fridge->Close fridge door,D.None,C,ev_115|ev_123|ev_124,,"Open the fridgr, put ice cubes in the fridge, and close the feidge",worker_05,2025-12-16,accepted,global_json_list
egomonth_qa_001226,019,019,019_0005,019/019_0005.mp4,videos/019/019_0005.mp4,false,direction_judgement,Direction Judgment,Level 3: Cascading Reasoning,"<019_0005.mp4>The character in the video is located in the dining room, with the target location being the kitchen. At this point, which direction do we need to turn in order to reach the living room",A.Turn forward,B.Go straight to the left,C.Turn right,D.Turn backwards,C,ev_125,,,worker_05,2025-12-17,accepted,global_json_list
egomonth_qa_001227,019,019,019_0005,019/019_0005.mp4,videos/019/019_0005.mp4,false,procedure_planning,Procedure Planning,Level 3: Cascading Reasoning,<019_0005.mp4>What are the steps for users to heat food,A.Remove the air fryer->Put in the food->Turn off the air fryer->Start heating,B.Put in the food->Remove the air fryer->Turn off the air fryer->Start heating,C.Start heating->Put in the food->Turn off the air fryer->Remove the air fryer,D.Turn off the air fryer->Put in the food->Remove the air fryer->Start heating,A,ev_132|ev_133|ev_135,,"Take out an air fryer,Put the food in an air fryer and grill it",worker_05,2025-12-17,accepted,global_json_list
egomonth_qa_001228,019,019,019_0006,019/019_0006.mp4,videos/019/019_0006.mp4,false,event_counting,Event Counting,Level 3: Cascading Reasoning,<019_0006.mp4>03:38-05:00The user washed their hands several times,A.1,B.2,C.3,D.4,B,ev_140|ev_144,,,worker_05,2025-12-17,accepted,global_json_list
egomonth_qa_001229,019,019,019_0006,019/019_0006.mp4,videos/019/019_0006.mp4,false,detail_retrieval,Detail Retrieval,Level 2: Episodic Indexing,<019_0006.mp4>Is the user eating instant noodles or mixed noodles,A.instant noodles,B.mixed noodles,C.None,D.None,B,ev_146,,"The user poured the water from the instant noodle cup,so it's mixed noodles",worker_05,2025-12-17,accepted,global_json_list
egomonth_qa_001230,019,019,019_0006,019/019_0006.mp4,videos/019/019_0006.mp4,false,object_location,Object Location,Level 2: Episodic Indexing,<019_0006.mp4>Where should I put my laptop,A.living room,B.bed room,C.bathroom,D.dining room,A,ev_150,,Working with a laptop in the living room,worker_05,2025-12-17,accepted,global_json_list
egomonth_qa_001231,019,019,019_0006,019/019_0006.mp4,videos/019/019_0006.mp4,false,detail_retrieval,Detail Retrieval,Level 2: Episodic Indexing,<019_0006.mp4>What color is the handbag for holding A4 paper files,A.black,B.blue,C.pink,D.yellow,C,ev_153,,The handbag for holding A4 paper documents is pink,worker_05,2025-12-17,accepted,global_json_list
egomonth_qa_001232,019,019,019_0007,019/019_0007.mp4,videos/019/019_0007.mp4,false,event_time,Event Time,Level 2: Episodic Indexing,<019_0007.mp4>When did the user put down their coat,A.05:20-05:25,B.07:00-07:05,C.08:26-08:30,D.08:50-08:58,none,ev_172,,The user picked up the coat,worker_05,2025-12-17,accepted,global_json_list
egomonth_qa_001233,019,019,019_0007,019/019_0007.mp4,videos/019/019_0007.mp4,false,detail_retrieval,Detail Retrieval,Level 2: Episodic Indexing,<019_0007.mp4>What type of paper did the user put into the printer,A.A2,B.A3,C.A4,D.A5,C,ev_173,,The user put A4 paper into the printer,worker_05,2025-12-17,accepted,global_json_list
egomonth_qa_001234,019,019,019_0007,019/019_0007.mp4,videos/019/019_0007.mp4,false,detail_retrieval,Detail Retrieval,Level 2: Episodic Indexing,<019_0007.mp4>What did the user carry downstairs,A.document,B.trash,C.schoolbag,D.key,A,ev_174,,The user goes downstairs with the file,worker_05,2025-12-17,accepted,global_json_list
egomonth_qa_001235,019,019,019_0007,019/019_0007.mp4,videos/019/019_0007.mp4,false,event_counting,Event Counting,Level 3: Cascading Reasoning,<019_0007.mp4>The user sent files to several classmates,A.1,B.2,C.3,D.4,C,ev_177|ev_178|ev_179,,The user sent files to three classmates,worker_05,2025-12-17,accepted,global_json_list
egomonth_qa_001236,019,019,019_0008,019/019_0008.mp4,videos/019/019_0008.mp4,false,event_time,Event Time,Level 2: Episodic Indexing,<019_0008.mp4>When do users stop brushing their teeth,A.02:15,B.03:05,C.03:56,D.04:06,D,ev_184,,I stopped brushing my teeth at 04:06,worker_05,2025-12-17,accepted,global_json_list
egomonth_qa_001237,019,019,019_0008,019/019_0008.mp4,videos/019/019_0008.mp4,false,cross_view_spatial_reasoning,Cross-View Spatial Reasoning,Level 3: Cascading Reasoning,"<019_0008.mp4>In balcony_01, start the washing machine first (08:49-08:50), and then take dry clothes from the clothes rack (09:20-09:47). What spatial features does balcony_01 have to efficiently complete these two consecutive home behaviors","A.The laundry function area in the balcony adopts a compact and integrated spatial layout, with the washing machine and clothes rack located in a small and easily accessible area","B.The balcony has independent laundry compartments, with washing machines and drying racks physically separated in different sub areas","C.The washing machine on the balcony is placed by the window, and the clothes rack is installed at the entrance of the balcony, with a distance of more than 3 meters between the two","D.The balcony is designed as an open large space, with laundry facilities scattered in different corners of the balcony",A,ev_187|ev_188,,The washing machine and clothes rack are integrated in a small and easily accessible area,worker_05,2025-12-17,accepted,global_json_list
egomonth_qa_001238,019,019,019_0009,019/019_0009.mp4,videos/019/019_0009.mp4,false,self_localization,Self-Localization,Level 2: Episodic Indexing,<019_0009.mp4>Where is the user playing the guitar,A.bedroom,B.living room,C.bathroom,D.music hoom,D,ev_195,,Users playing guitar in the music room,worker_05,2025-12-17,accepted,global_json_list
egomonth_qa_001239,019,019,019_0010,019/019_0010.mp4,videos/019/019_0010.mp4,false,detail_retrieval,Detail Retrieval,Level 2: Episodic Indexing,<019_0010.mp4>What is the tool for opening cardboard boxes,A.pocketknife,B.key,C.kitchen knife,D.needle,A,ev_197,,Open the delivery box with a pocketknife,worker_05,2025-12-17,accepted,global_json_list
egomonth_qa_001240,019,019,019_0010,019/019_0010.mp4,videos/019/019_0010.mp4,false,cross_view_spatial_reasoning,Cross-View Spatial Reasoning,Level 3: Cascading Reasoning,<019_0010.mp4>Which spatial area is not included in 00:15-01:12,A.dining room,B.living room,C.bedroom,D.outside the door,C,ev_198|ev_199|ev_200,,00:15-01:12The user has never been to the bedroom,worker_05,2025-12-18,accepted,global_json_list
egomonth_qa_001241,019,019,019_0010,019/019_0010.mp4,videos/019/019_0010.mp4,false,event_counting,Event Counting,Level 3: Cascading Reasoning,<019_0010.mp4> What is the number of events related to placing items at 00:15-01:12,A.once,B.2 times,C.3 times,D.4 times,C,ev_198|ev_199|ev_200,,"00:15-01:12The user placed drinks, empty boxes, and A4 paper",worker_05,2025-12-18,accepted,global_json_list
egomonth_qa_001242,019,019,019_0010,019/019_0010.mp4,videos/019/019_0010.mp4,false,procedure_planning,Procedure Planning,Level 3: Cascading Reasoning,"<019_0010.mp4>The task process of 'opening the cabinet door, placing an empty cardboard box, and closing the cabinet door' requires a clear understanding of which key information is necessary for the successful execution of this task?",A.Specific time for task execution,B.The specific location of the cabinet,C.Manufacturer information of cardboard boxes,D.Identity of personnel performing tasks,B,ev_206,,"Knowing the specific location of the cabinet can complete the task process of 'opening the cabinet door, placing an empty cardboard box, and closing the cabinet door'",worker_05,2025-12-18,accepted,global_json_list
egomonth_qa_001243,019,019,019_0010,019/019_0010.mp4,videos/019/019_0010.mp4,false,cross_view_spatial_reasoning,Cross-View Spatial Reasoning,Level 3: Cascading Reasoning,<019_0010.mp4>Which of the following inferences holds true in the spatial description of events during the period of 04:12-04:55,A.The space for washing hands is in the same area as the space for placing empty cardboard boxes,B.The 'outside door' is an external extension area for placing empty cardboard boxes,C.The space for placing mineral water buckets includes space for placing empty cardboard boxes,D.The space for washing hands includes the area outside the door,B,ev_205|ev_206|ev_207,,The space for placing empty cardboard boxes belongs to the outside of the door and is an external extension area,worker_05,2025-12-18,accepted,global_json_list
egomonth_qa_001244,019,019,019_0011,019/019_0011.mp4,videos/019/019_0011.mp4,false,procedure_planning,Procedure Planning,Level 3: Cascading Reasoning,<019_0011.mp4>The order in which users wash up is,A.wash face->brush teeth->wash hands,B.brush teeth->wash hands->wash face,C.wash hands->brush teeth->wash face,D.None,C,ev_213|ev_214|ev_215,,"The order for users to wash their hands is to wash them first, then brush their teeth, and finally wash their face",worker_05,2025-12-18,accepted,global_json_list
egomonth_qa_001245,019,019,019_0011,019/019_0011.mp4,videos/019/019_0011.mp4,false,detail_retrieval,Detail Retrieval,Level 2: Episodic Indexing,<019_0011.mp4>Is the bedroom light on or off when the user is wearing clothes,A.Open,B.close,C.None,D.None,B,ev_217,,04:58The bedroom light is turned off when the user is wearing clothes,worker_05,2025-12-18,accepted,global_json_list
egomonth_qa_001246,019,019,019_0011,019/019_0011.mp4,videos/019/019_0011.mp4,false,detail_retrieval,Detail Retrieval,Level 2: Episodic Indexing,<019_0011.mp4>What did the user take out of their schoolbag,A.charger,B.water bottle,C.smartphone,D.book,C,ev_223,,,worker_05,2025-12-18,accepted,global_json_list
egomonth_qa_001247,019,019,019_0011,019/019_0011.mp4,videos/019/019_0011.mp4,false,detail_retrieval,Detail Retrieval,Level 2: Episodic Indexing,<019_0011.mp4>How many photos do users need to crop in total,A.4,B.7,C.8,D.9,C,ev_226,,19:40A total of 8 photos were printed,worker_05,2025-12-18,accepted,global_json_list
egomonth_qa_001248,019,019,019_0012,019/019_0012.mp4,videos/019/019_0012.mp4,false,event_time,Event Time,Level 2: Episodic Indexing,<019_0012.mp4>How many times did the user unpack the package in total,A.5,B.6,C.7,D.8,B,ev_227|ev_229|ev_232|ev_235|ev_237|ev_239,,The user dismantled the package a total of 6 times,worker_05,2025-12-18,accepted,global_json_list
egomonth_qa_001249,019,019,019_0012,019/019_0012.mp4,videos/019/019_0012.mp4,false,cross_view_spatial_reasoning,Cross-View Spatial Reasoning,Level 3: Cascading Reasoning,"<019_0012.mp4>The cardboard box for garbage disposal is taken to the garbage disposal area, and then the user takes the elevator to home_01, and finally goes to bathhroom_01 to wash their hands. From the perspective of the building's top view, what is the correct description of the relative spatial position and layout rationality of the garbage disposal area, home_01, and bathhroom_01","A.The garbage disposal area is located on the first floor of the building, home_01 is on the fifth floor of the building, and bathroom_01 is inside home_01. This layout conforms to the spatial logic of 'public area private residence residential functional area' in residential buildings","B.The garbage disposal area is located inside home_01, while bathroom_01 is next to the garbage disposal area. This layout is in line with the daily usage habits of residential buildings","C.The garbage disposal area, home_01, and bathroom_01 are all located outside the building and have no spatial affiliation with each other","D.Home_01 is located inside the garbage disposal area, while bathroom_01 is located outside the building. This layout complies with the design specifications for residential buildings",A,ev_242|ev_243|ev_244,,"The user first goes to the public area on the first floor to dispose of garbage, then takes the elevator home, and after returning home, goes to the bathroom to wash their hands",worker_05,2025-12-18,accepted,global_json_list
egomonth_qa_001250,019,019,019_0012,019/019_0012.mp4,videos/019/019_0012.mp4,false,detail_retrieval,Detail Retrieval,Level 2: Episodic Indexing,<019_0012.mp4>What tools did the user use for the cardboard box,A.tape,B.knitting wool,C.rope,D.thin rope,A,ev_248,,Wrap the cardboard box with tape,worker_05,2025-12-18,accepted,global_json_list
egomonth_qa_001251,019,019,019_0013,019/019_0013.mp4,videos/019/019_0013.mp4,false,self_localization,Self-Localization,Level 2: Episodic Indexing,<019_0013.mp4>Where does the user place things in the cabinet,A.bathroom,B.dining room,C.living room,D.bedroom,B,ev_256,,Users place items in the dining room cabinet,worker_05,2025-12-18,accepted,global_json_list
egomonth_qa_001252,019,019,019_0013,019/019_0013.mp4,videos/019/019_0013.mp4,false,procedure_planning,Procedure Planning,Level 3: Cascading Reasoning,<019_0013.mp4>How do users complete the act of eating,A.Take out the food->Put into the air fryer->Start the air fryer->Checking food midway->Take out food from the air fryer,B.Put into the air fryer->.Take out the food->Start the air fryer->Checking food midway->Take out food from the air fryer,C.Start the air fryer->Put into the air fryer->Take out the food->Checking food midway->Take out food from the air fryer,D.Checking food midway->Put into the air fryer->Start the air fryer->Take out the food->Take out food from the air fryer,A,ev_257|ev_258|ev_264|ev_267,,"Retrieve food from the fridge,Put the food into the air fryer and start heating it up,Check the food in the air fryer,Finally take out the food",worker_05,2025-12-19,accepted,global_json_list
egomonth_qa_001253,019,019,019_0013,019/019_0013.mp4,videos/019/019_0013.mp4,false,detail_retrieval,Detail Retrieval,Level 2: Episodic Indexing,<019_0013.mp4>What is the transportation mode chosen by the user to send materials to classmates,A.bus,B.walk,C.bicycle,D.electric vehicle,B,ev_272|ev_273,,,worker_05,2025-12-19,accepted,global_json_list
egomonth_qa_001254,019,019,019_0014,019/019_0014.mp4,videos/019/019_0014.mp4,false,event_time,Event Time,Level 2: Episodic Indexing,<019_0014.mp4>When did the user stop eating,A.00:50,B.10:30,C.15:50,D.22:15,D,ev_278|ev_279,,"Starting from 22:15, the user stopped eating and started playing with their phone continuously",worker_05,2025-12-19,accepted,global_json_list
egomonth_qa_001255,019,019,019_0015,019/019_0015.mp4,videos/019/019_0015.mp4,false,event_counting,Event Counting,Level 3: Cascading Reasoning,<019_0015.mp4>How many times did the user play ukulele between 00:15-07:50,A.2,B.3,C.4,D.5,B,ev_280|ev_282|ev_284,,The user played ukulele a total of 3 times between 00:15-07:50,worker_05,2025-12-19,accepted,global_json_list
egomonth_qa_001256,019,019,019_0015,019/019_0015.mp4,videos/019/019_0015.mp4,false,event_counting,Event Counting,Level 3: Cascading Reasoning,<019_0015.mp4>What is the order in which users make an ice drink,A.Wash the cup->take out the drink->take out the ice cubes->put the ice cubes into the cup->pour the drink into the cup,B.take out the drink->Wash the cup->take out the ice cubes->put the ice cubes into the cup->pour the drink into the cup,C.put the ice cubes into the cup->take out the drink->take out the ice cubes->Wash the cup->pour the drink into the cup,D.take out the ice cubes->take out the drink->Wash the cup->put the ice cubes into the cup->pour the drink into the cup,A,ev_286|ev_288|ev_289|ev_290|ev_291|ev_292,,,worker_05,2025-12-19,accepted,global_json_list
egomonth_qa_001257,019,019,019_0015,019/019_0015.mp4,videos/019/019_0015.mp4,false,event_counting,Event Counting,Level 3: Cascading Reasoning,<019_0015.mp4>What is the core spatial correlation between dining_room-01 and bedroom-01 in behaviors related to ukulele?,A.The two rooms are completely independent and have no behavioral spatial association,"B.The behavior is initiated in the restaurant, and in order to obtain information related to ukulele, it is necessary to go to the bedroom to form a spatial association of 'initiation extension'","C.All ukulele related behaviors only occur in the bedroom, and there are no related behaviors in the restaurant","D.The bedroom is the main space for ukulele performances, while the dining room is only used as a temporary passing space",B,ev_301|ev_302|ev_303,,"The user initiates from the restaurant and needs to go to the bedroom to obtain information related to the bullet ukulele, thus forming a spatial association of 'initiation extension'",worker_05,2025-12-19,accepted,global_json_list
egomonth_qa_001258,019,019,019_0016,019/019_0016.mp4,videos/019/019_0016.mp4,false,procedure_planning,Procedure Planning,Level 3: Cascading Reasoning,<019_0016.mp4>What is the order of user travel,A.start with the key->Find the electric vehicle->get on the electric vehicle->take the electric vehicle to depart,B.get on the electric vehicle->start with the key->Find the electric vehicle->take the electric vehicle to depart,C.Find the electric vehicle->start with the key->get on the electric vehicle->take the electric vehicle to depart,D.take the electric vehicle to depart->start with the key->get on the electric vehicle->Find the electric vehicle,C,ev_307|ev_308|ev_309|ev_310,,,worker_05,2025-12-19,accepted,global_json_list
egomonth_qa_001259,019,019,019_0017,019/019_0017.mp4,videos/019/019_0017.mp4,false,detail_retrieval,Detail Retrieval,Level 2: Episodic Indexing,<019_0017.mp4>What did the user do with their smartphone between 04:15-05:25,A.Ordering food,B.play games,C.Reply to WeChat,D.watch short videos,A,ev_312,,user ordering food with a smartphone,worker_05,2025-12-19,accepted,global_json_list
egomonth_qa_001260,019,019,019_0017,019/019_0017.mp4,videos/019/019_0017.mp4,false,detail_retrieval,Detail Retrieval,Level 2: Episodic Indexing,<019_0017.mp4>What vegetables did the user add to the plastic bowl,A.rape,B.celery,C.scallion,D.coriander,D,ev_315,,user add cilantro and vinegar to a plastic bowl,worker_05,2025-12-19,accepted,global_json_list
egomonth_qa_001261,019,019,019_0017,019/019_0017.mp4,videos/019/019_0017.mp4,false,event_counting,Event Counting,Level 3: Cascading Reasoning,<019_0017.mp4>How many times did the user buy something at the night market,A.2,B.3,C.5,D.6,B,ev_312|ev_316|ev_317,,"The user bought a bowl of Wonton, sushi and a bowl of sugared water at the night market three times",worker_05,2025-12-19,accepted,global_json_list
egomonth_qa_001262,019,019,019_0018,019/019_0018.mp4,videos/019/019_0018.mp4,false,detail_retrieval,Detail Retrieval,Level 2: Episodic Indexing,<019_0018.mp4>What is the user doing standing in front of the mirror,A.Organize hair,B.brush teeth,C.apply double eyelids,D.wipe face,C,ev_325|ev_326,,user apply double eyelid patches in front of the mirror,worker_05,2025-12-19,accepted,global_json_list
egomonth_qa_001263,019,019,019_0018,019/019_0018.mp4,videos/019/019_0018.mp4,false,event_time,Event Time,Level 2: Episodic Indexing,<019_0018.mp4>What is the time period during which users eat,A.10:32-11:10,B.11:20-12:20,C.13:01-13:58,D.14:13-15:50,none,ev_332,,The user did not eat during the entire video period,worker_05,2025-12-19,accepted,global_json_list
egomonth_qa_001264,019,019,019_0019,019/019_0019.mp4,videos/019/019_0019.mp4,false,self_localization,Self-Localization,Level 2: Episodic Indexing,<019_0019.mp4>Which room is the user talking to their companion in,A.bedroom,B.living room,C.bathroom,D.dining room,A,ev_336,,User chatting with companions in the bedroom,worker_05,2025-12-19,accepted,global_json_list
egomonth_qa_001265,019,019,019_0019,019/019_0010.mp4|019/019_0012.mp4|019/019_0018.mp4,videos/019/019_0010.mp4|videos/019/019_0012.mp4|videos/019/019_0018.mp4,false,habit_inference,Habit Inference,Level 1: Schema Consolidation,"<019_0010.mp4>,<019_0012.mp4>,<019_0018.mp4>Which of the following is a common habit of the user after unpacking the package",A.Temporarily leave the delivery box at the door before organizing it,B.Wash hands,C.Immediately store items in the express delivery,D.Take photos to record the appearance of the express delivery,B,ev_197|ev_205|ev_227|ev_229|ev_244|ev_322|ev_323|ev_328,,User wash hands after repeatedly unpacking packages,worker_05,2025-12-19,accepted,global_json_list
egomonth_qa_001266,019,019,019_0019,019/019_0010.mp4|019/019_0014.mp4,videos/019/019_0010.mp4|videos/019/019_0014.mp4,false,habit_inference,Habit Inference,Level 1: Schema Consolidation,"<019_0010.mp4>,<019_0014.mp4>The most common behavior that this user experiences while using a smartphone is",A.Eating food,B.Drink beverages,C.Walk around,D.Organize items,A,ev_211|ev_278,,Users frequently associate their use of smartphones with eating behavior in multiple scenarios such as restaurants and living rooms,worker_05,2025-12-19,accepted,global_json_list
egomonth_qa_001267,019,019,019_0019,019/019_0005.mp4|019/019_0011.mp4,videos/019/019_0005.mp4|videos/019/019_0011.mp4,false,habit_inference,Habit Inference,Level 1: Schema Consolidation,"<019_0005.mp4>,<019_0011.mp4>What is the first step that users usually take when using small appliances such as air fryers and printers",A.Connect the power/turn on the switch,B.Check if the equipment is clean,C.Prepare to use materials (ingredients/paper),D.Confirm if the placement is stable,A,ev_133|ev_224,,"When using an air fryer, users should first 'Plug in the power to the air fryer' before adding food; When using the printer, first 'Turn on the printer switch' before printing, and turning on the power/switch is the first and foremost step",worker_05,2025-12-19,accepted,global_json_list
egomonth_qa_001268,019,019,019_0024,019/019_0024.mp4,videos/019/019_0024.mp4,false,detail_retrieval,Detail Retrieval,Level 2: Episodic Indexing,<019_0024.mp4>What did the user take out of the backpack,A.USB flash drive,B.mouse,C.phone,D.hard drive,A,ev_351,,The user took out a USB flash drive from their backpack,worker_05,2025-12-19,accepted,global_json_list
egomonth_qa_001269,020,020,020_0001,020/020_0001.mp4,videos/020/020_0001.mp4,false,spatial_relation,Spatial Relation,Level 2: Episodic Indexing,<020_0001.mp4>What items are inside the box that the person in the video is opening?,A.some fruits and snacks,B.a computer,C.a computer monitor,D.a set of books,C,ev_02,0001_obj_box_01|0001_obj_display_01,"In the video, the person took out the monitor from the courier box and inspected it.",worker_12,2025-12-11,accepted,global_json_list
egomonth_qa_001270,020,020,020_0001,020/020_0001.mp4,videos/020/020_0001.mp4,false,spatial_relation,Spatial Relation,Level 2: Episodic Indexing,<020_0001.mp4>What color is the napkin placed on the table at the 9:43 mark of the video?,A.one green and three yellow,B.one yellow and three green,C.two green and two yellow,D.two yellow and one green,A,,0001_obj_napkin_01,"At the bottom right corner of the screen, on the wall beside the table, there were three packages of yellow tissues and one package of green tissues placed.",worker_12,2025-12-11,accepted,global_json_list
egomonth_qa_001271,020,020,020_0001,020/020_0001.mp4,videos/020/020_0001.mp4,false,spatial_relation,Spatial Relation,Level 2: Episodic Indexing,"<020_0001.mp4>In the video, at the 9:43 mark, where is the green tissue located relative to the yellow tissue in the picture?","A.Stacked together, with the yellow tissues on top","B.Stacked together, with the green tissues on top",C.The yellow tissue is on the same plane as the green tissue.,D.None,A,,0001_obj_napkin_01,"At the bottom right corner of the screen, on the wall beside the table, there were three packages of yellow tissues and one package of green tissues placed.",worker_12,2025-12-11,accepted,global_json_list
egomonth_qa_001272,020,020,020_0001,020/020_0001.mp4,videos/020/020_0001.mp4,false,procedure_planning,Procedure Planning,Level 3: Cascading Reasoning,<020_0001.mp4>What steps did the people in the video take to assemble the display?,A.Take the monitor out of the shipping box->place it on the table->inspect its quality->assemble it->connect it to the computer.,B.Take the monitor from the cabinet->inspect its quality->assemble it->connect it to the computer->place it on the table,C.Take the monitor out of the shipping box->inspect its quality->assemble it->place it on the table->connect it to the computer.,D.None,C,,0001_obj_box_01|0001_obj_display_01,"At the bottom right corner of the screen, on the wall beside the table, there were three packages of yellow tissues and one package of green tissues placed.",worker_12,2025-12-11,accepted,global_json_list
egomonth_qa_001273,020,020,020_0001,020/020_0001.mp4,videos/020/020_0001.mp4,false,procedure_planning,Procedure Planning,Level 3: Cascading Reasoning,<020_0001.mp4>What steps did the people in the video take to assemble the display?,A.Take the monitor out of the shipping box->place it on the table->inspect its quality->assemble it->connect it to the computer.,B.Take the monitor from the cabinet->inspect its quality->assemble it->connect it to the computer->place it on the table,C.Take the monitor out of the shipping box->inspect its quality->assemble it->place it on the table->connect it to the computer.,D.None,C,,0001_obj_box_01|0001_obj_display_01,"At the bottom right corner of the screen, on the wall beside the table, there were three packages of yellow tissues and one package of green tissues placed.",worker_12,2025-12-11,accepted,global_json_list
egomonth_qa_001274,020,020,020_0001,020/020_0001.mp4,videos/020/020_0001.mp4,false,detail_retrieval,Detail Retrieval,Level 2: Episodic Indexing,"<020_0001.mp4>In the video, around 4:52, several trash cans can be seen on the screen.",A.0,B.1,C.2,D.3,C,,0001_obj_trash_can_01|0001_obj_trash_can_02,"At around 4:52 in the video, two trash cans can be seen ,one pink and one blue.",worker_12,2025-12-11,accepted,global_json_list
egomonth_qa_001275,020,020,020_0002,020/020_0002.mp4,videos/020/020_0002.mp4,false,event_counting,Event Counting,Level 3: Cascading Reasoning,<020_0002.mp4>What is the person in this video mostly doing with the computer?,A.Play games,B.Read a document,C.Online chatting with his friends,D.Watching videos,B,ev_22,0002_obj_display_01,"In the video, the person is seen reading a document on the computer screen for an extended period of time and basically no switching to other applications or activities.",worker_12,2025-12-11,accepted,global_json_list
egomonth_qa_001276,020,020,020_0002,020/020_0002.mp4,videos/020/020_0002.mp4,false,event_counting,Event Counting,Level 3: Cascading Reasoning,<020_0002.mp4>How many times did the people in this video drink water?,A.7,B.4,C.5,D.2,B,ev_14|ev_16|ev_19|ev_21,0002_obj_cup_01|0002_obj_drinks_01,"In total, the person drank two servings of beverages and two cups of water.",worker_12,2025-12-11,accepted,global_json_list
egomonth_qa_001277,020,020,020_0002,020/020_0001.mp4|020/020_0002.mp4,videos/020/020_0001.mp4|videos/020/020_0002.mp4,false,cross_view_spatial_reasoning,Cross-View Spatial Reasoning,Level 3: Cascading Reasoning,在视频<020_0001.mp4>中组装的显示器是<020_0002.mp4>中的同一个吗,A.yes,B.no,C.None,D.None,B,,0001_obj_display_01|0002_obj_display_01,"The two videos do not show the same desktop, and the monitors are clearly not the same either.",worker_12,2025-12-11,accepted,global_json_list
egomonth_qa_001278,020,020,020_0002,020/020_0002.mp4,videos/020/020_0002.mp4,false,personality_inference,Personality Inference,Level 1: Schema Consolidation,<020_0002.mp4>Were the people in the video focused on the task of reading the document?,"A.yes,he did nothing else except reading the documents.","B.no,he was distracted by other activities while reading the documents,such as checking his phone or talking to others.","C.no, while reading the document, he got up from his seat and went to another place.","D.yes, he read the document carefully and made notes.",B,ev_13|ev_18|ev_20,0002_obj_mobile_phone_01,"The two videos do not show the same desktop, and the monitors are clearly not the same either.",worker_12,2025-12-11,accepted,global_json_list
egomonth_qa_001279,020,020,020_0002,020/020_0002.mp4,videos/020/020_0002.mp4,false,personality_inference,Personality Inference,Level 1: Schema Consolidation,<020_0002.mp4>Were the people in the video focused on the task of reading the document?,"A.yes,he did nothing else except reading the documents.","B.no,he was distracted by other activities while reading the documents,such as checking his phone or talking to others.","C.no, while reading the document, he got up from his seat and went to another place.","D.yes, he read the document carefully and made notes.",B,ev_13|ev_18|ev_20,0002_obj_mobile_phone_01,"He often checked his phone while reading the document, indicating a lack of full focus on the task.",worker_12,2025-12-11,accepted,global_json_list
egomonth_qa_001280,020,020,020_0002,020/020_0002.mp4,videos/020/020_0002.mp4,false,spatial_relation,Spatial Relation,Level 2: Episodic Indexing,"<020_0002.mp4>In the video, the person placed the drink at what position on the display screen?",A.left side of the display screen,B.right side of the display screen,C.above the display screen,D.below the display screen,A,,0002_obj_drinks_01|0002_obj_display_01,The drink is placed on the left side of the display screen in the video.,worker_12,2025-12-11,accepted,global_json_list
egomonth_qa_001281,020,020,020_0002,020/020_0002.mp4,videos/020/020_0002.mp4,false,event_time,Event Time,Level 2: Episodic Indexing,"<020_0002.mp4>In the video, at what point in the video did the person drink water?",A.18:19,B.10:12,C.1:01,D.6:54,D,ev_16,0002_obj_cup_01,The person drank water at 6:54 in the video.,worker_12,2025-12-11,accepted,global_json_list
egomonth_qa_001282,020,020,020_0003,020/020_0003.mp4,videos/020/020_0003.mp4,false,spatial_relation,Spatial Relation,Level 2: Episodic Indexing,"<020_0003.mp4>At the 0:03 mark of this video, there are several boxes under the table.",A.1,B.2,C.3,D.4,B,,0003_obj_box_01|0003_obj_box_02,"At the 0:03 mark of the video, there are two boxes under the table.",worker_12,2025-12-11,accepted,global_json_list
egomonth_qa_001283,020,020,020_0003,020/020_0003.mp4,videos/020/020_0003.mp4,false,temporal_ordering,Temporal Ordering,Level 2: Episodic Indexing,"In <020_0003.mp4> this video, from 0:01 to 2:00, did the person put on their shoes or did they sort out the garbage first?",A.put on their shoes first,B.sort out the garbage first,C.he did not put on shoes,D.he did not sort out the garbage,A,ev_23|ev_24,0003_obj_shoes_01|0003_obj_trash_can_01,The person put on their shoes first before sorting out the garbage in the video.,worker_12,2025-12-11,accepted,global_json_list
egomonth_qa_001284,020,020,020_0003,020/020_0003.mp4,videos/020/020_0003.mp4,false,object_location,Object Location,Level 2: Episodic Indexing,"In <020_0003.mp4> this video, from 1:00 to 1:30, Where did the person in the video put the neatly sorted garbage?",A.The corner near the balcony,B.In the middle of the corridor,C.The area where items are piled up on the balcony,D.Put it in the garbage disposal area.,A,,,"At 1:30, the garbage bag was placed in the corner of the wall beside the balcony.",worker_12,2025-12-11,accepted,global_json_list
egomonth_qa_001285,020,020,020_0003,020/020_0003.mp4,videos/020/020_0003.mp4,false,object_counting_global,Object Counting,Level 3: Cascading Reasoning,"In <020_0003.mp4> this video, from 1:30 to 2:00, Could you please tell me how many suitcases and express boxes are on the balcony?",A.3 express boxes and 2 suitcases,B.2 express boxes and 3 suitcases,C.4 express boxes and 1 suitcase,D.1 express box and 3 suitcases,A,,0003_obj_suitcase_01,"Three suitcases are placed in the left corner of the wall, a courier box on the right floor, and another courier box on the right cabinet.",worker_12,2025-12-11,accepted,global_json_list
egomonth_qa_001286,020,020,020_0003,020/020_0003.mp4,videos/020/020_0003.mp4,false,object_location,Object Location,Level 2: Episodic Indexing,"In <020_0003.mp4> this video, from 1:30 to 2:00, Could you please tell me how many suitcases and express boxes are on the balcony?",A.3 express boxes and 2 suitcases,B.2 express boxes and 3 suitcases,C.4 express boxes and 1 suitcase,D.1 express box and 3 suitcases,A,,,"Three suitcases are placed in the left corner of the wall, a courier box on the right floor, and another courier box on the right cabinet.",worker_12,2025-12-11,accepted,global_json_list
egomonth_qa_001287,020,020,020_0003,020/020_0003.mp4,videos/020/020_0003.mp4,false,route_reasoning,Route Reasoning,Level 3: Cascading Reasoning,"In <020_0003.mp4> this video, from 4:10 to 4:41, What is the route that the person in the video takes when going to throw away the garbage from the room to the garbage station?",A.Go out -> Turn right -> Walk straight until you reach the end of the corridor -> Open the door -> Arrive at the garbage station,B.Go out -> Turn left -> Pass the elevator -> The first door -> Open the door -> Reach the garbage station,C.Go out -> Turn right -> Pass the elevator -> Turn right at the first corner -> Open the door -> Reach the garbage station,D.Go out -> Walk straight until you reach the elevator and go downstairs -> Turn left -> Arrive at the garbage station,C,ev_26,,"The person goes out, turns right, passes the elevator, turns right at the first corner, opens the door, and reaches the garbage station.",worker_12,2025-12-11,accepted,global_json_list
egomonth_qa_001288,020,020,020_0003,020/020_0003.mp4,videos/020/020_0003.mp4,false,event_time,Event Time,Level 2: Episodic Indexing,"In <020_0003.mp4> this video, from  4:43 to 5:10,How did the person in the video go downstairs?",A.Go downstairs via the elevator on the left side of the corridor.,B.Go downstairs via the elevator on the right side of the corridor.,C.Walk down the stairs through the safety passage beside the garbage station,D.Go downstairs via the staircase at the end of the corridor.,C,ev_27,,The person walks down the stairs through the safety passage beside the garbage station.,worker_12,2025-12-11,accepted,global_json_list
egomonth_qa_001289,020,020,020_0003,020/020_0003.mp4,videos/020/020_0003.mp4,false,route_reasoning,Route Reasoning,Level 3: Cascading Reasoning,"In <020_0003.mp4> this video, from  5:10 to 5:29,How the people in the video reached the hall through the safety passage",A.Open the door -> Turn left -> Turn right -> Turn right again-> Reach the first floor lobby,B.Open the door -> Turn right -> Turn right again -> Turn left -> Reach the first floor lobby,C.Walk down the stairs through the safety passage beside the garbage station -> Turn right -> Walk straight -> Reach the first floor lobby.,D.Open the door -> Turn left -> Turn left again -> Turn right -> Reach the first floor lobby.,D,,,"The person opens the door, turns left, turns left again, turns right, and reaches the first floor lobby.",worker_12,2025-12-11,accepted,global_json_list
egomonth_qa_001290,020,020,020_0003,020/020_0003.mp4,videos/020/020_0003.mp4,false,route_reasoning,Route Reasoning,Level 3: Cascading Reasoning,"In <020_0003.mp4> this video, from  5:41 to 11:37,How the people in the video reached the hall through the safety passage","A.Go out -> Turn right -> Walk to the intersection and then turn left, immediately turn right again -> Walk straight to the cafeteria -> Turn right and then go straight -> Turn left to reach the delivery box","B.Go out -> Turn right -> Walk to the intersection and then turn left, immediately turn right again -> Walk straight to the cafeteria -> Keep going straight -> Reach the campus entrance -> Turn left to reach the delivery box","C.Go out -> Turn right -> Walk to the intersection and then turn left, immediately turn right again -> Walk straight to the cafeteria -> Turn left and then go straight -> Turn right to reach the delivery box","D.Go out -> Turn right -> Walk to the intersection and then turn right, immediately turn right again -> Walk straight -> Reach the campus entrance -> Turn right to reach the delivery box",D,ev_28,,"The person opens the door, turns left, turns left again, turns right, and reaches the first floor lobby.",worker_12,2025-12-11,accepted,global_json_list
egomonth_qa_001291,020,020,020_0003,020/020_0003.mp4,videos/020/020_0003.mp4,false,detail_retrieval,Detail Retrieval,Level 2: Episodic Indexing,"In <020_0003.mp4> this video, At around 11:52 in this video, what was the number of the delivery box that the person in the video opened?",A.11,B.24,C.22,D.30,C,,,"At around 11:52 in this video, it can be clearly seen that the person in the picture opened the cabinet door.",worker_12,2025-12-11,accepted,global_json_list
egomonth_qa_001292,020,020,020_0003,020/020_0003.mp4,videos/020/020_0003.mp4,false,event_time,Event Time,Level 2: Episodic Indexing,"In <020_0003.mp4> this video, At which point in the video did the person call his friend to inform him that the takeout had been lost?",A.13:04-15:34,B.None,C.10:12-11:52,D.8:56-10:30,A,,,"At around 11:52 in this video, it can be clearly seen that the person in the picture opened the cabinet door.",worker_12,2025-12-11,accepted,global_json_list
egomonth_qa_001293,020,020,020_0003,020/020_0003.mp4,videos/020/020_0003.mp4,false,route_reasoning,Route Reasoning,Level 3: Cascading Reasoning,"In <020_0003.mp4> this video, ,How to return from the supermarket to the dormitory",A.Go out -> Turn left -> Turn left at the second intersection -> Go straight until you reach the intersection where the shared bikes are parked -> Turn right at the next intersection -> Turn left at the next intersection and then immediately turn right -> Arrive at the dormitory building,"B.Go out -> Turn right -> Walk to the intersection and then turn left, immediately turn right again -> Walk straight to the cafeteria -> Keep going straight -> Reach the campus entrance -> Turn left to reach the dormitory building",C.Go out -> Turn left -> Turn left at the first intersection -> Go straight until you reach the intersection where the shared bikes are parked -> Turn right at the next intersection -> Turn left at the next intersection and then immediately turn right -> Arrive at the dormitory building,D.Go out -> Turn left -> Turn left at the first intersection -> Go straight until you reach the intersection where the shared bikes are parked -> Go straight on -> Arrive at the dormitory building,D,ev_28,,"The person opens the door, turns left, turns left again, turns right, and reaches the first floor lobby.",worker_12,2025-12-11,accepted,global_json_list
egomonth_qa_001294,020,020,020_0003,020/020_0003.mp4,videos/020/020_0003.mp4,false,detail_retrieval,Detail Retrieval,Level 2: Episodic Indexing,"In <020_0003.mp4> this video, At the 25:47 mark of this video, the person in the video pressed the buttons for several floors inside the elevator.",A.4,B.2,C.6,D.5,B,,,The person presses the button for the 2nd floor inside the elevator at the 25:47 mark.,worker_12,2025-12-11,accepted,global_json_list
egomonth_qa_001295,020,020,020_0003,020/020_0003.mp4,videos/020/020_0003.mp4,false,cross_view_spatial_reasoning,Cross-View Spatial Reasoning,Level 3: Cascading Reasoning,"In <020_0003.mp4> this video, At the 26:37 mark of this video, where is the table of the person's friend located relative to his own table?",A.Left side of the level,B.front-left,"C.Opposite, there is a staircase separating them.",D.dead astern,C,,,"The friend's table is located opposite to his own table, with a staircase separating them.",worker_12,2025-12-11,accepted,global_json_list
egomonth_qa_001296,020,020,020_0011,020/020_0003.mp4|020/020_0011.mp4,videos/020/020_0003.mp4|videos/020/020_0011.mp4,false,object_location,Object Location,Level 2: Episodic Indexing,"In <020_0003.mp4> this video, At the 0:23 mark of this video, there are 2 green bottles palced near the can,but in <020_0011.mp4> this video , at the 1:31 mask of this video ,there is only one green bottle placed near the can ,where did the another bottle go?",A.That bottle was placed inside the shelf,B.The table that was placed on the corridor.,C.That bottle was thrown into the garbage station.,D.That bottle was placed on the table.,C,ev_26,0003_obj_bottle_01|0011_obj_bottle_01,"In the first video 4:00 - 4:40, the bottle and other rubbish was thrown into the garbage station.",worker_12,2025-12-11,accepted,global_json_list
egomonth_qa_001297,020,020,020_0011,020/020_0011.mp4,videos/020/020_0011.mp4,false,detail_retrieval,Detail Retrieval,Level 2: Episodic Indexing,"In <020_0011.mp4> this video, At the 2:04 mark of this video,the person opened the cabinet that is the fourth from the left. ",A.1,B.2,C.3,D.4,B,,,"In the scene at 2:04, it can be counted that the third one was opened.",worker_12,2025-12-11,accepted,global_json_list
egomonth_qa_001298,020,020,020_0011,020/020_0011.mp4,videos/020/020_0011.mp4,false,event_time,Event Time,Level 2: Episodic Indexing,"In <020_0011.mp4> this video, At the 2:04 mark of this video,the people in the picture took something out of the cabinet.",A.white hoodie,B.black coat,C.blue jeans,D.gray sweater,B,,,"In the scene at 2:04, In the picture, we can see that a black coat has been taken out.",worker_12,2025-12-11,accepted,global_json_list
egomonth_qa_001299,020,020,020_0011,020/020_0003.mp4|020/020_0011.mp4,videos/020/020_0003.mp4|videos/020/020_0011.mp4,false,habit_inference,Habit Inference,Level 1: Schema Consolidation,"In <020_0003.mp4><020_0011.mp4> two videos, Could you infer from the video when the person in the video is in the habit of throwing away garbage?",A.He doesn't have the habit of throwing away garbage.,B.He doesn't have any regularity when throwing away garbage.,C.He will dispose of the garbage on his way out.,D.None,C,ev_26|ev_34,,"In both videos, the people in the scenes were all tidying up their garbage before going out and then passing by the garbage station to throw it away.",worker_12,2025-12-11,accepted,global_json_list
egomonth_qa_001300,020,020,020_0011,020/020_0011.mp4,videos/020/020_0011.mp4,false,route_reasoning,Route Reasoning,Level 3: Cascading Reasoning,"In <020_0011.mp4> this videos, what is the route taken by the person in the video from the dormitory building to the cafeteria?","A.Go out -> Turn right, then turn left -> Walk straight until you reach the green area -> Turn right -> Walk straight to the red staircase -> Enter the small door on the right -> Reach the cafeteria",B.Go out -> Turn right and then left -> Go straight until you reach the green area -> Turn right at the first intersection -> Go straight to the forked road in front of the pool -> Turn right -> Arrive at the cafeteria,C.Go out - Turn left -> Walk onto the main road and turn right -> Walk straight until you reach the end -> Reach the cafeteria,D.None,A,,,"The person goes out, turns right, then left, walks straight until reaching the green area, turns right, walks straight to the red staircase, enters the small door on the right, and reaches the cafeteria.",worker_12,2025-12-11,accepted,global_json_list
egomonth_qa_001301,020,020,020_0011,020/020_0011.mp4,videos/020/020_0011.mp4,false,detail_retrieval,Detail Retrieval,Level 2: Episodic Indexing,"In <020_0011.mp4> this videos, During the period from 8:00 to 9:00, the person in the video took the elevator and went up which floors?",A.1,B.2,C.3,D.4,C,,,"In this scene, it can be seen that the button for the 3rd floor of the elevator has been pressed, indicating that the destination is the 3rd floor. ",worker_12,2025-12-11,accepted,global_json_list
egomonth_qa_001302,020,020,020_0011,020/020_0011.mp4,videos/020/020_0011.mp4,false,temporal_ordering,Temporal Ordering,Level 2: Episodic Indexing,"In <020_0011.mp4> this videos, List the things that the person in the video did after going out, in order.",A.Pick up the package -> Have meals in the cafeteria ->  Return to the dormitory,B.Have meals in the cafeteria -> Pick up the package -> Return to the dormitory,C.Have meals in the cafeteria -> Pick up the package -> Shop at the supermarket -> Return to the dormitory,D.Have meals in the cafeteria -> Go shopping at the supermarket -> Return to the dormitory,B,ev_35|ev_36,,"In this scene, it can be seen that the button for the 3rd floor of the elevator has been pressed, indicating that the destination is the 3rd floor. ",worker_12,2025-12-11,accepted,global_json_list
egomonth_qa_001303,020,020,020_0012,020/020_0012.mp4,videos/020/020_0012.mp4,false,detail_retrieval,Detail Retrieval,Level 2: Episodic Indexing,In <020_0012.mp4>what is the size of his coat,A.S,B.M,C.L,D.XL,D,,,The size of his coat is XL as indicated on the label inside the coat.,worker_12,2025-12-11,accepted,global_json_list
egomonth_qa_001304,020,020,020_0012,020/020_0012.mp4,videos/020/020_0012.mp4,false,route_reasoning,Route Reasoning,Level 3: Cascading Reasoning,<020_0012.mp4>what is his route from the entrance of the dormitory building to the shared bicycle parking lot,A.Turn left -> Go straight to the green belt -> Turn left -> Go straight -> Turn left -> Turn right -> Reach the bike-sharing parking area,B.Turn left -> Go straight to the green belt -> Turn right -> Go straight -> Turn left -> Turn left -> Reach the bike-sharing parking area,C.Turn left -> Go straight to the green belt -> Turn left -> Go straight -> Turn left -> Reach the bike-sharing parking area,D.Turn left -> Go straight -> Turn right -> Turn right -> Reach the bike-sharing parking area,A,,,"The person turns left, walks straight to the green area, turns left again, walks straight, turns left, then right, and arrives at the shared bicycle parking lot.",worker_04,2025-1-17,accepted,global_json_list
egomonth_qa_001305,020,020,020_0013,020/020_0013.mp4,videos/020/020_0013.mp4,false,detail_retrieval,Detail Retrieval,Level 2: Episodic Indexing,<020_0013.mp4>02:29which organization does the school recruitment advertisement he is holding belong to,A.shanghai ai lab,B.the university of hong kong,C.Nanjing University,D.Tsinghua University,A,,,The school recruitment advertisement he is holding belongs to Shanghai AI Lab.,worker_04,2025-1-17,accepted,global_json_list
egomonth_qa_001306,020,020,020_0014,020/020_0014.mp4,videos/020/020_0014.mp4,false,detail_retrieval,Detail Retrieval,Level 2: Episodic Indexing,<020_0014.mp4>what beverage did he add after making the payment,A.iced black tea,B.coffee,C.orange juice,D.jasmine green tea,A,ev_44,,He added iced black tea after making the payment.,worker_04,2025-1-17,accepted,global_json_list
egomonth_qa_001307,020,020,020_0014,020/020_0014.mp4,videos/020/020_0014.mp4,false,object_counting_global,Object Counting,Level 3: Cascading Reasoning,<020_0014.mp4>how many delivery boxes did he take in the video,A.One,B.Two,C.Three,D.Four,C,ev_46,,He took three delivery boxes in the video.,worker_04,2025-1-17,accepted,global_json_list
egomonth_qa_001308,020,020,020_0015,020/020_0015.mp4,videos/020/020_0015.mp4,false,detail_retrieval,Detail Retrieval,Level 2: Episodic Indexing,<020_0015.mp4>which floor did he take the elevator to,A.One,B.Two,C.Three,D.Four,B,,,He took the elevator to the second floor.,worker_04,2025-1-17,accepted,global_json_list
egomonth_qa_001309,020,020,020_0016,020/020_0016.mp4,videos/020/020_0016.mp4,false,detail_retrieval,Detail Retrieval,Level 2: Episodic Indexing,<020_0016.mp4>what mode of transportation did he use to return home,A.bicycle,B.electric scooter,C.walking,D.car,B,,,He used an electric scooter to return home.,worker_04,2025-1-17,accepted,global_json_list
egomonth_qa_001310,020,020,020_0017,020/020_0017.mp4,videos/020/020_0017.mp4,false,event_time,Event Time,Level 2: Episodic Indexing,<020_0017.mp4>06:11where is he doing what is he doing,A.shopping at the supermarket,B.lifting dumbbells at the gym,C.running at the gym,D.playing games in the dormitory,B,ev_48,0017_obj_dumbbell_01,At 06:11 he is at the gym lifting dumbbells.,worker_04,2025-1-17,accepted,global_json_list
egomonth_qa_001311,020,020,020_0019,020/020_0019.mp4,videos/020/020_0019.mp4,false,habit_inference,Habit Inference,Level 1: Schema Consolidation,<020_0019.mp4>what beverages does he prefer when ordering in the cafeteria,A.iced black tea,B.coke,C.mineral water,D.jasmine green tea,A,ev_45|ev_49,,He frequently orders iced black tea in the cafeteria.,worker_04,2025-1-19,accepted,global_json_list
egomonth_qa_001312,020,020,020_0019,020/020_0019.mp4,videos/020/020_0019.mp4,false,habit_inference,Habit Inference,Level 1: Schema Consolidation,<020_0019.mp4>what beverages does he prefer when ordering in the cafeteria,A.iced black tea,B.coke,C.mineral water,D.jasmine green tea,A,ev_45|ev_49,,He frequently orders iced black tea in the cafeteria.,worker_04,2025-1-19,accepted,global_json_list
egomonth_qa_001313,020,020,020_0020,020/020_0020.mp4,videos/020/020_0020.mp4,false,object_counting_global,Object Counting,Level 3: Cascading Reasoning,<020_0020.mp4>how many barbecues did he order in total,A.One,B.Two,C.Three,D.Four,B,ev_50,,he ordered two barbecues at each of the two barbecue restaurants,worker_04,2025-1-19,accepted,global_json_list
egomonth_qa_001314,020,020,020_0021,020/020_0021.mp4,videos/020/020_0021.mp4,false,cross_view_spatial_reasoning,Cross-View Spatial Reasoning,Level 3: Cascading Reasoning,"<020_0021.mp4>Apart from simply visiting the museum, what else did the two people do?","A.Take photos of cultural relics for identification, test and improve the app",B.eating suzhou cuisine,C.Visit the museum shop to buy souvenirs,D.improve the tour route,A,ev_50,,"Apart from simply visiting the museum, the two people took photos of cultural relics for identification, test and improve the app.",worker_04,2025-1-19,accepted,global_json_list
egomonth_qa_001315,020,020,020_0022,020/020_0022.mp4,videos/020/020_0022.mp4,false,detail_retrieval,Detail Retrieval,Level 2: Episodic Indexing,<020_0022.mp4>31:52What are the birth and death years of the statue figure?,A.1803-1864,B.1823-1854,C.1823-1864,D.1803-1854,C,,,The birth and death years of the statue figure are 1823-1864.,worker_04,2025-1-19,accepted,global_json_list
egomonth_qa_001316,020,020,020_0023,020/020_0023.mp4,videos/020/020_0023.mp4,false,detail_retrieval,Detail Retrieval,Level 2: Episodic Indexing,<020_0023.mp4>what color is the car they are on,A.red,B.blue,C.white,D.black,C,,,08:05 The color of the car they are on is white.,worker_04,2025-1-19,accepted,global_json_list
egomonth_qa_001317,020,020,020_0024,020/020_0024.mp4,videos/020/020_0024.mp4,false,direction_judgement,Direction Judgment,Level 3: Cascading Reasoning,<020_0024.mp4>how can he get back to the dormitory through the mountain in the middle of the school from the school gate,A.turn left,B.turn right,C.stop,D.u-turn,B,,,"After passing the mountain in the middle of the school, he turns right to return to the dormitory from the school gate.",worker_04,2025-1-19,accepted,global_json_list
egomonth_qa_001318,020,020,020_0025,020/020_0025.mp4,videos/020/020_0025.mp4,false,habit_inference,Habit Inference,Level 1: Schema Consolidation,<020_0025.mp4>what posture does the recorder like to sit in,A.cross his legs,B.sit cross-legged,C.sit with both legs flat,D.sit with both legs straight,A,,,"at video25,26, The recorder likes to sit with his legs crossed.",worker_04,2026-1-21,accepted,global_json_list
egomonth_qa_001319,020,020,020_0026,020/020_0026.mp4,videos/020/020_0026.mp4,false,detail_retrieval,Detail Retrieval,Level 2: Episodic Indexing,<020_0026.mp4>17:56what color is the toilet paper on his desk,A.black,B.white,C.blue,D.green,A,,,"At 17:56, the color of the toilet paper on his desk is black.",worker_04,2026-1-21,accepted,global_json_list
egomonth_qa_001320,020,020,020_0027,020/020_0027.mp4,videos/020/020_0027.mp4,false,habit_inference,Habit Inference,Level 1: Schema Consolidation,<020_0027.mp4>what does he usually do after taking the package back to the dormitory,A.put it directly on the table,B.put it in the cabinet,C.put it directly on the floor,D.put a layer of paper on the table before placing it,A,,,"After taking the package back to the dormitory, he usually puts it directly on the table.",worker_04,2026-1-21,accepted,global_json_list
egomonth_qa_001321,020,020,020_0029,020/020_0029.mp4,videos/020/020_0029.mp4,false,cross_view_spatial_reasoning,Cross-View Spatial Reasoning,Level 3: Cascading Reasoning,<020_0029.mp4>where is the express station at family mart,A.next door,B.across the street,C.one street away,D.the express station is inside the supermarket,A,,,10:28after he stepped out of the courier station the next door was the family mart supermarket,worker_04,2026-1-21,accepted,global_json_list
egomonth_qa_001322,020,020,020_0030,020/020_0030.mp4,videos/020/020_0030.mp4,false,detail_retrieval,Detail Retrieval,Level 2: Episodic Indexing,<020_0030.mp4>what does he use to wash clothes,A.dish soap,B.soap,C.laundry powder,D.toothpaste,A,ev_53,,"At 09:48, he uses dish soap to wash clothes.",worker_04,2026-1-21,accepted,global_json_list
egomonth_qa_001323,020,020,020_0031,020/020_0031.mp4,videos/020/020_0031.mp4,false,habit_inference,Habit Inference,Level 1: Schema Consolidation,<020_0031.mp4>what areas does he usually clean when cleaning the dormitory,A.his own desk and part of the hallway,B.corridor,C.everyone's desk,D.everyone's desk and the hallway,A,,,He usually cleans his own desk and part of the hallway when cleaning the dormitory.,worker_04,2026-1-21,accepted,global_json_list
egomonth_qa_001324,020,020,020_0032,020/020_0032.mp4,videos/020/020_0032.mp4,false,detail_retrieval,Detail Retrieval,Level 2: Episodic Indexing,<020_0032.mp4>what class is he attending,A.introduction to symbol learning,B.introduction to machine learning,C.digital signal systems,D.introduction to neuroscience,A,,,24:35the course name displayed on the screen is introduction to symbolic learning,worker_04,2026-1-21,accepted,global_json_list
egomonth_qa_001325,020,020,020_0034,020/020_0034.mp4,videos/020/020_0034.mp4,false,procedure_planning,Procedure Planning,Level 3: Cascading Reasoning,<020_0034.mp4>what seasonings did he add to the dumplings one after another,A.Pepper -> Vinegar,B.Pepper -> Soy Sauce,C.Vinegar -> Soy Sauce,D.Soy Sauce -> Vinegar,A,ev_54,,19:22 he adds chili and vinegar to the dumplings in sequence,worker_04,2026-1-21,accepted,global_json_list
egomonth_qa_001326,020,020,020_0035,020/020_0035.mp4,videos/020/020_0035.mp4,false,habit_inference,Habit Inference,Level 1: Schema Consolidation,<020_0035.mp4>he usually goes to the cafeteria with a few people to eat,A.One,B.Two,C.Three,D.Four,C,,,he himself and his two roommates,worker_04,2026-1-21,accepted,global_json_list
egomonth_qa_001327,020,020,020_0036,020/020_0036.mp4,videos/020/020_0036.mp4,false,habit_inference,Habit Inference,Level 1: Schema Consolidation,<020_0036.mp4>what does he like to buy for express delivery,A.food and electronic products,B.clothes,C.cosmetics,D.daily necessities,A,,,most of the packages he opened were food and electronic products,worker_04,2026-1-21,accepted,global_json_list
egomonth_qa_001328,020,020,020_0037,020/020_0037.mp4,videos/020/020_0037.mp4,false,spatial_relation,Spatial Relation,Level 2: Episodic Indexing,<020_0037.mp4>what floor is the place where he eats,A.On the first floor,B.On the second floor,C.On the third floor,D.On the fourth floor,C,,,he got off the escalator twice,worker_04,2026-1-21,accepted,global_json_list
egomonth_qa_001329,020,020,020_0038,020/020_0038.mp4,videos/020/020_0038.mp4,false,detail_retrieval,Detail Retrieval,Level 2: Episodic Indexing,<020_0038.mp4>what does he eat for lunch,A.Rice and vegetables,B.instant noodles,C.Sandwich,D.Soup,B,ev_56,,He eats instant noodles for lunch.,worker_04,2026-1-21,accepted,global_json_list
egomonth_qa_001330,020,020,020_0040,020/020_0040.mp4,videos/020/020_0040.mp4,false,habit_inference,Habit Inference,Level 1: Schema Consolidation,<020_0040.mp4>where does he like to store his food,A.inside the cabinet,B.in the refrigerator,C.on the table,D.in the bag,A,ev_57,,He likes to store his food inside the cabinet.,worker_04,2026-1-21,accepted,global_json_list
egomonth_qa_001331,020,020,020_0041,020/020_0041.mp4,videos/020/020_0041.mp4,false,self_localization,Self-Localization,Level 2: Episodic Indexing,<020_0041.mp4>how many floors did they go for dinner on,A.On the first floor,B.On the second floor,C.On the third floor,D.On the fourth floor,C,,,they took the elevator to the third floor,worker_04,2026-1-21,accepted,global_json_list
egomonth_qa_001332,020,020,020_0042,020/020_0042.mp4,videos/020/020_0042.mp4,false,temporal_ordering,Temporal Ordering,Level 2: Episodic Indexing,<020_0042.mp4>did he wash the dishes immediately after finishing the instant noodles,A.yes,B.no,C.None,D.None,A,,,he washed the dishes immediately after finishing the instant noodles,worker_04,2026-1-21,accepted,global_json_list
egomonth_qa_001333,020,020,020_0043,020/020_0043.mp4,videos/020/020_0043.mp4,false,event_time,Event Time,Level 2: Episodic Indexing,<020_0043.mp4>00:00-06:28what video is he watching,A.game video,B.movie video,C.tv series video,D.variety show video,A,,,"From 00:00 to 06:28, he is watching a game video.",worker_04,2026-1-21,accepted,global_json_list
egomonth_qa_001334,020,020,020_0044,020/020_0044.mp4,videos/020/020_0044.mp4,false,event_time,Event Time,Level 2: Episodic Indexing,<020_0044.mp4>what did he do while waiting to do the laundry,A.lying in bed watching game videos,B.exercising,C.reading novels,D.sleeping,A,ev_60|ev_61,,"While waiting to do the laundry, he lies in bed watching game videos.",worker_04,2026-1-21,accepted,global_json_list
egomonth_qa_001335,020,020,020_0045,020/020_0045.mp4,videos/020/020_0045.mp4,false,habit_inference,Habit Inference,Level 1: Schema Consolidation,<020_0045.mp4>does he prefer to order fast food packaged or eat in the cafeteria,A.prefers to order takeout,B.prefers to eat in the cafeteria,C.None,D.None,A,,,he orders takeout more frequently than eating in the cafeteria,worker_04,2026-1-21,accepted,global_json_list
egomonth_qa_001336,020,020,020_0046,020/020_0046.mp4,videos/020/020_0046.mp4,false,habit_inference,Habit Inference,Level 1: Schema Consolidation,<020_0046.mp4>does he like spicy food,A.yes,B.no,C.None,D.None,A,,,He likes spicy food because he eats spicy self-heating hotpot along with spicy Prince noodles.,worker_04,2026-1-21,accepted,global_json_list
egomonth_qa_001337,020,020,020_0048,020/020_0048.mp4,videos/020/020_0048.mp4,false,procedure_planning,Procedure Planning,Level 3: Cascading Reasoning,<020_0048.mp4>What is his morning routine for washing up?,A.Wash face -> Brush teeth -> Shave,B.Blow dry hair -> Brush teeth -> Shave,C.Blow dry hair -> Brush teeth -> Wash face,D.Wash face -> Blow dry hair -> Brush teeth,C,,,"He dries his hair with a blow dryer, then brushes his teeth, and finally washes his face.",worker_04,2026-1-21,accepted,global_json_list
egomonth_qa_001338,020,020,020_0049,020/020_0049.mp4,videos/020/020_0049.mp4,false,detail_retrieval,Detail Retrieval,Level 2: Episodic Indexing,<020_0049.mp4>12:58What kind of drink is placed on his table?,A.Mineral water,B.Orange juice,C.Iced tea,D.Assam milk tea,D,,,"At 12:58, the drink placed on his table is Assam milk tea.",worker_04,2026-1-21,accepted,global_json_list
egomonth_qa_001339,020,020,020_0050,020/020_0050.mp4,videos/020/020_0050.mp4,false,detail_retrieval,Detail Retrieval,Level 2: Episodic Indexing,<020_0050.mp4>does he prefer one handed or two handed forehand when playing tennis,A.Single-handed,B.Double-handed,C.None,D.None,A,,,He prefers a single-handed forehand when playing tennis.,worker_04,2026-1-21,accepted,global_json_list
egomonth_qa_001340,020,020,020_0051,020/020_0051.mp4,videos/020/020_0051.mp4,false,detail_retrieval,Detail Retrieval,Level 2: Episodic Indexing,<020_0051.mp4>what ice cream did he buy,A.fang gao,B.green tongue,C.cornetto,D.menglong,A,,,He bought fang gao ice cream.,worker_04,2026-1-21,accepted,global_json_list
egomonth_qa_001341,020,020,020_0052,020/020_0052.mp4,videos/020/020_0052.mp4,false,direction_judgement,Direction Judgment,Level 3: Cascading Reasoning,<020_0052.mp4>which direction did he walk towards after leaving the dormitory door,A.Turn left,B.Turn right,C.Go straight,D.Return,A,,,He turned left after leaving the dormitory door.,worker_04,2026-1-21,accepted,global_json_list
egomonth_qa_001342,020,020,020_0053,020/020_0053.mp4,videos/020/020_0053.mp4,false,route_reasoning,Route Reasoning,Level 3: Cascading Reasoning,<020_0053.mp4>16:20-18:30what is his cycling path like,A.Go straight -> Turn right -> Go straight -> Take a photo -> Go straight,B.Go straight -> Turn left -> Go straight -> Take a photo -> Go straight,C.Turn right -> Go straight -> Take a photo -> Turn right,D.Go straight -> Turn right -> Turn left -> Go straight,A,,,"From 16:20 to 18:30, his cycling path is Go straight -> Turn right -> Go straight -> Take a photo -> Go straight.",worker_04,2026-1-21,accepted,global_json_list
egomonth_qa_001343,020,020,020_0054,020/020_0054.mp4,videos/020/020_0054.mp4,false,event_time,Event Time,Level 2: Episodic Indexing,<020_0054.mp4>What sport did he do?,A.Play badminton,B.Play tennis,C.Running,D.Swimming,A,,,10:40-13:55He played badminton.,worker_04,2026-1-21,accepted,global_json_list
egomonth_qa_001344,020,020,020_0055,020/020_0055.mp4,videos/020/020_0055.mp4,false,procedure_planning,Procedure Planning,Level 3: Cascading Reasoning,<020_0055.mp4>what did he do in this video,A.Go to FamilyMart to buy water -> Return to dormitory to eat instant noodles -> Wash dishes,B.Eat in the canteen -> Return to dormitory to use computer,C.Go to FamilyMart to buy food -> Return to dormitory to play games,D.Go straight to dormitory to eat instant noodles after playing badminton,A,,,"He went to FamilyMart to buy water, returned to the dormitory to eat instant noodles, and then washed the dishes.",worker_04,2026-1-21,accepted,global_json_list
egomonth_qa_001345,021,021,021_0003,021/021_0003.mp4,videos/021/021_0003.mp4,false,detail_retrieval,Detail Retrieval,Level 2: Episodic Indexing,<021_0003.mp4>What color is the water cup on the table,A.Orange,B.brown,C.bule,D.black,C,ev_03,,The water cup on the table is blue in color,worker_05,2025-12-6,accepted,global_json_list
egomonth_qa_001346,021,021,021_0004,021/021_0004.mp4,videos/021/021_0004.mp4,false,detail_retrieval,Detail Retrieval,Level 2: Episodic Indexing,<021_0004.mp4>What game is the user playing,A.King of Glory,B.Delta Operation,C.Fearless Contract,D.Peace Elite,C,ev_04,,The game played by users is the Fearless Contract,worker_05,2025-12-6,accepted,global_json_list
egomonth_qa_001347,021,021,021_0005,021/021_0005.mp4,videos/021/021_0005.mp4,false,self_localization,Self-Localization,Level 2: Episodic Indexing,<021_0005.mp4>Where was I at 5 minutes and 20 seconds,A.Dormitory,B.classroom,C.library,D.office,A,ev_05,,The user is in the dormitory,worker_05,2025-12-6,accepted,global_json_list
egomonth_qa_001348,021,021,"021_0007,021_0008,021_0016,021_0017,021_0018,021_0019,",021/021_0007.mp4|021/021_0008.mp4|021/021_0016.mp4|021/021_0017.mp4|021/021_0018.mp4|021/021_0019.mp4,videos/021/021_0007.mp4|videos/021/021_0008.mp4|videos/021/021_0016.mp4|videos/021/021_0017.mp4|videos/021/021_0018.mp4|videos/021/021_0019.mp4,false,habit_inference,Habit Inference,Level 1: Schema Consolidation,<021_0007.mp4><021_0008.mp4><021_0016.mp4><021_0017.mp4><021_0018.mp4><021_0019.mp4>Where is the place where users learn,A.Dormitory and library,B.classroom,C.home,D.office,A,"ev_07,ev_08,ev_16,ev_17,ev_18,ev_19",,Users study in dormitories and libraries,worker_05,2025-12-6,accepted,global_json_list
egomonth_qa_001349,021,021,021_0015,021/021_0015.mp4,videos/021/021_0015.mp4,false,event_time,Event Time,Level 2: Episodic Indexing,<021_0015.mp4>What is the user's gaming time,A.01:00,B.02:25,C.05:10,D.06:55,none,ev_15,,The user did not play the game,worker_05,2025-12-6,accepted,global_json_list
egomonth_qa_001350,021,021,"021_0020,021_0021,021_0022,021_0023,021_0024,021_0025,",021/021_0020.mp4|021/021_0021.mp4|021/021_0022.mp4|021/021_0023.mp4|021/021_0024.mp4|021/021_0025.mp4,videos/021/021_0020.mp4|videos/021/021_0021.mp4|videos/021/021_0022.mp4|videos/021/021_0023.mp4|videos/021/021_0024.mp4|videos/021/021_0025.mp4,false,habit_inference,Habit Inference,Level 1: Schema Consolidation,<021_0020.mp4><021_0021.mp4><021_0022.mp4><021_0023.mp4><021_0024.mp4><021_0025.mp4>Do users have a habit of handwriting when doing homework,A.Never,B.occasionally,C.every time,D.sometimes,C,"ev_20,ev_21,ev_22,ev_23,ev_24,ev_25",,,worker_05,2025-12-6,accepted,global_json_list
egomonth_qa_001351,023,023,023_0001,023/023_0001.mp4,videos/023/023_0001.mp4,false,event_counting,Event Counting,Level 3: Cascading Reasoning,<023_0001.mp4>How many floors did the photographer go down after leaving the dorm?,A.4,B.5,C.6,D.7,B,ev_01,,"The photographer went down five floors, from the sixth floor to the first floor",worker_12,2026-02-11,accepted,global_json_list
egomonth_qa_001352,023,023,023_0001,023/023_0001.mp4,videos/023/023_0001.mp4,false,detail_retrieval,Detail Retrieval,Level 2: Episodic Indexing,<023_0001.mp4>What did the photographer buy?,A.Whiteboard eraser,B.bread,C.A packet of potato chips,D.double-sided adhesive tape,D,ev_02,0001_obj_adhesive_tape_01,The photographer bought double-sided adhesive tape in the supermarket.,worker_12,2026-02-11,accepted,global_json_list
egomonth_qa_001353,023,023,023_0002,023/023_0002.mp4,videos/023/023_0002.mp4,false,route_reasoning,Route Reasoning,Level 3: Cascading Reasoning,<023_0002.mp4>How to walk from the dormitory to the playground,A.Turn right after going out of the dormitory -> Turn left at the first intersection -> Turn left at the second intersection -> Go straight through the third intersection -> Turn right to go down stairs to reach the playground,B.Turn left after going out of the dormitory -> Turn left at the first intersection -> Turn right at the second intersection -> Go straight through the third intersection -> Turn left to go down stairs to reach the playground,C.Turn left after going out of the dormitory -> Turn right at the first intersection -> Turn left at the second intersection -> Turn left through the third intersection -> Turn left to go down stairs to reach the playground,D.Turn right after going out of the dormitory -> Turn left at the first intersection -> Turn right at the second intersection -> Turn left through the third intersection -> Turn right to go down stairs to reach the playground,B,ev_11|ev_12|ev_13|ev_14|ev_15,dormitory_1|road_1|playground_1,"The photographer turned left after going out of the dormitory, then turned left at the first intersection, next turned right at the second intersection, after that went straight through the third intersection, and finally turned left to go down stairs to reach the playground.",worker_12,2026-02-12,accepted,global_json_list
egomonth_qa_001354,023,023,023_0002,023/023_0002.mp4,videos/023/023_0002.mp4,false,temporal_ordering,Temporal Ordering,Level 2: Episodic Indexing,<023_0002.mp4>What happened after the second wash of the towel?,A.Wipe the table,B.Wash hands,C.Organize the desk,D.Clean the mobile phone,B,ev_05|ev_06|ev_07|ev_08|ev_09|ev_10,,The photographer washed hands after the second towel wash.,worker_12,2026-02-12,accepted,global_json_list
egomonth_qa_001355,023,023,023_0003,023/023_0003.mp4,videos/023/023_0003.mp4,false,event_time,Event Time,Level 2: Episodic Indexing,<023_0003.mp4>When did the photographer clean the laptop?,A.00:25-00:42,B.00:51-01:10,C.08:36-08:59,D.13:12-13:35,A,ev_21,,The photographer cleaned the laptop between 00:25 and 00:42.,worker_12,2026-02-12,accepted,global_json_list
egomonth_qa_001356,023,023,023_0003,023/023_0003.mp4,videos/023/023_0003.mp4,false,spatial_relation,Spatial Relation,Level 2: Episodic Indexing,<023_0003.mp4>What is the spatial relation between self-study area and the toilet?,A.The self-study area is next to the toilet.,B.The self-study area is opposite the toilet.,C.The self-study area and the toilet are connected by a corridor.,D.The toilet is inside the self-study area.,C,,self-study_area_1|toilet_1|corridor_2,The self-study area and the toilet are connected by a corridor.,worker_12,2026-02-12,accepted,global_json_list
egomonth_qa_001357,023,023,023_0004,023/023_0003.mp4|023/023_0004.mp4,videos/023/023_0003.mp4|videos/023/023_0004.mp4,false,habit_inference,Habit Inference,Level 1: Schema Consolidation,<023_0003.mp4><023_0004.mp4>What is the photographer's travel habits?,A.Walk,B.By bicycle,C.By electric bike,D.By motorcycle,C,ev_22|ev_23|ev_27,,"The photographer rode an electric bike from the dormitory to the canteen_2, then rode an electric bike to the teaching building, and finally rode an electric bike to the canteen_1.",worker_12,2026-02-13,accepted,global_json_list
egomonth_qa_001358,023,023,023_0005,023/023_0005.mp4,videos/023/023_0005.mp4,false,detail_retrieval,Detail Retrieval,Level 2: Episodic Indexing,<023_0005.mp4>At which floor did the photographer at the beginning?,A.24,B.1,C.23,D.14,A,ev_28,,"When the photographer was getting on the elevator, the screen beside the elevator showed the number 24.",worker_12,2026-02-13,accepted,global_json_list
egomonth_qa_001359,023,023,023_0005,023/023_0005.mp4,videos/023/023_0005.mp4,false,procedure_planning,Procedure Planning,Level 3: Cascading Reasoning,<023_0005.mp4>How to enter the subway station and wait for the subway?,A.Go downstairs to enter the entrance of the underground passage -> Carry out subway security checks -> Walk forward along the underground passage -> Scan a code to enter the subway station -> Take the escalator downstairs -> Wait for the subway,B.Carry out subway security checks -> Walk forward along the underground passage -> Scan a code to enter the subway station -> Go downstairs to enter the entrance of the underground passage -> Take the escalator downstairs -> Wait for the subway,C.Go downstairs to enter the entrance of the underground passage -> Take the escalator downstairs -> Walk forward along the underground passage -> Scan a code to enter the subway station -> Carry out subway security checks -> Wait for the subway,D.Go downstairs to enter the entrance of the underground passage -> Walk forward along the underground passage -> Carry out subway security checks -> Scan a code to enter the subway station -> Take the escalator downstairs -> Wait for the subway,D,ev_29|ev_30|ev_31|ev_32|ev_33|ev_34,,"The photographer firstly went downstairs to enter the entrance of the underground passage, then walked forward along the underground passage, next carried out subway security checks, after that scanned a code to enter the subway station, then took the escalator downstairs, and finally waited for the subway.",worker_12,2026-02-13,accepted,global_json_list
egomonth_qa_001360,023,023,023_0006,023/023_0006.mp4,videos/023/023_0006.mp4,false,spatial_relation,Spatial Relation,Level 2: Episodic Indexing,"<023_0006.mp4>When placing the reagents on the workbench table, which side of the reagent with the black cap is located relative to the reagent with the blue cap?",A.Left,B.Right,C.Above,D.Below,A,ev_40,,The reagent with the black cap is located to the left of the reagent with the blue cap.,worker_12,2026-02-14,accepted,global_json_list
egomonth_qa_001361,023,023,023_0006,023/023_0006.mp4,videos/023/023_0006.mp4,false,object_counting_global,Object Counting,Level 3: Cascading Reasoning,<023_0006.mp4>How many tables are there in the laboratory?,A.6,B.7,C.8,D.9,C,,0006_obj_table_01|0006_obj_table_02|0006_obj_table_03|0006_obj_table_04|0006_obj_table_05|0006_obj_table_06|0006_obj_table_07|0006_obj_table_08,There are 8 tables in the laboratory.,worker_12,2026-02-14,accepted,global_json_list
egomonth_qa_001362,023,023,023_0007,023/023_0007.mp4,videos/023/023_0007.mp4,false,event_counting,Event Counting,Level 3: Cascading Reasoning,<023_0007.mp4>How many times did the photographer pick up the fried dough sticks?,A.0,B.1,C.3,D.4,D,ev_44|ev_45|ev_46|ev_47,0007_obj_fried_dough_sticks_01,The photographer picked up the fried dough sticks 4 times.,worker_12,2026-02-15,accepted,global_json_list
egomonth_qa_001363,023,023,023_0008,023/023_0008.mp4,videos/023/023_0008.mp4,false,event_time,Event Time,Level 2: Episodic Indexing,<023_0008.mp4>When did the photographer ask his companion for a tissue?,A.04:56-05:10,B.05:25-05:35,C.06:00-06:08,D.09:33-09:39,B,ev_50,0008_obj_tissues_01,The photographer asked his companion for a tissue between 05:25-05:35.,worker_12,2026-02-15,accepted,global_json_list
egomonth_qa_001364,023,023,023_0008,023/023_0001.mp4|023/023_0008.mp4,videos/023/023_0001.mp4|videos/023/023_0008.mp4,false,habit_inference,Habit Inference,Level 1: Schema Consolidation,<023_0001.mp4><023_0008.mp4>What side of the bowl does the photographer usually place his mobile phone on when having a meal?,A.Left side,B.Right side,C.Front side,D.The photographer doesn't use mobile phone during meals.,A,ev_03|ev_49,0001_obj_bowl_01|0001_obj_mobile_phone_01|0008_obj_mobile_phone_01|0008_obj_bowl_01,The photographer usually places his mobile phone on the left side of the bowl when having a meal in the two videos.,worker_12,2026-02-15,accepted,global_json_list
egomonth_qa_001365,023,023,023_0009,023/023_0009.mp4,videos/023/023_0009.mp4,false,event_counting,Event Counting,Level 3: Cascading Reasoning,<023_0009.mp4>How many times did the vehicle stop in the video?,A.6,B.8,C.9,D.10,B,ev_51|ev_52|ev_53|ev_54|ev_55|ev_56|ev_57|ev_58|ev_59,,The vehicle stopped 8 times in the video.,worker_12,2026-02-15,accepted,global_json_list
egomonth_qa_001366,023,023,023_0009,023/023_0009.mp4,videos/023/023_0009.mp4,false,event_time,Event Time,Level 2: Episodic Indexing,<023_0009.mp4>Which stop is the vehicle making between 04:00 and 05:00?,A.The second stop,B.The third stop,C.The fourth stop,D.The vehicle didn't stop between 04:00 and 05:00.,D,ev_51|ev_52|ev_53|ev_54|ev_55|ev_56|ev_57|ev_58|ev_59,,The vehicle didn't stop between 04:00 and 05:00.,worker_12,2026-02-15,accepted,global_json_list
egomonth_qa_001367,023,023,023_0010,023/023_0010.mp4,videos/023/023_0010.mp4,false,self_localization,Self-Localization,Level 2: Episodic Indexing,<023_0010.mp4>Where is the photographer in this video?,A.Canteen,B.Dormitory,C.Hotel,D.Laboratory,D,,Laboratory_1,The photographer is in the laboratory in this video.,worker_12,2026-02-16,accepted,global_json_list
egomonth_qa_001368,023,023,023_0010,023/023_0010.mp4,videos/023/023_0010.mp4,false,detail_retrieval,Detail Retrieval,Level 2: Episodic Indexing,"<023_0010.mp4>At 10:21 in the video, which time period is the clock pointing to?",A.2:35-2:40,B.6:10-6:15,C.7:10-7:15,D.3:35-3:40,C,,Laboratory_1|0010_obj_clock_01,"The short hand of the clock points between the numbers 7 and 8, while the long hand points between the numbers 2 and 3.",worker_12,2026-02-16,accepted,global_json_list
egomonth_qa_001369,023,023,023_0011,023/023_0011.mp4,videos/023/023_0011.mp4,false,spatial_relation,Spatial Relation,Level 2: Episodic Indexing,<023_0011.mp4>Where is canteen_3 located in relation to canteen_1?,A.One floor above,B.One floor below,C.On the opposite side of canteen_1,D.Far away from canteen_1,B,,canteen_1|canteen_3,The canteen_3 is located one floor below the canteen_1.,worker_12,2026-02-16,accepted,global_json_list
egomonth_qa_001370,023,023,023_0011,023/023_0011.mp4,videos/023/023_0011.mp4,false,direction_judgement,Direction Judgment,Level 3: Cascading Reasoning,<023_0011.mp4>Which way should you turn to get to the bridge?,A.Turn left,B.Turn right,C.Go straight,D.Turn back,B,ev_60,bridge_1,The photographer turned right to get to the bridge.,worker_12,2026-02-16,accepted,global_json_list
egomonth_qa_001371,023,023,023_0012,023/023_0012.mp4,videos/023/023_0012.mp4,false,object_location,Object Location,Level 2: Episodic Indexing,<023_0012.mp4>Which object is in the bathroom?,A.Mirror,B.Sink,C.Washing_machine,D.Shower_head,D,,bathroom_1|balcony_1|0012_obj_mirror_01|0012_obj_sink_01|0012_obj_washing_machine_01|0012_obj_shower_head_01,"The shower head is in the bathroom, while the mirror, sink, and washing machine are on the balcony.",worker_12,2026-02-16,accepted,global_json_list
egomonth_qa_001372,023,023,023_0013,023/023_0013.mp4,videos/023/023_0013.mp4,false,spatial_relation,Spatial Relation,Level 2: Episodic Indexing,<023_0013.mp4>What is the color sequence of the trash cans at the entrance of the dormitory from left to right?,"A.Red, Black, Blue, Green","B.Blue, Green, Red, Black","C.Black, Red, Green, Blue","D.Black, Green, Red, Blue",C,,dormitory_1|0013_obj_black_trash_can_01|0013_obj_red_trash_can_01|0013_obj_blue_trash_can_01|0013_obj_green_trash_can_01,"The black trash can is on the leftmost side, the red trash can is to the right of the black trash can, the green trash can is to the right of the red trash can, and the blue trash can is on the rightmost side.",worker_12,2026-02-16,accepted,global_json_list
egomonth_qa_001373,023,023,023_0013,023/023_0002.mp4|023/023_0013.mp4,videos/023/023_0002.mp4|videos/023/023_0013.mp4,false,cross_view_spatial_reasoning,Cross-View Spatial Reasoning,Level 3: Cascading Reasoning,<023_0002.mp4><023_0013.mp4>Where is the canteen_2 located relative to the playground?,A.The canteen_2 is opposite the playground.,B.The canteen_2 is located behind the playground.,C.The canteen_2 is located to the left of the playground.,D.The canteen_2 is located to the right of the playground.,A,ev_11|ev_12|ev_13|ev_14|ev_15|ev_61|ev_62|ev_63|ev_64,road_1|dormitory_1|playground_1|canteen_2,The canteen_2 is opposite the playground.,worker_12,2026-02-16,accepted,global_json_list
egomonth_qa_001374,023,023,023_0014,023/023_0002.mp4|023/023_0013.mp4|023/023_0014.mp4,videos/023/023_0002.mp4|videos/023/023_0013.mp4|videos/023/023_0014.mp4,false,habit_inference,Habit Inference,Level 1: Schema Consolidation,"<023_0002.mp4><023_0013.mp4><023_0014.mp4>After turning left from the dormitory, what is the photographer's usual route at the first crossroads?",A.Go straight,B.Turn back,C.Turn right,D.Turn left,D,ev_11|ev_12|ev_61|ev_62|ev_65|ev_66,road_1|dormitory_1,The photographer turned left at the first intersection after leaving the dormitory in three videos.,worker_12,2026-02-16,accepted,global_json_list
egomonth_qa_001375,023,023,023_0014,023/023_0014.mp4,videos/023/023_0014.mp4,false,route_reasoning,Route Reasoning,Level 3: Cascading Reasoning,<023_0014.mp4>How to get to Burger King from the dormitory?,A.Turn left after going out of the dormitory -> Turn left at the first intersection -> Go straight through the second intersection -> Turn right at the T-junction -> Go straight at the second T-junction. -> Turn left at the third T-junction. -> Pass by canteen_1 and canteen_2. -> Arrive at Burger King,B.Turn left after going out of the dormitory -> Turn left at the first intersection -> Turn right at the second intersection -> Go straight through the third intersection -> Turn left to go down stairs to reach Burger King,C.Turn left after going out of the dormitory -> Turn right at the first intersection -> Go straight through the second intersection -> Turn right at the T-junction -> Pass by canteen_1 and canteen_2. -> Go straight at the second T-junction. -> Turn right at the third T-junction. -> Arrive at Burger King,D.Turn left after going out of the dormitory -> Turn left at the first intersection -> Go straight through the second intersection -> Turn right at the T-junction -> Turn left at the second T-junction. -> Turn left at the third T-junction. -> Pass by canteen_1 and canteen_2. -> Arrive at Burger King,A,ev_65|ev_66|ev_67|ev_68|ev_69|ev_70|ev_71|ev_72,road_1|dormitory_1|canteen_1|canteen_2|burger_king_1,"The photographer turned left at the first intersection after leaving the dormitory, then go straight through the second intersection, turned right at the T-junction next, and then go straight through the second T-junction, finally turned left at the third T-junction and passed by canteen_1 and canteen_2 to reach Burger King.",worker_12,2026-02-16,accepted,global_json_list
egomonth_qa_001376,023,023,023_0015,023/023_0015.mp4,videos/023/023_0015.mp4,false,procedure_planning,Procedure Planning,Level 3: Cascading Reasoning,<023_0015.mp4>What are the steps for washing socks?,A.Soak the socks in water -> Apply soap to the socks -> Wash the socks with water -> Rub the socks -> Wring out the socks -> Hang the socks up to dry,B.Soak the socks in water -> Apply soap to the socks -> Rub the socks -> Wash the socks with water -> Wring out the socks -> Hang the socks up to dry,C.Apply soap to the socks -> Soak the socks in water -> Wash the socks with water -> Rub the socks -> Wring out the socks -> Hang the socks up to dry,D.Apply soap to the socks -> Soak the socks in water -> Rub the socks -> Wring out the socks -> Wash the socks with water -> Hang the socks up to dry,B,ev_73|ev_74|ev_75|ev_76|ev_77|ev_78,,"The photographer firstly soaked the socks in water, then applied soap to the socks, next rubbed the socks, after that washed the socks with water, then wringed out the socks, and finally hung the socks up to dry.",worker_12,2026-02-17,accepted,global_json_list
egomonth_qa_001377,023,023,023_0015,023/023_0001.mp4|023/023_0015.mp4,videos/023/023_0001.mp4|videos/023/023_0015.mp4,false,cross_view_spatial_reasoning,Cross-View Spatial Reasoning,Level 3: Cascading Reasoning,<023_0001.mp4><023_0015.mp4>Which floor of the dormitory is the bedroom on?,A.The second floor,B.The fifth floor,C.The sixth floor,D.The seventh floor,C,ev_01,dormitory_1|bedroom_1,The photographer was in the bedroom on the sixth floor because he went down five floors to go out of the dormitory.,worker_12,2026-02-17,accepted,global_json_list
egomonth_qa_001378,023,023,023_0016,023/023_0016.mp4,videos/023/023_0016.mp4,false,self_localization,Self-Localization,Level 2: Episodic Indexing,<023_0016.mp4>Which room of the dormitory was the photographer in at the 01:12 of the video?,A.bedroom,B.balcony,C.bathroom,D.dormitory,B,,dormitory_1|bedroom_1|balcony_1|bathroom_1,The photographer was in the balcony at 01:12 of the video.,worker_12,2026-02-17,accepted,global_json_list
egomonth_qa_001379,023,023,023_0018,023/023_0017.mp4|023/023_0018.mp4,videos/023/023_0017.mp4|videos/023/023_0018.mp4,false,object_counting_global,Object Counting,Level 3: Cascading Reasoning,<023_0017.mp4><023_0018.mp4>How many people are in the photographer's group?,A.8,B.7,C.3,D.5,D,,,The photographer's group consists of 5 people.,worker_12,2026-02-20,accepted,global_json_list
egomonth_qa_001380,023,023,023_0019,023/023_0019.mp4,videos/023/023_0019.mp4,false,temporal_ordering,Temporal Ordering,Level 2: Episodic Indexing,<023_0019.mp4>What did the photographer do after running on the playground immediately?,A.Waiting for the playground to open,B.Walk from the playground to the dormitory,C.Rest and chat on the phone,D.None,C,ev_81|ev_82|ev_83|ev_84,playground_1,The photographer ran on the playground and then rested and chatted on the phone.,worker_12,2026-02-20,accepted,global_json_list
egomonth_qa_001381,023,023,023_0019,023/023_0019.mp4,videos/023/023_0019.mp4,false,direction_judgement,Direction Judgment,Level 3: Cascading Reasoning,<023_0019.mp4>Which direction did the photographer turn after leaving the playground?,A.Turn left,B.Turn right,C.Go straight,D.Turn back,A,ev_85|ev_86,playground_1,"The photographer left the playground and climbed a few stairs, then turned left.",worker_12,2026-02-20,accepted,global_json_list
egomonth_qa_001382,023,023,023_0020,023/023_0020.mp4,videos/023/023_0020.mp4,false,object_counting_global,Object Counting,Level 3: Cascading Reasoning,<023_0020.mp4>How many rooms are there in the dormitory?,A.1,B.4,C.2,D.3,D,,dormitory_1|bedroom_1|balcony_1|bathroom_1,"The dormitory has 3 rooms: bedroom, balcony, and bathroom.",worker_12,2026-02-21,accepted,global_json_list
egomonth_qa_001383,023,023,023_0020,023/023_0020.mp4,videos/023/023_0020.mp4,false,self_localization,Self-Localization,Level 2: Episodic Indexing,<023_0020.mp4>Where is the photographer at 11:50 in the video?,A.canteen_1,B.dormitory,C.canteen_3,D.canteen_2,D,,dormitory_1|canteen_1|canteen_2|canteen_3,The photographer is at canteen_2 at 11:50 in the video.,worker_12,2026-02-21,accepted,global_json_list
egomonth_qa_001384,023,023,023_0021,023/023_0021.mp4,videos/023/023_0021.mp4,false,event_counting,Event Counting,Level 3: Cascading Reasoning,<023_0021.mp4>How many laps did the photographer roughly run on the playground?,A.1.5 lap,B.2 laps,C.3.5 laps,D.4 laps,C,ev_88,playground_1,The photographer ran on the playground for 3.5 laps.,worker_12,2026-02-21,accepted,global_json_list
egomonth_qa_001385,023,023,023_0022,023/023_0022.mp4,videos/023/023_0022.mp4,false,detail_retrieval,Detail Retrieval,Level 2: Episodic Indexing,<023_0022.mp4>What color is the trash can that appears at the beginning of the video?,A.Green,B.Blue,C.Red,D.Black,B,,bedroom_1|0022_obj_trash_can_01,The trash can that appears at the beginning of the video is blue.,worker_12,2026-02-21,accepted,global_json_list
egomonth_qa_001386,023,023,023_0022,023/023_0022.mp4,videos/023/023_0022.mp4,false,route_reasoning,Route Reasoning,Level 3: Cascading Reasoning,<023_0022.mp4>How to walk from the dormitory to the teaching_building_2?,A.Turn left after going out of the dormitory -> Turn left at the first intersection -> Go straight through the second intersection -> Turn right at the T-junction -> Turn left to enter the teaching_building_2,B.Turn right after going out of the dormitory -> Turn left at the first intersection -> Turn right at the second intersection -> Turn left at the T-junction -> Turn left to enter the teaching_building_2,C.Turn left after going out of the dormitory -> Turn left at the first intersection -> Turn left at the T-junction -> Go straight through the second intersection -> Turn left to enter the teaching_building_2,D.Turn right after going out of the dormitory -> Turn left at the first intersection -> Go straight through the second intersection -> Turn right at the T-junction -> Turn right to enter the teaching_building_2,A,ev_89|ev_90|ev_91|ev_92,road_1|dormitory_1|teaching_building_2,"The photographer turned left after going out of the dormitory, then turned left at the first intersection, and went straight through the second intersection, then turned right at the T-junction, and finally turned left to enter the teaching_building_2.",worker_12,2026-02-21,accepted,global_json_list
egomonth_qa_001387,023,023,023_0022,023/023_0022.mp4,videos/023/023_0022.mp4,false,direction_judgement,Direction Judgment,Level 3: Cascading Reasoning,<023_0022.mp4>Which direction did the photographer turn at the intersection in the teaching_building_2?,A.Turn left,B.Turn right,C.Go straight,D.Turn back,A,ev_93|ev_94,teaching_building_2,The photographer turned left at the intersection in the teaching_building_2.,worker_12,2026-02-21,accepted,global_json_list
egomonth_qa_001388,023,023,023_0023,023/023_0023.mp4,videos/023/023_0023.mp4,false,cross_view_spatial_reasoning,Cross-View Spatial Reasoning,Level 3: Cascading Reasoning,<023_0023.mp4>Which floor is the classroom on?,A.The 1st floor,B.The 2nd floor,C.The 3rd floor,D.None,B,ev_95|ev_96|ev_98,teaching_building_2|classroom_tb1_1,The classroom in this video is on the 2nd floor because the photographer only went up one floor.,worker_12,2026-02-21,accepted,global_json_list
egomonth_qa_001389,023,023,023_0024,023/023_0024.mp4,videos/023/023_0024.mp4,false,object_location,Object Location,Level 2: Episodic Indexing,<023_0024.mp4>Where is the food delivery shelf located?,A.Canteen,B.Teaching building,C.Laboratory,D.Dormitory,D,,dormitory_1|0024_obj_shelf4delivery_01,The shelf used for food delivery is located at the entrance of the dormitory.,worker_12,2026-02-21,accepted,global_json_list
egomonth_qa_001390,023,023,023_0025,023/023_0025.mp4,videos/023/023_0025.mp4,false,event_time,Event Time,Level 2: Episodic Indexing,<023_0025.mp4>When did photographers start washing his hands in the video?,A.06:36,B.03:43,C.00:30,D.00:19,A,ev_103,,The photographers start washing his hands at 06:36 of the video.,worker_12,2026-02-21,accepted,global_json_list
egomonth_qa_001391,023,023,023_0025,023/023_0025.mp4,videos/023/023_0025.mp4,false,temporal_ordering,Temporal Ordering,Level 2: Episodic Indexing,<023_0025.mp4>What did the photographer do after eating the banana?,A.Peel the banana,B.Blow his nose,C.Break off a banana from a bunch of bananas.,D.Wash hands,B,ev_99|ev_100|ev_101|ev_102|ev_103,,"The photographers firstly broke off a banana from a bunch of bananas, the peeled the banana and ate it, after that he blew his nose.",worker_12,2026-02-21,accepted,global_json_list
egomonth_qa_001392,023,023,023_0026,023/023_0026.mp4,videos/023/023_0026.mp4,false,route_reasoning,Route Reasoning,Level 3: Cascading Reasoning,<023_0026.mp4>How to get to canteen_1 from dormitory?,A.Turn left after going out of the dormitory -> Turn right at the first intersection -> Go straight through the second intersection -> Turn left at the T-junction -> Turn left at the second T-junction. -> Turn left at the third T-junction. -> Turn right and go downstairs to enter the canteen_1.,B.Turn left after going out of the dormitory -> Turn right at the first intersection -> Turn right through the second intersection -> Turn right at the T-junction -> Turn left at the second T-junction. -> Go through at the third T-junction. -> Turn right and go downstairs to enter the canteen_1.,C.Turn left after going out of the dormitory -> Turn left at the first intersection -> Turn right through the second intersection -> Turn left at the T-junction -> Go straight at the second T-junction. -> Go through at the third T-junction. -> Turn right and go upstairs to enter the canteen_1.,D.Turn left after going out of the dormitory -> Turn left at the first intersection -> Go straight through the second intersection -> Turn right at the T-junction -> Go straight at the second T-junction. -> Turn left at the third T-junction. -> Turn right and go upstairs to enter the canteen_1.,D,ev_104|ev_105|ev_106|ev_107|ev_108|ev_109|ev_110,dormitory_1|canteen_1|canteen_3,"In this video, the photographer turned left at the first intersection after leaving the dormitory, then go straight through the second intersection, turned right at the T-junction next, and then go straight through the second T-junction, finally turned left at the third T-junction and turn right and go downstairs to enter the canteen_3. But the canteen_1 is on the floor above canteen_3, so you need to go upstairs",worker_12,2026-02-22,accepted,global_json_list
egomonth_qa_001393,023,023,023_0027,023/023_0027.mp4,videos/023/023_0027.mp4,false,self_localization,Self-Localization,Level 2: Episodic Indexing,<023_0027.mp4>Where was the photographer at 00:30 of the video?,A.Classroom,B.Laboratory,C.Dormitory,D.Canteen,A,,classroom_tb1_1,The photographer was in a classroom at 00:30 of the video.,worker_12,2026-02-23,accepted,global_json_list
egomonth_qa_001394,023,023,023_0028,023/023_0028.mp4,videos/023/023_0028.mp4,false,procedure_planning,Procedure Planning,Level 3: Cascading Reasoning,<023_0028.mp4>How to dry clothes?,A.Hang the clothes on a hanger. -> Take out a piece of clothing from the washing machine. -> Hang clothes on the balcony with a clothesline.,B.Take out a piece of clothing from the washing machine. -> Hang clothes on the balcony with a clothesline. -> Hang the clothes on a hanger.,C.Take out a piece of clothing from the washing machine. -> Hang the clothes on a hanger. -> Hang clothes on the balcony with a clothesline.,D.Hang clothes on the balcony with a clothesline. -> Hang the clothes on a hanger. -> Take out a piece of clothing from the washing machine.,C,ev_111|ev_112|ev_113,balcony_1,"The photographer firstly take out a piece of clothing from the washing machine, then hang the clothes on a hanger, and finally use a clothesline to hang clothes on the balcony.",worker_12,2026-02-23,accepted,global_json_list
egomonth_qa_001395,023,023,023_0028,023/023_0028.mp4,videos/023/023_0028.mp4,false,event_counting,Event Counting,Level 3: Cascading Reasoning,<023_0028.mp4>How many times did the photographer hang up their clothes?,A.3,B.4,C.5,D.6,B,ev_111|ev_112|ev_113|ev_114|ev_115|ev_116|ev_117|ev_118|ev_119|ev_120|ev_121|ev_122|ev_123|ev_124|ev_125,balcony_1|0028_obj_clothes_01|0028_obj_clothes_02|0028_obj_clothes_03|0028_obj_clothes_04|0028_obj_clothesline_01|0028_obj_towel_01,"The photographer hung the clothes for four times, and hung a towel once.",worker_12,2026-02-23,accepted,global_json_list
egomonth_qa_001396,023,023,023_0029,023/023_0029.mp4,videos/023/023_0029.mp4,false,detail_retrieval,Detail Retrieval,Level 2: Episodic Indexing,<023_0029.mp4>What color of clothing is the person running past the photographer at 6:01 in the video?,A.Blue,B.Green,C.Black,D.Red,A,,,The person who runs past the photographer at 6:01 in the video wears a blue clothing.,worker_12,2026-02-23,accepted,global_json_list
egomonth_qa_001397,023,023,023_0030,023/023_0030.mp4,videos/023/023_0030.mp4,false,direction_judgement,Direction Judgment,Level 3: Cascading Reasoning,<023_0030.mp4>How to pass through the second intersection?,A.Just turn left.,B.Turn left to cross the road.,"C.Turn left to cross the road, then turn right to cross another road.","D.Turn right to cross the road, then turn left to cross another road.",D,ev_126|ev_127|ev_128|ev_129|ev_130|ev_131|ev_132,road_4,"The photographer first turn right to cross the road, then turn left to cross another road to cross the second intersection.",worker_12,2026-02-24,accepted,global_json_list
egomonth_qa_001398,023,023,023_0031,023/023_0031.mp4,videos/023/023_0031.mp4,false,object_location,Object Location,Level 2: Episodic Indexing,<023_0031.mp4>Where is the water dispenser in this video?,A.Teaching building,B.Canteen,C.Dormitory,D.Laboratory,C,ev_133|ev_134,dormitory_1|0031_obj_water_dispenser_01,"The photographer turned left after exiting the bedroom door and reach the water dispenser, so it is in the dormitory.",worker_12,2026-02-24,accepted,global_json_list
egomonth_qa_001399,023,023,023_0031,023/023_0031.mp4,videos/023/023_0031.mp4,false,self_localization,Self-Localization,Level 2: Episodic Indexing,<023_0031.mp4>Where is the photographer at 11:55 in this video?,A.Supermarket,B.Canteen,C.Laboratory,D.Dormitory,A,,supermarket_1,The photographer was in the supermarket at 11:55.,worker_12,2026-02-24,accepted,global_json_list
egomonth_qa_001400,023,023,023_0032,023/023_0032.mp4,videos/023/023_0032.mp4,false,object_counting_global,Object Counting,Level 3: Cascading Reasoning,<023_0032.mp4>How many doors are there on the right side of the corridor from the staircase on the first floor to the entrance of the dormitory?,A.9,B.11,C.8,D.10,D,,dormitory_1,There are 10 doors on the right side of the corridor from the staircase on the first floor to the entrance of the dormitory.,worker_12,2026-02-24,accepted,global_json_list
egomonth_qa_001401,023,023,023_0032,023/023_0032.mp4,videos/023/023_0032.mp4,false,route_reasoning,Route Reasoning,Level 3: Cascading Reasoning,<023_0032.mp4>How to get to the public electric vehicle parking area form dormitory?,A.Turn right after going out of the dormitory -> Turn right at the first intersection -> Turn left at the second intersection,B.Turn left after going out of the dormitory -> Turn right at the first intersection -> Turn right at the second intersection,C.Turn left after going out of the dormitory -> Turn left at the first intersection -> Turn right at the second intersection,D.Turn right after going out of the dormitory -> Turn left at the first intersection -> Turn left at the second intersection,B,ev_135|ev_136|ev_137,dormitory_1|public_electric_vehicle_parking_area_1,"The photographer turned left after going out of the dormitory, then turned right at the first intersection, next turned right at the second intersection to reach the public electric vehicle parking area.",worker_12,2026-02-24,accepted,global_json_list
egomonth_qa_001402,023,023,023_0033,023/023_0033.mp4,videos/023/023_0033.mp4,false,temporal_ordering,Temporal Ordering,Level 2: Episodic Indexing,<023_0033.mp4>What did the photographer do before having the meal?,A.Leave the dormitory.,B.Go to canteen.,C.Wash hands.,D.Walk to the teaching building.,C,ev_138|ev_139|ev_140|ev_141|ev_142,dormitory_1|canteen_2|teaching_building_1,The photographer wash hands before the breakfast.,worker_12,2026-02-24,accepted,global_json_list
egomonth_qa_001403,023,023,023_0034,023/023_0034.mp4,videos/023/023_0034.mp4,false,spatial_relation,Spatial Relation,Level 2: Episodic Indexing,<023_0034.mp4>Where is the desk lamp be placed relative to the laptop?,A.On the left side of the laptop,B.On the back of the laptop computer,C.On the front of the laptop computer,D.On the right side of the laptop,D,,0001_obj_laptop_01|0034_obj_lamp_01,The desk lamp is on the right side of the laptop.,worker_12,2026-02-24,accepted,global_json_list
egomonth_qa_001404,023,023,023_0035,023/023_0035.mp4,videos/023/023_0035.mp4,false,direction_judgement,Direction Judgment,Level 3: Cascading Reasoning,"<023_0035.mp4>If you want to go to the canteen_6, how do you make the turn at the intersection where the canteen_5 is located?",A.Turn left,B.Go straight,C.Turn right,D.Turn back,C,ev_144|ev_145|ev_146|ev_147|ev_148|ev_149|ev_150|ev_151,canteen_5|canteen_6,The photographer turned right at the intersection where the canteen_5 located in this video.,worker_12,2026-02-24,accepted,global_json_list
egomonth_qa_001405,023,023,023_0036,023/023_0036.mp4,videos/023/023_0036.mp4,false,route_reasoning,Route Reasoning,Level 3: Cascading Reasoning,<023_0036.mp4>How to ride from the canteen to the stadium in this video?,A.Turn left at the first intersection -> Turn right at the second intersection -> Keep riding along this road -> Ride cross the bridge -> Turn left after crossing the bridge -> Reach the stadium,B.Turn left at the first intersection -> Turn left at the second intersection -> Ride cross the bridge -> Turn left after crossing the bridge -> Keep riding along this road -> Reach the stadium,C.Turn left at the first intersection -> Turn right at the second intersection -> Keep riding along this road -> Ride cross the bridge -> Turn left after crossing the bridge -> Reach the stadium,D.Turn right at the first intersection -> Turn left at the second intersection -> Ride cross the bridge -> Turn right after crossing the bridge -> Keep riding along this road -> Reach the stadium,A,ev_153|ev_154|ev_155|ev_156|ev_157|ev_158|ev_159,canteen_5|stadium_1|bridge_2,"The photographer turned left at the first intersection, then turn right at the second intersection, then keep riding along this road, and ride cross the bridge and turn left after crossing the bridge, finally reach the stadium.",worker_12,2026-02-25,accepted,global_json_list
egomonth_qa_001406,023,023,023_0037,023/023_0037.mp4,videos/023/023_0037.mp4,false,object_location,Object Location,Level 2: Episodic Indexing,<023_0037.mp4>Where is the self-service vending machine?,A.dormitory,B.canteen_2,C.teaching building,D.Laboratory,A,,dormitory_1|0037_obj_vending_machine_01,"The self-service vending machine is located on the first floor of the dormitory, facing the dormitory entrance.",worker_12,2026-02-25,accepted,global_json_list
egomonth_qa_001407,023,023,023_0037,023/023_0037.mp4,videos/023/023_0037.mp4,false,detail_retrieval,Detail Retrieval,Level 2: Episodic Indexing,<023_0037.mp4>What color is the drink the photographer bought?,A.red,B.blue,C.yellow,D.orange,D,,0037_obj_drink_01,The drink photographer bought was orange.,worker_12,2026-02-25,accepted,global_json_list
egomonth_qa_001408,023,023,023_0038,023/023_0038.mp4,videos/023/023_0038.mp4,false,cross_view_spatial_reasoning,Cross-View Spatial Reasoning,Level 3: Cascading Reasoning,<023_0038.mp4>Which floor is the classroom on?,A.The 1st floor,B.The 2nd floor,C.The 3rd floor,D.The 4th floor,B,ev_160|ev_162|ev_163,teaching_building_2|classroom_tb2_1,"After going out of the classroom, the photographer went down just one floor then went out of the teaching building, thus the classroom is on the second floor.",worker_12,2026-02-26,accepted,global_json_list
egomonth_qa_001409,023,023,023_0038,023/023_0038.mp4,videos/023/023_0038.mp4,false,event_time,Event Time,Level 2: Episodic Indexing,<023_0038.mp4>When did the photographer go shopping in the supermarket in the video?,A.01:48-06:40,B.00:33-00:52,C.06:40-08:49,D.16:50-18:05,C,ev_162|ev_164|ev_165,,The photographer shopped in supermarket between 06:40 and 08:49 in the video.,worker_12,2026-02-26,accepted,global_json_list
egomonth_qa_001410,023,023,023_0039,023/023_0039.mp4,videos/023/023_0039.mp4,false,detail_retrieval,Detail Retrieval,Level 2: Episodic Indexing,<023_0039.mp4>What is the brand of the backpack?,A.Dickies,B.National Geographic,C.Swiss,D.Adidas,C,,0039_obj_backpack_01,The brand on the shoulder strap of the backpack is Swiss.,worker_12,2026-02-26,accepted,global_json_list
egomonth_qa_001411,023,023,023_0039,023/023_0039.mp4,videos/023/023_0039.mp4,false,detail_retrieval,Detail Retrieval,Level 2: Episodic Indexing,<023_0039.mp4>What is the brand of the backpack?,A.Dickies,B.National Geographic,C.Swiss,D.Adidas,C,,0039_obj_backpack_01,The brand on the shoulder strap of the backpack is Swiss.,worker_12,2026-02-26,accepted,global_json_list
egomonth_qa_001412,023,023,023_0039,023/023_0039.mp4,videos/023/023_0039.mp4,false,direction_judgement,Direction Judgment,Level 3: Cascading Reasoning,<023_0039.mp4>Which way did the photographer turn after leaving the canteen?,A.Turn right,B.Turn left,C.Go straight,D.None,A,ev_169,canteen_2,The photographer turned right after leaving the canteen.,worker_12,2026-02-26,accepted,global_json_list
egomonth_qa_001413,023,023,023_0040,023/023_0040.mp4,videos/023/023_0040.mp4,false,event_time,Event Time,Level 2: Episodic Indexing,<023_0040.mp4>When did the photographer tie the shoelaces?,A.00:52-01:01,B.01:33-01:46,C.02:01-02-10,D.02:01-02-10,A,ev_170,,The photographer tied the shoelaces at 00:52-01:01 in the video.,worker_12,2026-02-27,accepted,global_json_list
egomonth_qa_001414,023,023,023_0041,023/023_0041.mp4,videos/023/023_0041.mp4,false,event_counting,Event Counting,Level 3: Cascading Reasoning,<023_0041.mp4>How many things were taken out from the bag in Burger King?,A.2,B.3,C.4,D.5,D,ev_173|ev_174|ev_175|ev_176|ev_177,0041_obj_potato_chips_01|0041_obj_potato_chips_02|0041_obj_tissue_01|0041_obj_burger_01|0041_obj_ketchup_01,"The photographer firstly took out a box of potato chips, then took out another box of potato chips, then took out tissues, then a burger and finally the ketchup.",worker_12,2026-02-27,accepted,global_json_list
egomonth_qa_001415,023,023,023_0042,023/023_0042.mp4,videos/023/023_0042.mp4,false,spatial_relation,Spatial Relation,Level 2: Episodic Indexing,<023_0042.mp4>What is the location relationship between canteen_2 and supermarket?,A.The two are far apart.,B.The two are right next to each other.,C.The two are facing each other across the road.,D.The two are in an up-down relationship.,B,,supermarket_1|canteen_2,The canteen_2 and the supermarket are next to each other.,worker_12,2026-02-27,accepted,global_json_list
egomonth_qa_001416,023,023,023_0043,023/023_0043.mp4,videos/023/023_0043.mp4,false,object_counting_global,Object Counting,Level 3: Cascading Reasoning,<023_0043.mp4>How many red signboards are there on the first floor under the corridor bridge of the teaching building?,A.5,B.6,C.7,D.8,B,,teaching_building_1|0043_obj_signboards_01,There are 6 red signboards on the first floor under the corridor bridge of the teaching building.,worker_12,2026-02-27,accepted,global_json_list
egomonth_qa_001417,023,023,023_0044,023/023_0044.mp4,videos/023/023_0044.mp4,false,self_localization,Self-Localization,Level 2: Episodic Indexing,<023_0044.mp4>Where was the photographer at 21:39 in the video?,A.teaching building,B.canteen,C.laboratory,D.Burger King,B,,canteen_2,The photographer was in a canteen at 21:39,worker_12,2026-02-28,accepted,global_json_list
egomonth_qa_001418,023,023,023_0045,023/023_0045.mp4,videos/023/023_0045.mp4,false,detail_retrieval,Detail Retrieval,Level 2: Episodic Indexing,<023_0045.mp4>What color is the water bottle carried by the person walking ahead in his backpack between 04:23-04:45?,A.white,B.black,C.yellow,D.pink,A,,,The water bottle carried by the person walking ahead in his backpack is white.,worker_12,2026-02-28,accepted,global_json_list
egomonth_qa_001419,023,023,023_0045,023/023_0045.mp4,videos/023/023_0045.mp4,false,temporal_ordering,Temporal Ordering,Level 2: Episodic Indexing,<023_0045.mp4>Where did the photographer go after leaving the canteen?,A.teaching building,B.dormitory,C.supermarket,D.canteen_1,C,ev_181|ev_182,,He left the canteen and enter the supermarket.,worker_12,2026-02-28,accepted,global_json_list
egomonth_qa_001420,023,023,023_0046,023/023_0046.mp4,videos/023/023_0046.mp4,false,object_location,Object Location,Level 2: Episodic Indexing,<023_0046.mp4>Where is the mop placed?,A.bedroom,B.balcony,C.bathroom,D.None,B,,balcony_1|0046_obj_mop_01,The mop is placed in the balcony next to the sink.,worker_12,2026-02-28,accepted,global_json_list
egomonth_qa_001421,023,023,023_0046,023/023_0046.mp4,videos/023/023_0046.mp4,false,procedure_planning,Procedure Planning,Level 3: Cascading Reasoning,<023_0046.mp4>What are the steps for the photographer to clean the dormitory?,A.Clean up the garbage -> Sweep the floor -> Put the garbage outside the bedroom door -> Wash the mop -> Mop the bedroom floor -> Wash the mop again -> Mop the balcony floor -> Wash the mop again -> Clean the bathroom -> Go downstairs and throw the garbage away,B.Clean up the garbage -> Put the garbage outside the bedroom door -> Sweep the floor -> Wash the mop -> Mop the balcony floor -> Wash the mop again -> Mop the bedroom floor -> Wash the mop again -> Clean the bathroom -> Go downstairs and throw the garbage away,C.Clean up the garbage -> Sweep the floor -> Put the garbage outside the bedroom door -> Go downstairs and throw the garbage away -> Wash the mop -> Mop the bedroom floor -> Wash the mop again -> Mop the balcony floor -> Wash the mop again -> Clean the bathroom,D.Clean up the garbage -> Sweep the floor -> Clean the bathroom -> Put the garbage outside the bedroom door -> Wash the mop -> Mop the balcony floor -> Wash the mop again -> Mop the bedroom floor -> Wash the mop again -> Go downstairs and throw the garbage away,A,ev_183|ev_184|ev_185|ev_186|ev_187|ev_188|ev_189|ev_190|ev_191|ev_192,,"The photographer cleaned up the garbage at first, then swept the floor, and put the garbage outside the bedroom door. After that he washed the mop and mopped the bedroom floor, then washed the mop again and mopped the balcony floor, then washed the mop for the last time. After mopping he cleaned the bathroom, and finally went downstairs and threw the garbage away",worker_12,2026-02-28,accepted,global_json_list
egomonth_qa_001422,023,023,023_0047,023/023_0047.mp4,videos/023/023_0047.mp4,false,spatial_relation,Spatial Relation,Level 2: Episodic Indexing,"<023_0047.mp4>At 03:56 of the video, where is the blue signboard  relative to the red sign on the opposite side of the road?",A.The blue signboard is below the red signboard,B.The blue signboard is above the red signboard,C.The blue signboard is to the right of the red signboard,D.The blue signboard is to the left of the red signboard.,D,,0047_obj_blue_signboard_01|0047_obj_red_signboard_01,The blue signboard is to the left of the red signboard.,worker_12,2026-02-28,accepted,global_json_list
egomonth_qa_001423,023,023,023_0048,023/023_0048.mp4,videos/023/023_0048.mp4,false,spatial_relation,Spatial Relation,Level 2: Episodic Indexing,<023_0048.mp4>What color is the photographer's cap?,A.White,B.Black,C.Red,D.Blue,A,,,The photographer wears a white cap in the mirror at the beginning of the video.,worker_12,2026-02-28,accepted,global_json_list
egomonth_qa_001424,023,023,023_0048,023/023_0048.mp4,videos/023/023_0048.mp4,false,cross_view_spatial_reasoning,Cross-View Spatial Reasoning,Level 3: Cascading Reasoning,<023_0048.mp4>Which floor is the classroom located on at the end of the video?,A.1st,B.2nd,C.3rd,D.4th,C,,teaching_building_1|classroom_tb1_2,The classroom is on the third floor because the photographer went up two floors from the first floor and then turned right to reach the classroom.,worker_12,2026-02-28,accepted,global_json_list
egomonth_qa_001425,023,023,023_0049,023/023_0049.mp4,videos/023/023_0049.mp4,false,direction_judgement,Direction Judgment,Level 3: Cascading Reasoning,<023_0049.mp4>Which direction did the photographer take when approaching the forked road?,A.Left,B.Right,C.None,D.None,B,,park_1,The photographer turned right at the forked road,worker_12,2026-03-01,accepted,global_json_list
egomonth_qa_001426,023,023,023_0050,023/023_0050.mp4,videos/023/023_0050.mp4,false,self_localization,Self-Localization,Level 2: Episodic Indexing,<023_0050.mp4>Where is the photographer at 08:22 in the video?,A.classroom,B.laboratory,C.bedroom,D.canteen,A,,classroom_tb2_2,The photographer was in a classroom at 08:22 in the video.,worker_12,2026-03-01,accepted,global_json_list
egomonth_qa_001427,023,023,023_0047,023/023_0007.mp4|023/023_0039.mp4|023/023_0044.mp4|023/023_0047.mp4,videos/023/023_0007.mp4|videos/023/023_0039.mp4|videos/023/023_0044.mp4|videos/023/023_0047.mp4,false,habit_inference,Habit Inference,Level 1: Schema Consolidation,<023_0007.mp4><023_0039.mp4><023_0044.mp4><023_0047.mp4>What does the photographer usually drink while having a meal?,A.water,B.milk,C.soy milk,D.coke,C,ev_41|ev_168|ev_180|ev_194,,The photographer usually drink soy milk when having a meal.,worker_12,2026-03-01,accepted,global_json_list
egomonth_qa_001428,023,023,023_0047,023/023_0035.mp4|023/023_0037.mp4|023/023_0039.mp4|023/023_0041.mp4|023/023_0042.mp4|023/023_0044.mp4|023/023_0047.mp4,videos/023/023_0035.mp4|videos/023/023_0037.mp4|videos/023/023_0039.mp4|videos/023/023_0041.mp4|videos/023/023_0042.mp4|videos/023/023_0044.mp4|videos/023/023_0047.mp4,false,habit_inference,Habit Inference,Level 1: Schema Consolidation,<023_0035.mp4><023_0037.mp4><023_0039.mp4><023_0041.mp4><023_0042.mp4><023_0044.mp4><023_0047.mp4>What does the photographer usually do when going down the stairs in the dormitory?,A.Just walking,B.Watching the phone,C.Reading a book,D.Chat with partners,B,ev_143|ev_161|ev_166|ev_171|ev_178|ev_179|ev_193,dormitory_1,The photographer usually watching the phone while going down the stairs in dormitory.,worker_12,2026-03-01,accepted,global_json_list
egomonth_qa_001429,024,024,024_0001,024/024_0001.mp4,videos/024/024_0001.mp4,false,object_counting_global,Object Counting,Level 3: Cascading Reasoning,<024_0001.mp4>How many steamed buns did this person eat for breakfast,A.1,B.2,C.3,D.4,B,ev_05,0001_obj_steamedstuffedbun_01,This person ordered two steamed buns,worker_10,2025-12-21T20:00:00,accepted,global_json_list
egomonth_qa_001430,024,024,024_0001,024/024_0001.mp4,videos/024/024_0001.mp4,false,self_localization,Self-Localization,Level 2: Episodic Indexing,<024_0001.mp4>At what point in the video was this person in the canteen,A.00:59,B.07:14,C.12:32,D.19:14,B,,,This person was in the canteen at 07:14,worker_10,2025-12-21T20:15:00,accepted,global_json_list
egomonth_qa_001431,024,024,024_0001,024/024_0001.mp4,videos/024/024_0001.mp4,false,temporal_ordering,Temporal Ordering,Level 2: Episodic Indexing,<024_0001.mp4> What is this person doing after getting coffee,A.Riding an electric bike,B.Listening to music,C.Chatting with others,D.Browse TikTok,A,ev_06|ev_07,0001_obj_ebike_01,The person took the coffee and rode away on his bike,worker_10,2025-12-22T10:00:00,accepted,global_json_list
egomonth_qa_001432,024,024,024_0003,024/024_0003.mp4,videos/024/024_0003.mp4,false,object_location,Object Location,Level 2: Episodic Indexing,<024_0003.mp4> Where is the laptop placed in this video,A.On the left of the ipad,B.Behind the mouse,C.Behind the keyboard,D.On the right of the ipad,C,,0003_obj_mechanicalkeyboard_01|0003_obj_laptop_01|0003_obj_ipad_01|0003_obj_mouse_01,The laptop is behind the keyboard,worker_10,2025-12-22T10:00:00,accepted,global_json_list
egomonth_qa_001433,024,024,024_0001,024/024_0001.mp4,videos/024/024_0001.mp4,false,event_time,Event Time,Level 2: Episodic Indexing,<024_0001.mp4> When did this person first ride an electric bike,A.00:21,B.02:03,C.04:36,D.05:14,B,ev_02,0001_obj_ebike_01,This person rode an electric bike for the first time at 02:03,worker_10,2025-12-23T22:30:00,accepted,global_json_list
egomonth_qa_001434,024,024,024_0001,024/024_0001.mp4,videos/024/024_0001.mp4,false,event_counting,Event Counting,Level 3: Cascading Reasoning,<024_0001.mp4>How many times did this person ride the electric bike in the first video,A.0,B.1,C.2,D.3,C,ev_02|ev_07,0001_obj_ebike_01,This person rode an electric bike twice in the first video.,worker_10,2025-12-23T22:30:00,accepted,global_json_list
egomonth_qa_001435,024,024,024_0004,024/024_0004.mp4,videos/024/024_0004.mp4,false,object_location,Object Location,Level 2: Episodic Indexing,<024_0004.mp4> Where is the pancake placed in this video,A.On the left of the grid shelf,B.Behind the stand,C.Behind the action camera,D.On the right of the laptop,B,,0003_obj_laptop_01|0003_obj_actioncamera_01|0004_obj_stand_01|0004_obj_pancake_01|0004_obj_gridshelf_01,The pencake was placed behind the stand,worker_10,2025-12-24T10:30:00,accepted,global_json_list
egomonth_qa_001436,024,024,024_0001,024/024_0001.mp4,videos/024/024_0001.mp4,false,procedure_planning,Procedure Planning,Level 3: Cascading Reasoning,<024_0001.mp4>Which order is correct,A.Eat breakfast->Stand in line->Coding,B.Eat breakfast->Get coffee->Stand in line,C.Get coffee->Eat breakfast->Stand in line,D.Stand in line->Eat breakfast->Get coffee,D,ev_03|ev_05|ev_06,,"The whole process involved first standing in line,having breakfast, and then getting coffee",worker_10,2025-12-24T11:00:00,accepted,global_json_list
egomonth_qa_001437,024,024,024_0002,024/024_0002.mp4,videos/024/024_0002.mp4,false,self_localization,Self-Localization,Level 2: Episodic Indexing,"<024_0002.mp4>At the very beginning of the video, where is this person",A.washroom,B.library,C.classroom,D.dormitory,D,,,The desk at the beginning of the video is decorated in a dormitory style,worker_10,2025-12-24T11:00:00,accepted,global_json_list
egomonth_qa_001438,024,024,024_0001,024/024_0001.mp4,videos/024/024_0001.mp4,false,personality_inference,Personality Inference,Level 1: Schema Consolidation,<024_0001.mp4>What major might this person be studying,A.Computer Science,B.Business Administration,C.Clinical Medicine,D.British Literature,A,ev_09|ev_10,0001_obj_ipad_01|0001_obj_keyboard_01|0001_obj_mouse_01|0003_obj_mechanicalkeyboard_01|0003_obj_laptop_01|0003_obj_ipad_01|0003_obj_mouse_01|0003_obj_stylus_01,"The teacher was explaining the LSM algorithm in class, and this person was writing code. Furthermore, this person was watching convolution tutorial videos in their dorm room",worker_10,2025-12-24T11:00:00,accepted,global_json_list
egomonth_qa_001439,024,024,024_0001,024/024_0001.mp4,videos/024/024_0001.mp4,false,personality_inference,Personality Inference,Level 1: Schema Consolidation,<024_0001.mp4>Does this person like to use phone,A.This person never lets his phone out of his hand,B.This person can't help but check their phone frequently,C.This person only uses phone when necessary,D.This person never uses phone.,C,,,"This person didn't use cellphone while eating or studying, only when handling tasks.",worker_10,2025-12-24T11:00:00,accepted,global_json_list
egomonth_qa_001440,024,024,024_0006,024/024_0006.mp4,videos/024/024_0006.mp4,false,temporal_ordering,Temporal Ordering,Level 2: Episodic Indexing,<024_0006.mp4>What is the woman in the China Post Courier Station doing,A.Sweep the floor of courier station,B.Find her own package,C.Scrolling through TikTok,D.Receive express delivery from this person,D,ev_21,0006_obj_parcel_02,This person handed the black package to the female staff member inside,worker_10,2025-12-24T11:00:00,accepted,global_json_list
egomonth_qa_001441,024,024,024_0002,024/024_0002.mp4,videos/024/024_0002.mp4,false,detail_retrieval,Detail Retrieval,Level 2: Episodic Indexing,<024_0002.mp4>What is this person's iPad username,A.zhaotianci,B.liuzhigang,C.wangzehao,D.zhoujiacheng,D,,0001_obj_ipad_01,"At 01:02, the iPad displayed zhoujiacheng",worker_10,2025-12-24T11:00:00,accepted,global_json_list
egomonth_qa_001442,024,024,024_0002,024/024_0002.mp4,videos/024/024_0002.mp4,false,detail_retrieval,Detail Retrieval,Level 2: Episodic Indexing,<024_0002.mp4>What software did this person use for programming,A.vscode,B.trae,C.cursor,D.pycharm,A,,0001_obj_ipad_01|0001_obj_keyboard_01|0001_obj_mouse_01,"At 12:14, this person clicked on vscode",worker_10,2025-12-24T11:00:00,accepted,global_json_list
egomonth_qa_001443,024,024,024_0001,024/024_0001.mp4,videos/024/024_0001.mp4,false,detail_retrieval,Detail Retrieval,Level 2: Episodic Indexing,<024_0001.mp4>What brand of coffee did this person drink,A.Starbucks,B.Luckin Coffee,C.Cotti Coffee,D.Manner Coffee,C,ev_06,,The coffee shop sign reads Cotti Coffee,worker_10,2025-12-24T11:00:00,accepted,global_json_list
